topicId,topicTitle,unit,objective,file,sheet,id,col,text,row,rowEnd,ref,timePlan,timeActual,sourceNote,planMonths,linksTo
1.1,กระบวนการการกำกับดูแลกิจการที่ดี การบริหารความเสี่ยง และการปฏิบัติตามกฎเกณฑ์ (GRC : Governance Risk Management and Compliance),กองบริหารความเสี่ยง,เพื่อบูรณาการการกำกับดูแลกิจการที่ดี การบริหารความเสี่ยง และการปฏิบัติตามกฎเกณฑ์อย่างมีประสิทธิภาพ เพื่อสนับสนุนการดำเนินงานขององค์กร ให้โปร่งใส มีประสิทธิภาพ และบรรลุเป้าหมายอย่างยั่งยืน,Sipoc (SE-AM ข้อ 1.1).xlsx,1. As-is  และ To-be Process,1.1-S01,S,ฝยศ./กบค.,12,13,กล่องข้อความ คอลัมน์ C (แถว 12–13),,,,,
1.1,กระบวนการการกำกับดูแลกิจการที่ดี การบริหารความเสี่ยง และการปฏิบัติตามกฎเกณฑ์ (GRC : Governance Risk Management and Compliance),กองบริหารความเสี่ยง,เพื่อบูรณาการการกำกับดูแลกิจการที่ดี การบริหารความเสี่ยง และการปฏิบัติตามกฎเกณฑ์อย่างมีประสิทธิภาพ เพื่อสนับสนุนการดำเนินงานขององค์กร ให้โปร่งใส มีประสิทธิภาพ และบรรลุเป้าหมายอย่างยั่งยืน,Sipoc (SE-AM ข้อ 1.1).xlsx,1. As-is  และ To-be Process,1.1-S02,S,ฝยศ./กบค.,19,20,กล่องข้อความ คอลัมน์ C (แถว 19–20),,,,,
1.1,กระบวนการการกำกับดูแลกิจการที่ดี การบริหารความเสี่ยง และการปฏิบัติตามกฎเกณฑ์ (GRC : Governance Risk Management and Compliance),กองบริหารความเสี่ยง,เพื่อบูรณาการการกำกับดูแลกิจการที่ดี การบริหารความเสี่ยง และการปฏิบัติตามกฎเกณฑ์อย่างมีประสิทธิภาพ เพื่อสนับสนุนการดำเนินงานขององค์กร ให้โปร่งใส มีประสิทธิภาพ และบรรลุเป้าหมายอย่างยั่งยืน,Sipoc (SE-AM ข้อ 1.1).xlsx,1. As-is  และ To-be Process,1.1-S03,S,ฝยศ./กบค.,44,46,กล่องข้อความ คอลัมน์ C (แถว 44–46),,,,,
1.1,กระบวนการการกำกับดูแลกิจการที่ดี การบริหารความเสี่ยง และการปฏิบัติตามกฎเกณฑ์ (GRC : Governance Risk Management and Compliance),กองบริหารความเสี่ยง,เพื่อบูรณาการการกำกับดูแลกิจการที่ดี การบริหารความเสี่ยง และการปฏิบัติตามกฎเกณฑ์อย่างมีประสิทธิภาพ เพื่อสนับสนุนการดำเนินงานขององค์กร ให้โปร่งใส มีประสิทธิภาพ และบรรลุเป้าหมายอย่างยั่งยืน,Sipoc (SE-AM ข้อ 1.1).xlsx,1. As-is  และ To-be Process,1.1-S04,S,ฝยศ./กบค.,47,47,กล่องข้อความ คอลัมน์ C (แถว 47),,,,,
1.1,กระบวนการการกำกับดูแลกิจการที่ดี การบริหารความเสี่ยง และการปฏิบัติตามกฎเกณฑ์ (GRC : Governance Risk Management and Compliance),กองบริหารความเสี่ยง,เพื่อบูรณาการการกำกับดูแลกิจการที่ดี การบริหารความเสี่ยง และการปฏิบัติตามกฎเกณฑ์อย่างมีประสิทธิภาพ เพื่อสนับสนุนการดำเนินงานขององค์กร ให้โปร่งใส มีประสิทธิภาพ และบรรลุเป้าหมายอย่างยั่งยืน,Sipoc (SE-AM ข้อ 1.1).xlsx,1. As-is  และ To-be Process,1.1-I01,I,"- นโยบายปีที่ผ่านมา
- วัตถุประสงค์ขององค์กร
- คู่มือ SE-AM
- แผนปฏิบัติการ GRC",12,18,กล่องข้อความ คอลัมน์ D (แถว 12–18),,,,,
1.1,กระบวนการการกำกับดูแลกิจการที่ดี การบริหารความเสี่ยง และการปฏิบัติตามกฎเกณฑ์ (GRC : Governance Risk Management and Compliance),กองบริหารความเสี่ยง,เพื่อบูรณาการการกำกับดูแลกิจการที่ดี การบริหารความเสี่ยง และการปฏิบัติตามกฎเกณฑ์อย่างมีประสิทธิภาพ เพื่อสนับสนุนการดำเนินงานขององค์กร ให้โปร่งใส มีประสิทธิภาพ และบรรลุเป้าหมายอย่างยั่งยืน,Sipoc (SE-AM ข้อ 1.1).xlsx,1. As-is  และ To-be Process,1.1-I02,I,- ร่างนโยบาย GRC,19,21,กล่องข้อความ คอลัมน์ D (แถว 19–21),,,,,
1.1,กระบวนการการกำกับดูแลกิจการที่ดี การบริหารความเสี่ยง และการปฏิบัติตามกฎเกณฑ์ (GRC : Governance Risk Management and Compliance),กองบริหารความเสี่ยง,เพื่อบูรณาการการกำกับดูแลกิจการที่ดี การบริหารความเสี่ยง และการปฏิบัติตามกฎเกณฑ์อย่างมีประสิทธิภาพ เพื่อสนับสนุนการดำเนินงานขององค์กร ให้โปร่งใส มีประสิทธิภาพ และบรรลุเป้าหมายอย่างยั่งยืน,Sipoc (SE-AM ข้อ 1.1).xlsx,1. As-is  และ To-be Process,1.1-I03,I,นโยบายฉบับสมบูรณ์,44,47,กล่องข้อความ คอลัมน์ D (แถว 44–47),,,,,
1.1,กระบวนการการกำกับดูแลกิจการที่ดี การบริหารความเสี่ยง และการปฏิบัติตามกฎเกณฑ์ (GRC : Governance Risk Management and Compliance),กองบริหารความเสี่ยง,เพื่อบูรณาการการกำกับดูแลกิจการที่ดี การบริหารความเสี่ยง และการปฏิบัติตามกฎเกณฑ์อย่างมีประสิทธิภาพ เพื่อสนับสนุนการดำเนินงานขององค์กร ให้โปร่งใส มีประสิทธิภาพ และบรรลุเป้าหมายอย่างยั่งยืน,Sipoc (SE-AM ข้อ 1.1).xlsx,1. As-is  และ To-be Process,1.1-I04,I,นโยบายฉบับสมบูรณ์,47,47,กล่องข้อความ คอลัมน์ D (แถว 47),,,,,
1.1,กระบวนการการกำกับดูแลกิจการที่ดี การบริหารความเสี่ยง และการปฏิบัติตามกฎเกณฑ์ (GRC : Governance Risk Management and Compliance),กองบริหารความเสี่ยง,เพื่อบูรณาการการกำกับดูแลกิจการที่ดี การบริหารความเสี่ยง และการปฏิบัติตามกฎเกณฑ์อย่างมีประสิทธิภาพ เพื่อสนับสนุนการดำเนินงานขององค์กร ให้โปร่งใส มีประสิทธิภาพ และบรรลุเป้าหมายอย่างยั่งยืน,Sipoc (SE-AM ข้อ 1.1).xlsx,1. As-is  และ To-be Process,1.1-P01,P,1. รวบรวม/ทบทวนข้อมูล เพื่อนำมาจัดทำร่างนโยบาย GRC,12,14,กล่องข้อความ คอลัมน์ E (แถว 12–14),ส.ค.,ส.ค.,,10,
1.1,กระบวนการการกำกับดูแลกิจการที่ดี การบริหารความเสี่ยง และการปฏิบัติตามกฎเกณฑ์ (GRC : Governance Risk Management and Compliance),กองบริหารความเสี่ยง,เพื่อบูรณาการการกำกับดูแลกิจการที่ดี การบริหารความเสี่ยง และการปฏิบัติตามกฎเกณฑ์อย่างมีประสิทธิภาพ เพื่อสนับสนุนการดำเนินงานขององค์กร ให้โปร่งใส มีประสิทธิภาพ และบรรลุเป้าหมายอย่างยั่งยืน,Sipoc (SE-AM ข้อ 1.1).xlsx,1. As-is  และ To-be Process,1.1-P02,P,2. เสนอคณะทำงานการกำกับดูแลกิจการที่ดี การบริหารความเสี่ยง และการปฏิบัติตามกฎเกณฑ์ (GRC),15,23,กล่องข้อความ คอลัมน์ E (แถว 15–23),"ต.ค.
ก.ย.","ต.ค.
ก.ย.",,0|11,
1.1,กระบวนการการกำกับดูแลกิจการที่ดี การบริหารความเสี่ยง และการปฏิบัติตามกฎเกณฑ์ (GRC : Governance Risk Management and Compliance),กองบริหารความเสี่ยง,เพื่อบูรณาการการกำกับดูแลกิจการที่ดี การบริหารความเสี่ยง และการปฏิบัติตามกฎเกณฑ์อย่างมีประสิทธิภาพ เพื่อสนับสนุนการดำเนินงานขององค์กร ให้โปร่งใส มีประสิทธิภาพ และบรรลุเป้าหมายอย่างยั่งยืน,Sipoc (SE-AM ข้อ 1.1).xlsx,1. As-is  และ To-be Process,1.1-P03,P,"5. คณะอนุกรรมการ (RMC)
คณะอนุกรรมการ (CG)",26,34,กล่องข้อความ คอลัมน์ E (แถว 26–34),ก.ย.,ก.ย.,,11,
1.1,กระบวนการการกำกับดูแลกิจการที่ดี การบริหารความเสี่ยง และการปฏิบัติตามกฎเกณฑ์ (GRC : Governance Risk Management and Compliance),กองบริหารความเสี่ยง,เพื่อบูรณาการการกำกับดูแลกิจการที่ดี การบริหารความเสี่ยง และการปฏิบัติตามกฎเกณฑ์อย่างมีประสิทธิภาพ เพื่อสนับสนุนการดำเนินงานขององค์กร ให้โปร่งใส มีประสิทธิภาพ และบรรลุเป้าหมายอย่างยั่งยืน,Sipoc (SE-AM ข้อ 1.1).xlsx,1. As-is  และ To-be Process,1.1-P04,P,5. คณะกรรมการกยท.,36,41,กล่องข้อความ คอลัมน์ E (แถว 36–41),ก.ย. - ธ.ค.,ธ.ค.,,0|1|2|11,
1.1,กระบวนการการกำกับดูแลกิจการที่ดี การบริหารความเสี่ยง และการปฏิบัติตามกฎเกณฑ์ (GRC : Governance Risk Management and Compliance),กองบริหารความเสี่ยง,เพื่อบูรณาการการกำกับดูแลกิจการที่ดี การบริหารความเสี่ยง และการปฏิบัติตามกฎเกณฑ์อย่างมีประสิทธิภาพ เพื่อสนับสนุนการดำเนินงานขององค์กร ให้โปร่งใส มีประสิทธิภาพ และบรรลุเป้าหมายอย่างยั่งยืน,Sipoc (SE-AM ข้อ 1.1).xlsx,1. As-is  และ To-be Process,1.1-P05,P,เผยแพร่นโยบาย GRC,44,45,กล่องข้อความ คอลัมน์ E (แถว 44–45),,,,,
1.1,กระบวนการการกำกับดูแลกิจการที่ดี การบริหารความเสี่ยง และการปฏิบัติตามกฎเกณฑ์ (GRC : Governance Risk Management and Compliance),กองบริหารความเสี่ยง,เพื่อบูรณาการการกำกับดูแลกิจการที่ดี การบริหารความเสี่ยง และการปฏิบัติตามกฎเกณฑ์อย่างมีประสิทธิภาพ เพื่อสนับสนุนการดำเนินงานขององค์กร ให้โปร่งใส มีประสิทธิภาพ และบรรลุเป้าหมายอย่างยั่งยืน,Sipoc (SE-AM ข้อ 1.1).xlsx,1. As-is  และ To-be Process,1.1-P06,P,สำรวจการรับรู้นโยบาย GRC,47,47,กล่องข้อความ คอลัมน์ E (แถว 47),,,,,
1.1,กระบวนการการกำกับดูแลกิจการที่ดี การบริหารความเสี่ยง และการปฏิบัติตามกฎเกณฑ์ (GRC : Governance Risk Management and Compliance),กองบริหารความเสี่ยง,เพื่อบูรณาการการกำกับดูแลกิจการที่ดี การบริหารความเสี่ยง และการปฏิบัติตามกฎเกณฑ์อย่างมีประสิทธิภาพ เพื่อสนับสนุนการดำเนินงานขององค์กร ให้โปร่งใส มีประสิทธิภาพ และบรรลุเป้าหมายอย่างยั่งยืน,Sipoc (SE-AM ข้อ 1.1).xlsx,1. As-is  และ To-be Process,1.1-P07,P,นำเข้าที่ประชุมคณะอนุกรรมการ RMC เพื่อทราบ,47,47,กล่องข้อความ คอลัมน์ E (แถว 47),,,,,
1.1,กระบวนการการกำกับดูแลกิจการที่ดี การบริหารความเสี่ยง และการปฏิบัติตามกฎเกณฑ์ (GRC : Governance Risk Management and Compliance),กองบริหารความเสี่ยง,เพื่อบูรณาการการกำกับดูแลกิจการที่ดี การบริหารความเสี่ยง และการปฏิบัติตามกฎเกณฑ์อย่างมีประสิทธิภาพ เพื่อสนับสนุนการดำเนินงานขององค์กร ให้โปร่งใส มีประสิทธิภาพ และบรรลุเป้าหมายอย่างยั่งยืน,Sipoc (SE-AM ข้อ 1.1).xlsx,1. As-is  และ To-be Process,1.1-O01,O,นโยบาย GRC,12,15,กล่องข้อความ คอลัมน์ F (แถว 12–15),,,,,
1.1,กระบวนการการกำกับดูแลกิจการที่ดี การบริหารความเสี่ยง และการปฏิบัติตามกฎเกณฑ์ (GRC : Governance Risk Management and Compliance),กองบริหารความเสี่ยง,เพื่อบูรณาการการกำกับดูแลกิจการที่ดี การบริหารความเสี่ยง และการปฏิบัติตามกฎเกณฑ์อย่างมีประสิทธิภาพ เพื่อสนับสนุนการดำเนินงานขององค์กร ให้โปร่งใส มีประสิทธิภาพ และบรรลุเป้าหมายอย่างยั่งยืน,Sipoc (SE-AM ข้อ 1.1).xlsx,1. As-is  และ To-be Process,1.1-O02,O,- มติคณะทำงาน GRC,18,20,กล่องข้อความ คอลัมน์ F (แถว 18–20),,,,,
1.1,กระบวนการการกำกับดูแลกิจการที่ดี การบริหารความเสี่ยง และการปฏิบัติตามกฎเกณฑ์ (GRC : Governance Risk Management and Compliance),กองบริหารความเสี่ยง,เพื่อบูรณาการการกำกับดูแลกิจการที่ดี การบริหารความเสี่ยง และการปฏิบัติตามกฎเกณฑ์อย่างมีประสิทธิภาพ เพื่อสนับสนุนการดำเนินงานขององค์กร ให้โปร่งใส มีประสิทธิภาพ และบรรลุเป้าหมายอย่างยั่งยืน,Sipoc (SE-AM ข้อ 1.1).xlsx,1. As-is  และ To-be Process,1.1-O03,O,"- มติคณะอนุกรรมการ
(RMC)
- มติคณะอนุกรรมการ (CG)
(RMC)",27,33,กล่องข้อความ คอลัมน์ F (แถว 27–33),,,,,
1.1,กระบวนการการกำกับดูแลกิจการที่ดี การบริหารความเสี่ยง และการปฏิบัติตามกฎเกณฑ์ (GRC : Governance Risk Management and Compliance),กองบริหารความเสี่ยง,เพื่อบูรณาการการกำกับดูแลกิจการที่ดี การบริหารความเสี่ยง และการปฏิบัติตามกฎเกณฑ์อย่างมีประสิทธิภาพ เพื่อสนับสนุนการดำเนินงานขององค์กร ให้โปร่งใส มีประสิทธิภาพ และบรรลุเป้าหมายอย่างยั่งยืน,Sipoc (SE-AM ข้อ 1.1).xlsx,1. As-is  และ To-be Process,1.1-O04,O,นโยบายฉบับสมบูรณ์,38,40,กล่องข้อความ คอลัมน์ F (แถว 38–40),,,,,
1.1,กระบวนการการกำกับดูแลกิจการที่ดี การบริหารความเสี่ยง และการปฏิบัติตามกฎเกณฑ์ (GRC : Governance Risk Management and Compliance),กองบริหารความเสี่ยง,เพื่อบูรณาการการกำกับดูแลกิจการที่ดี การบริหารความเสี่ยง และการปฏิบัติตามกฎเกณฑ์อย่างมีประสิทธิภาพ เพื่อสนับสนุนการดำเนินงานขององค์กร ให้โปร่งใส มีประสิทธิภาพ และบรรลุเป้าหมายอย่างยั่งยืน,Sipoc (SE-AM ข้อ 1.1).xlsx,1. As-is  และ To-be Process,1.1-O05,O,- ผลสำรวจการรับรู้,47,47,กล่องข้อความ คอลัมน์ F (แถว 47),,,,,
1.1,กระบวนการการกำกับดูแลกิจการที่ดี การบริหารความเสี่ยง และการปฏิบัติตามกฎเกณฑ์ (GRC : Governance Risk Management and Compliance),กองบริหารความเสี่ยง,เพื่อบูรณาการการกำกับดูแลกิจการที่ดี การบริหารความเสี่ยง และการปฏิบัติตามกฎเกณฑ์อย่างมีประสิทธิภาพ เพื่อสนับสนุนการดำเนินงานขององค์กร ให้โปร่งใส มีประสิทธิภาพ และบรรลุเป้าหมายอย่างยั่งยืน,Sipoc (SE-AM ข้อ 1.1).xlsx,1. As-is  และ To-be Process,1.1-C01,C,ส่วนงาน/หน่วยงาน ภายใน กยท.,11,11,เซลล์ G11 (แถว 11),,,,,
1.1,กระบวนการการกำกับดูแลกิจการที่ดี การบริหารความเสี่ยง และการปฏิบัติตามกฎเกณฑ์ (GRC : Governance Risk Management and Compliance),กองบริหารความเสี่ยง,เพื่อบูรณาการการกำกับดูแลกิจการที่ดี การบริหารความเสี่ยง และการปฏิบัติตามกฎเกณฑ์อย่างมีประสิทธิภาพ เพื่อสนับสนุนการดำเนินงานขององค์กร ให้โปร่งใส มีประสิทธิภาพ และบรรลุเป้าหมายอย่างยั่งยืน,Sipoc (SE-AM ข้อ 1.1).xlsx,1. As-is  และ To-be Process,1.1-C02,C,ฝยศ./กบค.,12,14,กล่องข้อความ คอลัมน์ G (แถว 12–14),,,,,
1.1,กระบวนการการกำกับดูแลกิจการที่ดี การบริหารความเสี่ยง และการปฏิบัติตามกฎเกณฑ์ (GRC : Governance Risk Management and Compliance),กองบริหารความเสี่ยง,เพื่อบูรณาการการกำกับดูแลกิจการที่ดี การบริหารความเสี่ยง และการปฏิบัติตามกฎเกณฑ์อย่างมีประสิทธิภาพ เพื่อสนับสนุนการดำเนินงานขององค์กร ให้โปร่งใส มีประสิทธิภาพ และบรรลุเป้าหมายอย่างยั่งยืน,Sipoc (SE-AM ข้อ 1.1).xlsx,1. As-is  และ To-be Process,1.1-C03,C,ฝยศ./กบค.,19,20,กล่องข้อความ คอลัมน์ G (แถว 19–20),,,,,
1.1,กระบวนการการกำกับดูแลกิจการที่ดี การบริหารความเสี่ยง และการปฏิบัติตามกฎเกณฑ์ (GRC : Governance Risk Management and Compliance),กองบริหารความเสี่ยง,เพื่อบูรณาการการกำกับดูแลกิจการที่ดี การบริหารความเสี่ยง และการปฏิบัติตามกฎเกณฑ์อย่างมีประสิทธิภาพ เพื่อสนับสนุนการดำเนินงานขององค์กร ให้โปร่งใส มีประสิทธิภาพ และบรรลุเป้าหมายอย่างยั่งยืน,Sipoc (SE-AM ข้อ 1.1).xlsx,1. As-is  และ To-be Process,1.1-C04,C,ฝยศ./กบค.,29,30,กล่องข้อความ คอลัมน์ G (แถว 29–30),,,,,
1.1,กระบวนการการกำกับดูแลกิจการที่ดี การบริหารความเสี่ยง และการปฏิบัติตามกฎเกณฑ์ (GRC : Governance Risk Management and Compliance),กองบริหารความเสี่ยง,เพื่อบูรณาการการกำกับดูแลกิจการที่ดี การบริหารความเสี่ยง และการปฏิบัติตามกฎเกณฑ์อย่างมีประสิทธิภาพ เพื่อสนับสนุนการดำเนินงานขององค์กร ให้โปร่งใส มีประสิทธิภาพ และบรรลุเป้าหมายอย่างยั่งยืน,Sipoc (SE-AM ข้อ 1.1).xlsx,1. As-is  และ To-be Process,1.1-C05,C,ฝยศ./กบค.,38,39,กล่องข้อความ คอลัมน์ G (แถว 38–39),,,,,
1.1,กระบวนการการกำกับดูแลกิจการที่ดี การบริหารความเสี่ยง และการปฏิบัติตามกฎเกณฑ์ (GRC : Governance Risk Management and Compliance),กองบริหารความเสี่ยง,เพื่อบูรณาการการกำกับดูแลกิจการที่ดี การบริหารความเสี่ยง และการปฏิบัติตามกฎเกณฑ์อย่างมีประสิทธิภาพ เพื่อสนับสนุนการดำเนินงานขององค์กร ให้โปร่งใส มีประสิทธิภาพ และบรรลุเป้าหมายอย่างยั่งยืน,Sipoc (SE-AM ข้อ 1.1).xlsx,1. As-is  และ To-be Process,1.1-C06,C,ฝยศ./กบค.,47,47,กล่องข้อความ คอลัมน์ G (แถว 47),,,,,
1.2,โครงสร้างและบทบาทหน้าที่,กองบริหารความเสี่ยง,เพื่อกำหนดโครงสร้างและบทบาทหน้าที่ของคณะทำงาน/คณะอนุกรรม ชุดต่างๆ,Sipoc (SE-AM ข้อ 1.2).xlsx,1. As-is  และ To-be Process,1.2-S01,S,คณะกรรมการ กยท. / ผู้บริหาร / หน่วยงานกำกับดูแล,11,16,กล่องข้อความ คอลัมน์ C (แถว 11–16),,,,,
1.2,โครงสร้างและบทบาทหน้าที่,กองบริหารความเสี่ยง,เพื่อกำหนดโครงสร้างและบทบาทหน้าที่ของคณะทำงาน/คณะอนุกรรม ชุดต่างๆ,Sipoc (SE-AM ข้อ 1.2).xlsx,1. As-is  และ To-be Process,1.2-S02,S,ฝ่ายทรัพยากรมนุษย์,19,22,กล่องข้อความ คอลัมน์ C (แถว 19–22),,,,,
1.2,โครงสร้างและบทบาทหน้าที่,กองบริหารความเสี่ยง,เพื่อกำหนดโครงสร้างและบทบาทหน้าที่ของคณะทำงาน/คณะอนุกรรม ชุดต่างๆ,Sipoc (SE-AM ข้อ 1.2).xlsx,1. As-is  และ To-be Process,1.2-S03,S,ฝยศ./กบค. / ฝ่ายทรัพยากรมนุษย์/ หน่วยงานที่เกี่ยวข้อง,25,30,กล่องข้อความ คอลัมน์ C (แถว 25–30),,,,,
1.2,โครงสร้างและบทบาทหน้าที่,กองบริหารความเสี่ยง,เพื่อกำหนดโครงสร้างและบทบาทหน้าที่ของคณะทำงาน/คณะอนุกรรม ชุดต่างๆ,Sipoc (SE-AM ข้อ 1.2).xlsx,1. As-is  และ To-be Process,1.2-S04,S,ฝยศ./กบค.,31,32,กล่องข้อความ คอลัมน์ C (แถว 31–32),,,,,
1.2,โครงสร้างและบทบาทหน้าที่,กองบริหารความเสี่ยง,เพื่อกำหนดโครงสร้างและบทบาทหน้าที่ของคณะทำงาน/คณะอนุกรรม ชุดต่างๆ,Sipoc (SE-AM ข้อ 1.2).xlsx,1. As-is  และ To-be Process,1.2-S05,S,"ฝยศ./กบค.
ฝทม./กอล.",38,40,กล่องข้อความ คอลัมน์ C (แถว 38–40),,,,,
1.2,โครงสร้างและบทบาทหน้าที่,กองบริหารความเสี่ยง,เพื่อกำหนดโครงสร้างและบทบาทหน้าที่ของคณะทำงาน/คณะอนุกรรม ชุดต่างๆ,Sipoc (SE-AM ข้อ 1.2).xlsx,1. As-is  และ To-be Process,1.2-S06,S,ฝยศ./กบค.,45,46,กล่องข้อความ คอลัมน์ C (แถว 45–46),,,,,
1.2,โครงสร้างและบทบาทหน้าที่,กองบริหารความเสี่ยง,เพื่อกำหนดโครงสร้างและบทบาทหน้าที่ของคณะทำงาน/คณะอนุกรรม ชุดต่างๆ,Sipoc (SE-AM ข้อ 1.2).xlsx,1. As-is  และ To-be Process,1.2-S07,S,ฝยศ./กบค.,47,47,กล่องข้อความ คอลัมน์ C (แถว 47),,,,,
1.2,โครงสร้างและบทบาทหน้าที่,กองบริหารความเสี่ยง,เพื่อกำหนดโครงสร้างและบทบาทหน้าที่ของคณะทำงาน/คณะอนุกรรม ชุดต่างๆ,Sipoc (SE-AM ข้อ 1.2).xlsx,1. As-is  และ To-be Process,1.2-S08,S,ฝยศ./กบค.,49,50,กล่องข้อความ คอลัมน์ C (แถว 49–50),,,,,
1.2,โครงสร้างและบทบาทหน้าที่,กองบริหารความเสี่ยง,เพื่อกำหนดโครงสร้างและบทบาทหน้าที่ของคณะทำงาน/คณะอนุกรรม ชุดต่างๆ,Sipoc (SE-AM ข้อ 1.2).xlsx,1. As-is  และ To-be Process,1.2-S09,S,ฝยศ./กบค.,55,56,กล่องข้อความ คอลัมน์ C (แถว 55–56),,,,,
1.2,โครงสร้างและบทบาทหน้าที่,กองบริหารความเสี่ยง,เพื่อกำหนดโครงสร้างและบทบาทหน้าที่ของคณะทำงาน/คณะอนุกรรม ชุดต่างๆ,Sipoc (SE-AM ข้อ 1.2).xlsx,1. As-is  และ To-be Process,1.2-S10,S,ฝยศ./กบค.,62,63,กล่องข้อความ คอลัมน์ C (แถว 62–63),,,,,
1.2,โครงสร้างและบทบาทหน้าที่,กองบริหารความเสี่ยง,เพื่อกำหนดโครงสร้างและบทบาทหน้าที่ของคณะทำงาน/คณะอนุกรรม ชุดต่างๆ,Sipoc (SE-AM ข้อ 1.2).xlsx,1. As-is  และ To-be Process,1.2-I01,I,นโยบายองค์กร หลักเกณฑ์ SE-AM กฎหมาย ระเบียบ,11,18,กล่องข้อความ คอลัมน์ D (แถว 11–18),,,,,
1.2,โครงสร้างและบทบาทหน้าที่,กองบริหารความเสี่ยง,เพื่อกำหนดโครงสร้างและบทบาทหน้าที่ของคณะทำงาน/คณะอนุกรรม ชุดต่างๆ,Sipoc (SE-AM ข้อ 1.2).xlsx,1. As-is  และ To-be Process,1.2-I02,I,โครงสร้างองค์กร ภารกิจ อำนาจหน้าที่ JD คำสั่งแต่งตั้ง และข้อมูลผู้รับผิดชอบเดิม,19,24,กล่องข้อความ คอลัมน์ D (แถว 19–24),,,,,
1.2,โครงสร้างและบทบาทหน้าที่,กองบริหารความเสี่ยง,เพื่อกำหนดโครงสร้างและบทบาทหน้าที่ของคณะทำงาน/คณะอนุกรรม ชุดต่างๆ,Sipoc (SE-AM ข้อ 1.2).xlsx,1. As-is  และ To-be Process,1.2-I03,I,ผลการวิเคราะห์โครงสร้าง ภารกิจ และข้อกำหนด,25,29,กล่องข้อความ คอลัมน์ D (แถว 25–29),,,,,
1.2,โครงสร้างและบทบาทหน้าที่,กองบริหารความเสี่ยง,เพื่อกำหนดโครงสร้างและบทบาทหน้าที่ของคณะทำงาน/คณะอนุกรรม ชุดต่างๆ,Sipoc (SE-AM ข้อ 1.2).xlsx,1. As-is  และ To-be Process,1.2-I04,I,โครงสร้างคณะทำงาน/คณะอนุกรรมการต่างๆที่กำหนด และภารกิจของแต่ละหน่วยงาน,31,36,กล่องข้อความ คอลัมน์ D (แถว 31–36),,,,,
1.2,โครงสร้างและบทบาทหน้าที่,กองบริหารความเสี่ยง,เพื่อกำหนดโครงสร้างและบทบาทหน้าที่ของคณะทำงาน/คณะอนุกรรม ชุดต่างๆ,Sipoc (SE-AM ข้อ 1.2).xlsx,1. As-is  และ To-be Process,1.2-I05,I,โครงสร้างและบทบาทหน้าที่ที่กำหนด,38,43,กล่องข้อความ คอลัมน์ D (แถว 38–43),,,,,
1.2,โครงสร้างและบทบาทหน้าที่,กองบริหารความเสี่ยง,เพื่อกำหนดโครงสร้างและบทบาทหน้าที่ของคณะทำงาน/คณะอนุกรรม ชุดต่างๆ,Sipoc (SE-AM ข้อ 1.2).xlsx,1. As-is  และ To-be Process,1.2-I06,I,คำสั่งแต่งตั้ง,45,47,กล่องข้อความ คอลัมน์ D (แถว 45–47),,,,,
1.2,โครงสร้างและบทบาทหน้าที่,กองบริหารความเสี่ยง,เพื่อกำหนดโครงสร้างและบทบาทหน้าที่ของคณะทำงาน/คณะอนุกรรม ชุดต่างๆ,Sipoc (SE-AM ข้อ 1.2).xlsx,1. As-is  และ To-be Process,1.2-I07,I,คำสั่งแต่งตั้ง,47,47,กล่องข้อความ คอลัมน์ D (แถว 47),,,,,
1.2,โครงสร้างและบทบาทหน้าที่,กองบริหารความเสี่ยง,เพื่อกำหนดโครงสร้างและบทบาทหน้าที่ของคณะทำงาน/คณะอนุกรรม ชุดต่างๆ,Sipoc (SE-AM ข้อ 1.2).xlsx,1. As-is  และ To-be Process,1.2-I08,I,คำสั่งแต่งตั้ง,48,53,กล่องข้อความ คอลัมน์ D (แถว 48–53),,,,,
1.2,โครงสร้างและบทบาทหน้าที่,กองบริหารความเสี่ยง,เพื่อกำหนดโครงสร้างและบทบาทหน้าที่ของคณะทำงาน/คณะอนุกรรม ชุดต่างๆ,Sipoc (SE-AM ข้อ 1.2).xlsx,1. As-is  และ To-be Process,1.2-I09,I,คำสั่งแต่งตั้ง,54,59,กล่องข้อความ คอลัมน์ D (แถว 54–59),,,,,
1.2,โครงสร้างและบทบาทหน้าที่,กองบริหารความเสี่ยง,เพื่อกำหนดโครงสร้างและบทบาทหน้าที่ของคณะทำงาน/คณะอนุกรรม ชุดต่างๆ,Sipoc (SE-AM ข้อ 1.2).xlsx,1. As-is  และ To-be Process,1.2-I10,I,ผลการประเมินประสิทธิผลของกระบวนการ,62,66,กล่องข้อความ คอลัมน์ D (แถว 62–66),,,,,
1.2,โครงสร้างและบทบาทหน้าที่,กองบริหารความเสี่ยง,เพื่อกำหนดโครงสร้างและบทบาทหน้าที่ของคณะทำงาน/คณะอนุกรรม ชุดต่างๆ,Sipoc (SE-AM ข้อ 1.2).xlsx,1. As-is  และ To-be Process,1.2-P01,P,1. รวบรวมและทบทวนนโยบาย หลักเกณฑ์ และข้อกำหนดที่เกี่ยวข้องกับโครงสร้างและบทบาทหน้าที่,11,15,กล่องข้อความ คอลัมน์ E (แถว 11–15),ส.ค.,ส.ค.,,10,
1.2,โครงสร้างและบทบาทหน้าที่,กองบริหารความเสี่ยง,เพื่อกำหนดโครงสร้างและบทบาทหน้าที่ของคณะทำงาน/คณะอนุกรรม ชุดต่างๆ,Sipoc (SE-AM ข้อ 1.2).xlsx,1. As-is  และ To-be Process,1.2-P02,P,2. วิเคราะห์โครงสร้างองค์กร ภารกิจ และผู้รับผิดชอบด้านการบริหารความเสี่ยงและการควบคุมภายใน,17,21,กล่องข้อความ คอลัมน์ E (แถว 17–21),ต.ค.,ต.ค.,,0,
1.2,โครงสร้างและบทบาทหน้าที่,กองบริหารความเสี่ยง,เพื่อกำหนดโครงสร้างและบทบาทหน้าที่ของคณะทำงาน/คณะอนุกรรม ชุดต่างๆ,Sipoc (SE-AM ข้อ 1.2).xlsx,1. As-is  และ To-be Process,1.2-P03,P,3. กำหนด/ทบทวนโครงสร้างการบริหารความเสี่ยงและการควบคุมภายในขององค์กร,24,28,กล่องข้อความ คอลัมน์ E (แถว 24–28),ก.ย.,ก.ย.,,11,
1.2,โครงสร้างและบทบาทหน้าที่,กองบริหารความเสี่ยง,เพื่อกำหนดโครงสร้างและบทบาทหน้าที่ของคณะทำงาน/คณะอนุกรรม ชุดต่างๆ,Sipoc (SE-AM ข้อ 1.2).xlsx,1. As-is  และ To-be Process,1.2-P04,P,4. กำหนดบทบาท หน้าที่ ความรับผิดชอบ อำนาจหน้าที่ และผู้รับผิดชอบด้านการบรหารความเสี่ยงและควบคุมภายใน ในแต่ละระดับ,30,34,กล่องข้อความ คอลัมน์ E (แถว 30–34),ก.ย.,ก.ย.,,11,
1.2,โครงสร้างและบทบาทหน้าที่,กองบริหารความเสี่ยง,เพื่อกำหนดโครงสร้างและบทบาทหน้าที่ของคณะทำงาน/คณะอนุกรรม ชุดต่างๆ,Sipoc (SE-AM ข้อ 1.2).xlsx,1. As-is  และ To-be Process,1.2-P05,P,5. จัดทำ/ทบทวนคำสั่งแต่งตั้ง Job Description,37,41,กล่องข้อความ คอลัมน์ E (แถว 37–41),ก.ย. - ธ.ค.,ธ.ค.,,0|1|2|11,
1.2,โครงสร้างและบทบาทหน้าที่,กองบริหารความเสี่ยง,เพื่อกำหนดโครงสร้างและบทบาทหน้าที่ของคณะทำงาน/คณะอนุกรรม ชุดต่างๆ,Sipoc (SE-AM ข้อ 1.2).xlsx,1. As-is  และ To-be Process,1.2-P06,P,6. นำเข้าที่ประชุมคณะทำงาน/คณะอนุกรรมการ,43,47,กล่องข้อความ คอลัมน์ E (แถว 43–47),,,,,
1.2,โครงสร้างและบทบาทหน้าที่,กองบริหารความเสี่ยง,เพื่อกำหนดโครงสร้างและบทบาทหน้าที่ของคณะทำงาน/คณะอนุกรรม ชุดต่างๆ,Sipoc (SE-AM ข้อ 1.2).xlsx,1. As-is  และ To-be Process,1.2-P07,P,7. เสนอประธานกรรมการเพื่อลงนาม,47,47,กล่องข้อความ คอลัมน์ E (แถว 47),,,,,
1.2,โครงสร้างและบทบาทหน้าที่,กองบริหารความเสี่ยง,เพื่อกำหนดโครงสร้างและบทบาทหน้าที่ของคณะทำงาน/คณะอนุกรรม ชุดต่างๆ,Sipoc (SE-AM ข้อ 1.2).xlsx,1. As-is  และ To-be Process,1.2-P08,P,"8. เผยแพร่คำสั่งแต่งตั้ง
และนำไปใช้งาน",48,51,กล่องข้อความ คอลัมน์ E (แถว 48–51),,,,,
1.2,โครงสร้างและบทบาทหน้าที่,กองบริหารความเสี่ยง,เพื่อกำหนดโครงสร้างและบทบาทหน้าที่ของคณะทำงาน/คณะอนุกรรม ชุดต่างๆ,Sipoc (SE-AM ข้อ 1.2).xlsx,1. As-is  และ To-be Process,1.2-P09,P,9. ประเมินประสิทธิผลของโครงสร้างและบทบาทหน้าที่ รวมทั้งประเมินความรู้ความเข้าใจของผู้เกี่ยวข้อง,54,58,กล่องข้อความ คอลัมน์ E (แถว 54–58),,,,,
1.2,โครงสร้างและบทบาทหน้าที่,กองบริหารความเสี่ยง,เพื่อกำหนดโครงสร้างและบทบาทหน้าที่ของคณะทำงาน/คณะอนุกรรม ชุดต่างๆ,Sipoc (SE-AM ข้อ 1.2).xlsx,1. As-is  และ To-be Process,1.2-P10,P,10. ทบทวนและปรับปรุงโครงสร้าง บทบาทหน้าที่ แผนงาน และคู่มือสำหรับรอบปีถัดไป,61,65,กล่องข้อความ คอลัมน์ E (แถว 61–65),,,,,
1.2,โครงสร้างและบทบาทหน้าที่,กองบริหารความเสี่ยง,เพื่อกำหนดโครงสร้างและบทบาทหน้าที่ของคณะทำงาน/คณะอนุกรรม ชุดต่างๆ,Sipoc (SE-AM ข้อ 1.2).xlsx,1. As-is  และ To-be Process,1.2-O01,O,ข้อมูลและข้อกำหนดที่เกี่ยวข้องกับการกำหนดโครงสร้างและบทบาทหน้าที่,12,16,กล่องข้อความ คอลัมน์ F (แถว 12–16),,,,,
1.2,โครงสร้างและบทบาทหน้าที่,กองบริหารความเสี่ยง,เพื่อกำหนดโครงสร้างและบทบาทหน้าที่ของคณะทำงาน/คณะอนุกรรม ชุดต่างๆ,Sipoc (SE-AM ข้อ 1.2).xlsx,1. As-is  และ To-be Process,1.2-O02,O,ผลการวิเคราะห์โครงสร้าง บทบาท และความรับผิดชอบ รวมทั้ง Gap ที่ต้องปรับปรุง,17,23,กล่องข้อความ คอลัมน์ F (แถว 17–23),,,,,
1.2,โครงสร้างและบทบาทหน้าที่,กองบริหารความเสี่ยง,เพื่อกำหนดโครงสร้างและบทบาทหน้าที่ของคณะทำงาน/คณะอนุกรรม ชุดต่างๆ,Sipoc (SE-AM ข้อ 1.2).xlsx,1. As-is  และ To-be Process,1.2-O03,O,โครงสร้างการกำกับและบริหาร ที่ชัดเจนในแต่ละระดับ,24,30,กล่องข้อความ คอลัมน์ F (แถว 24–30),,,,,
1.2,โครงสร้างและบทบาทหน้าที่,กองบริหารความเสี่ยง,เพื่อกำหนดโครงสร้างและบทบาทหน้าที่ของคณะทำงาน/คณะอนุกรรม ชุดต่างๆ,Sipoc (SE-AM ข้อ 1.2).xlsx,1. As-is  และ To-be Process,1.2-O04,O,บทบาทหน้าที่และความรับผิดชอบของคณะกรรมการ ผู้บริหาร หน่วยงาน Risk Owner / Control Owner และผู้เกี่ยวข้อง,30,37,กล่องข้อความ คอลัมน์ F (แถว 30–37),,,,,
1.2,โครงสร้างและบทบาทหน้าที่,กองบริหารความเสี่ยง,เพื่อกำหนดโครงสร้างและบทบาทหน้าที่ของคณะทำงาน/คณะอนุกรรม ชุดต่างๆ,Sipoc (SE-AM ข้อ 1.2).xlsx,1. As-is  และ To-be Process,1.2-O05,O,คำสั่งแต่งตั้ง,38,40,กล่องข้อความ คอลัมน์ F (แถว 38–40),,,,,
1.2,โครงสร้างและบทบาทหน้าที่,กองบริหารความเสี่ยง,เพื่อกำหนดโครงสร้างและบทบาทหน้าที่ของคณะทำงาน/คณะอนุกรรม ชุดต่างๆ,Sipoc (SE-AM ข้อ 1.2).xlsx,1. As-is  และ To-be Process,1.2-O06,O,มติที่ประชุม,45,47,กล่องข้อความ คอลัมน์ F (แถว 45–47),,,,,
1.2,โครงสร้างและบทบาทหน้าที่,กองบริหารความเสี่ยง,เพื่อกำหนดโครงสร้างและบทบาทหน้าที่ของคณะทำงาน/คณะอนุกรรม ชุดต่างๆ,Sipoc (SE-AM ข้อ 1.2).xlsx,1. As-is  และ To-be Process,1.2-O07,O,คำสั่งแต่งตั้งฉบับสมบูรณ์,47,47,กล่องข้อความ คอลัมน์ F (แถว 47),,,,,
1.2,โครงสร้างและบทบาทหน้าที่,กองบริหารความเสี่ยง,เพื่อกำหนดโครงสร้างและบทบาทหน้าที่ของคณะทำงาน/คณะอนุกรรม ชุดต่างๆ,Sipoc (SE-AM ข้อ 1.2).xlsx,1. As-is  และ To-be Process,1.2-O08,O,คำสั่งแต่งตั้งฉบับสมบูรณ์,48,51,กล่องข้อความ คอลัมน์ F (แถว 48–51),,,,,
1.2,โครงสร้างและบทบาทหน้าที่,กองบริหารความเสี่ยง,เพื่อกำหนดโครงสร้างและบทบาทหน้าที่ของคณะทำงาน/คณะอนุกรรม ชุดต่างๆ,Sipoc (SE-AM ข้อ 1.2).xlsx,1. As-is  และ To-be Process,1.2-O09,O,ผลการประเมินประสิทธิผลของกระบวนการ,54,59,กล่องข้อความ คอลัมน์ F (แถว 54–59),,,,,
1.2,โครงสร้างและบทบาทหน้าที่,กองบริหารความเสี่ยง,เพื่อกำหนดโครงสร้างและบทบาทหน้าที่ของคณะทำงาน/คณะอนุกรรม ชุดต่างๆ,Sipoc (SE-AM ข้อ 1.2).xlsx,1. As-is  และ To-be Process,1.2-O10,O,โครงสร้าง บทบาทหน้าที่ แผนงาน และคู่มือฉบับปรับปรุง,61,66,กล่องข้อความ คอลัมน์ F (แถว 61–66),,,,,
1.2,โครงสร้างและบทบาทหน้าที่,กองบริหารความเสี่ยง,เพื่อกำหนดโครงสร้างและบทบาทหน้าที่ของคณะทำงาน/คณะอนุกรรม ชุดต่างๆ,Sipoc (SE-AM ข้อ 1.2).xlsx,1. As-is  และ To-be Process,1.2-C01,C,ส่วนงาน/หน่วยงาน ภายใน กยท.,11,11,เซลล์ G11 (แถว 11),,,,,
1.2,โครงสร้างและบทบาทหน้าที่,กองบริหารความเสี่ยง,เพื่อกำหนดโครงสร้างและบทบาทหน้าที่ของคณะทำงาน/คณะอนุกรรม ชุดต่างๆ,Sipoc (SE-AM ข้อ 1.2).xlsx,1. As-is  และ To-be Process,1.2-C02,C,ฝยศ./กบค.,12,13,กล่องข้อความ คอลัมน์ G (แถว 12–13),,,,,
1.2,โครงสร้างและบทบาทหน้าที่,กองบริหารความเสี่ยง,เพื่อกำหนดโครงสร้างและบทบาทหน้าที่ของคณะทำงาน/คณะอนุกรรม ชุดต่างๆ,Sipoc (SE-AM ข้อ 1.2).xlsx,1. As-is  และ To-be Process,1.2-C03,C,ฝยศ./กบค.,18,20,กล่องข้อความ คอลัมน์ G (แถว 18–20),,,,,
1.2,โครงสร้างและบทบาทหน้าที่,กองบริหารความเสี่ยง,เพื่อกำหนดโครงสร้างและบทบาทหน้าที่ของคณะทำงาน/คณะอนุกรรม ชุดต่างๆ,Sipoc (SE-AM ข้อ 1.2).xlsx,1. As-is  และ To-be Process,1.2-C04,C,ฝยศ./กบค.,25,26,กล่องข้อความ คอลัมน์ G (แถว 25–26),,,,,
1.2,โครงสร้างและบทบาทหน้าที่,กองบริหารความเสี่ยง,เพื่อกำหนดโครงสร้างและบทบาทหน้าที่ของคณะทำงาน/คณะอนุกรรม ชุดต่างๆ,Sipoc (SE-AM ข้อ 1.2).xlsx,1. As-is  และ To-be Process,1.2-C05,C,ฝยศ./กบค.,31,33,กล่องข้อความ คอลัมน์ G (แถว 31–33),,,,,
1.2,โครงสร้างและบทบาทหน้าที่,กองบริหารความเสี่ยง,เพื่อกำหนดโครงสร้างและบทบาทหน้าที่ของคณะทำงาน/คณะอนุกรรม ชุดต่างๆ,Sipoc (SE-AM ข้อ 1.2).xlsx,1. As-is  และ To-be Process,1.2-C06,C,ฝยศ./กบค.,38,39,กล่องข้อความ คอลัมน์ G (แถว 38–39),,,,,
1.2,โครงสร้างและบทบาทหน้าที่,กองบริหารความเสี่ยง,เพื่อกำหนดโครงสร้างและบทบาทหน้าที่ของคณะทำงาน/คณะอนุกรรม ชุดต่างๆ,Sipoc (SE-AM ข้อ 1.2).xlsx,1. As-is  และ To-be Process,1.2-C07,C,ฝยศ./กบค.,45,47,กล่องข้อความ คอลัมน์ G (แถว 45–47),,,,,
1.2,โครงสร้างและบทบาทหน้าที่,กองบริหารความเสี่ยง,เพื่อกำหนดโครงสร้างและบทบาทหน้าที่ของคณะทำงาน/คณะอนุกรรม ชุดต่างๆ,Sipoc (SE-AM ข้อ 1.2).xlsx,1. As-is  และ To-be Process,1.2-C08,C,ฝยศ./กบค.,47,47,กล่องข้อความ คอลัมน์ G (แถว 47),,,,,
1.2,โครงสร้างและบทบาทหน้าที่,กองบริหารความเสี่ยง,เพื่อกำหนดโครงสร้างและบทบาทหน้าที่ของคณะทำงาน/คณะอนุกรรม ชุดต่างๆ,Sipoc (SE-AM ข้อ 1.2).xlsx,1. As-is  และ To-be Process,1.2-C09,C,ฝยศ./กบค.,48,49,กล่องข้อความ คอลัมน์ G (แถว 48–49),,,,,
1.2,โครงสร้างและบทบาทหน้าที่,กองบริหารความเสี่ยง,เพื่อกำหนดโครงสร้างและบทบาทหน้าที่ของคณะทำงาน/คณะอนุกรรม ชุดต่างๆ,Sipoc (SE-AM ข้อ 1.2).xlsx,1. As-is  และ To-be Process,1.2-C10,C,ฝยศ./กบค.,54,55,กล่องข้อความ คอลัมน์ G (แถว 54–55),,,,,
1.2,โครงสร้างและบทบาทหน้าที่,กองบริหารความเสี่ยง,เพื่อกำหนดโครงสร้างและบทบาทหน้าที่ของคณะทำงาน/คณะอนุกรรม ชุดต่างๆ,Sipoc (SE-AM ข้อ 1.2).xlsx,1. As-is  และ To-be Process,1.2-C11,C,ฝยศ./กบค.,61,63,กล่องข้อความ คอลัมน์ G (แถว 61–63),,,,,
1.3,การจัดทำแผนเสริมสร้างค่านิยมและวัฒนธรรมองค์กร,กองบริหารความเสี่ยง,เพื่อปลูกฝังความโปร่งใสและการรับรู้ถึงความเสี่ยงให้เข้ากับวัฒนธรรมขององค์กร,Sipoc (SE-AM ข้อ 1.3).xlsx,1. As-is  และ To-be Proces (ป),1.3-S01,S,ฝทม.,13,14,กล่องข้อความ คอลัมน์ C (แถว 13–14),,,,,
1.3,การจัดทำแผนเสริมสร้างค่านิยมและวัฒนธรรมองค์กร,กองบริหารความเสี่ยง,เพื่อปลูกฝังความโปร่งใสและการรับรู้ถึงความเสี่ยงให้เข้ากับวัฒนธรรมขององค์กร,Sipoc (SE-AM ข้อ 1.3).xlsx,1. As-is  และ To-be Proces (ป),1.3-S02,S,กบค.,22,23,กล่องข้อความ คอลัมน์ C (แถว 22–23),,,,,
1.3,การจัดทำแผนเสริมสร้างค่านิยมและวัฒนธรรมองค์กร,กองบริหารความเสี่ยง,เพื่อปลูกฝังความโปร่งใสและการรับรู้ถึงความเสี่ยงให้เข้ากับวัฒนธรรมขององค์กร,Sipoc (SE-AM ข้อ 1.3).xlsx,1. As-is  และ To-be Proces (ป),1.3-S03,S,กบค.,36,37,กล่องข้อความ คอลัมน์ C (แถว 36–37),,,,,
1.3,การจัดทำแผนเสริมสร้างค่านิยมและวัฒนธรรมองค์กร,กองบริหารความเสี่ยง,เพื่อปลูกฝังความโปร่งใสและการรับรู้ถึงความเสี่ยงให้เข้ากับวัฒนธรรมขององค์กร,Sipoc (SE-AM ข้อ 1.3).xlsx,1. As-is  และ To-be Proces (ป),1.3-S04,S,กบค.,59,60,กล่องข้อความ คอลัมน์ C (แถว 59–60),,,,,
1.3,การจัดทำแผนเสริมสร้างค่านิยมและวัฒนธรรมองค์กร,กองบริหารความเสี่ยง,เพื่อปลูกฝังความโปร่งใสและการรับรู้ถึงความเสี่ยงให้เข้ากับวัฒนธรรมขององค์กร,Sipoc (SE-AM ข้อ 1.3).xlsx,1. As-is  และ To-be Proces (ป),1.3-S05,S,กบค.,67,68,กล่องข้อความ คอลัมน์ C (แถว 67–68),,,,,
1.3,การจัดทำแผนเสริมสร้างค่านิยมและวัฒนธรรมองค์กร,กองบริหารความเสี่ยง,เพื่อปลูกฝังความโปร่งใสและการรับรู้ถึงความเสี่ยงให้เข้ากับวัฒนธรรมขององค์กร,Sipoc (SE-AM ข้อ 1.3).xlsx,1. As-is  และ To-be Proces (ป),1.3-S06,S,"กบค.
ส่วนงาน/หน่วยงาน",72,76,กล่องข้อความ คอลัมน์ C (แถว 72–76),,,,,
1.3,การจัดทำแผนเสริมสร้างค่านิยมและวัฒนธรรมองค์กร,กองบริหารความเสี่ยง,เพื่อปลูกฝังความโปร่งใสและการรับรู้ถึงความเสี่ยงให้เข้ากับวัฒนธรรมขององค์กร,Sipoc (SE-AM ข้อ 1.3).xlsx,1. As-is  และ To-be Proces (ป),1.3-S07,S,กบค.,87,88,กล่องข้อความ คอลัมน์ C (แถว 87–88),,,,,
1.3,การจัดทำแผนเสริมสร้างค่านิยมและวัฒนธรรมองค์กร,กองบริหารความเสี่ยง,เพื่อปลูกฝังความโปร่งใสและการรับรู้ถึงความเสี่ยงให้เข้ากับวัฒนธรรมขององค์กร,Sipoc (SE-AM ข้อ 1.3).xlsx,1. As-is  และ To-be Proces (ป),1.3-S08,S,กบค.,103,105,กล่องข้อความ คอลัมน์ C (แถว 103–105),,,,,
1.3,การจัดทำแผนเสริมสร้างค่านิยมและวัฒนธรรมองค์กร,กองบริหารความเสี่ยง,เพื่อปลูกฝังความโปร่งใสและการรับรู้ถึงความเสี่ยงให้เข้ากับวัฒนธรรมขององค์กร,Sipoc (SE-AM ข้อ 1.3).xlsx,1. As-is  และ To-be Proces (ป),1.3-S09,S,กบค.,115,117,กล่องข้อความ คอลัมน์ C (แถว 115–117),,,,,
1.3,การจัดทำแผนเสริมสร้างค่านิยมและวัฒนธรรมองค์กร,กองบริหารความเสี่ยง,เพื่อปลูกฝังความโปร่งใสและการรับรู้ถึงความเสี่ยงให้เข้ากับวัฒนธรรมขององค์กร,Sipoc (SE-AM ข้อ 1.3).xlsx,1. As-is  และ To-be Proces (ป),1.3-I01,I,"- ค่านิยมและวัฒนธรรมองค์กรเดิม
- แผนวิสาหกิจ กยท",11,16,กล่องข้อความ คอลัมน์ D (แถว 11–16),,,,,
1.3,การจัดทำแผนเสริมสร้างค่านิยมและวัฒนธรรมองค์กร,กองบริหารความเสี่ยง,เพื่อปลูกฝังความโปร่งใสและการรับรู้ถึงความเสี่ยงให้เข้ากับวัฒนธรรมขององค์กร,Sipoc (SE-AM ข้อ 1.3).xlsx,1. As-is  และ To-be Proces (ป),1.3-I02,I,"- คู่มือ SE-AM
- ผลการดำเนินงาน Core Business Enablers จาก สคร.
- คู่มือ RM&IC
- คู่มือ COSO 2017
- แผนปฏิบัติการ กบค
- ค่านิยมและวัฒนธรรมองค์กรใหม่",18,29,กล่องข้อความ คอลัมน์ D (แถว 18–29),,,,,
1.3,การจัดทำแผนเสริมสร้างค่านิยมและวัฒนธรรมองค์กร,กองบริหารความเสี่ยง,เพื่อปลูกฝังความโปร่งใสและการรับรู้ถึงความเสี่ยงให้เข้ากับวัฒนธรรมขององค์กร,Sipoc (SE-AM ข้อ 1.3).xlsx,1. As-is  และ To-be Proces (ป),1.3-I03,I,"- เกณฑ์การประเมินผลการดำเนินงานด้านการบริหารความเสี่ยงและควบคุมภายในของส่วนงาน
- ร่างแผนเสริมสร้างค่านิยมและวัฒนธรรมองค์กร เฉพาะด้านความเสี่ยงและควบคุมภายใน",34,42,กล่องข้อความ คอลัมน์ D (แถว 34–42),,,,,
1.3,การจัดทำแผนเสริมสร้างค่านิยมและวัฒนธรรมองค์กร,กองบริหารความเสี่ยง,เพื่อปลูกฝังความโปร่งใสและการรับรู้ถึงความเสี่ยงให้เข้ากับวัฒนธรรมขององค์กร,Sipoc (SE-AM ข้อ 1.3).xlsx,1. As-is  และ To-be Proces (ป),1.3-I04,I,"- เกณฑ์การประเมินผลการดำเนินงานด้านการบริหารความเสี่ยงและควบคุมภายในของส่วนงาน
- แผนเสริมสร้างค่านิยมและวัฒนธรรมองค์กร เฉพาะด้านความเสี่ยงและควบคุมภายใน",57,64,กล่องข้อความ คอลัมน์ D (แถว 57–64),,,,,
1.3,การจัดทำแผนเสริมสร้างค่านิยมและวัฒนธรรมองค์กร,กองบริหารความเสี่ยง,เพื่อปลูกฝังความโปร่งใสและการรับรู้ถึงความเสี่ยงให้เข้ากับวัฒนธรรมขององค์กร,Sipoc (SE-AM ข้อ 1.3).xlsx,1. As-is  และ To-be Proces (ป),1.3-I05,I,- แผนเสริมสร้างค่านิยมและวัฒนธรรมองค์กร เฉพาะด้านความเสี่ยงและควบคุมภายใน,66,70,กล่องข้อความ คอลัมน์ D (แถว 66–70),,,,,
1.3,การจัดทำแผนเสริมสร้างค่านิยมและวัฒนธรรมองค์กร,กองบริหารความเสี่ยง,เพื่อปลูกฝังความโปร่งใสและการรับรู้ถึงความเสี่ยงให้เข้ากับวัฒนธรรมขององค์กร,Sipoc (SE-AM ข้อ 1.3).xlsx,1. As-is  และ To-be Proces (ป),1.3-I06,I,ผลการดำเนินงานตามแผนเสริมสร้างค่านิยมและวัฒนธรรมองค์กร เฉพาะด้านความเสี่ยงและควบคุมภายใน,72,78,กล่องข้อความ คอลัมน์ D (แถว 72–78),,,,,
1.3,การจัดทำแผนเสริมสร้างค่านิยมและวัฒนธรรมองค์กร,กองบริหารความเสี่ยง,เพื่อปลูกฝังความโปร่งใสและการรับรู้ถึงความเสี่ยงให้เข้ากับวัฒนธรรมขององค์กร,Sipoc (SE-AM ข้อ 1.3).xlsx,1. As-is  และ To-be Proces (ป),1.3-I07,I,"- วาระเพื่อทราบ คราวประชุมคณะทำงานบริหารความเสี่ยงและควบคุมภายในของ กยท. (RIC) เรื่อง ผลการดำเนินงานตามแผนเสริมสร้างค่านิยมและวัฒนธรรมองค์กร เฉพาะด้านความเสี่ยงและควบคุมภายใน
- วาระเพื่อทราบ คราวประชุมคณะอนุกรรมการบริหารความเสี่ยงและควบคุมภายในของ กยท. (RMC) เรื่อง ผลการดำเนินงานตามแผนเสริมสร้างค่านิยมและวัฒนธรรมองค์กร เฉพาะด้านความเสี่ยงและควบคุมภายใน",80,98,กล่องข้อความ คอลัมน์ D (แถว 80–98),,,,,
1.3,การจัดทำแผนเสริมสร้างค่านิยมและวัฒนธรรมองค์กร,กองบริหารความเสี่ยง,เพื่อปลูกฝังความโปร่งใสและการรับรู้ถึงความเสี่ยงให้เข้ากับวัฒนธรรมขององค์กร,Sipoc (SE-AM ข้อ 1.3).xlsx,1. As-is  และ To-be Proces (ป),1.3-I08,I,ร่างแผนเสริมสร้างค่านิยมและวัฒนธรรมองค์กร เฉพาะด้านความเสี่ยงและควบคุมภายใน(ปีถัดไป),103,108,กล่องข้อความ คอลัมน์ D (แถว 103–108),,,,,
1.3,การจัดทำแผนเสริมสร้างค่านิยมและวัฒนธรรมองค์กร,กองบริหารความเสี่ยง,เพื่อปลูกฝังความโปร่งใสและการรับรู้ถึงความเสี่ยงให้เข้ากับวัฒนธรรมขององค์กร,Sipoc (SE-AM ข้อ 1.3).xlsx,1. As-is  และ To-be Proces (ป),1.3-I09,I,แผนเสริมสร้างค่านิยมและวัฒนธรรมองค์กร เฉพาะด้านความเสี่ยงและควบคุมภายใน(ปีถัดไป),115,120,กล่องข้อความ คอลัมน์ D (แถว 115–120),,,,,
1.3,การจัดทำแผนเสริมสร้างค่านิยมและวัฒนธรรมองค์กร,กองบริหารความเสี่ยง,เพื่อปลูกฝังความโปร่งใสและการรับรู้ถึงความเสี่ยงให้เข้ากับวัฒนธรรมขององค์กร,Sipoc (SE-AM ข้อ 1.3).xlsx,1. As-is  และ To-be Proces (ป),1.3-P01,P,"1.1 พิจารณาผลการสำรวจทัศนคติของผู้บริหาร/พนักงานในองค์กรต่อค่านิยมองค์กร
1.2 ทบทวนค่านิยมและวัฒนธรรมองค์กร
1.3 แจ้งส่วนงาน/หน่วยงาน ระบุโครงการ/กิจกรรม ให้สอดคล้องกับค่านิยมและวัฒนธรรมองค์กรใหม่",11,16,กล่องข้อความ คอลัมน์ E (แถว 11–16),ต.ค.,ต.ค.,,0,
1.3,การจัดทำแผนเสริมสร้างค่านิยมและวัฒนธรรมองค์กร,กองบริหารความเสี่ยง,เพื่อปลูกฝังความโปร่งใสและการรับรู้ถึงความเสี่ยงให้เข้ากับวัฒนธรรมขององค์กร,Sipoc (SE-AM ข้อ 1.3).xlsx,1. As-is  และ To-be Proces (ป),1.3-P02,P,"2.1 พิจารณาผลการดำเนินงานตามรายงานผลการดำเนินงานตาม Core Business ของสคร.
2.2 พิจารณาผลการดำเนินงานภายในของ กบค. ในปีงบประมาณที่ผ่านมา
2.3 จัดทำเกณฑ์การประเมินผลการดำเนินงาน
ด้านการบริหารความเสี่ยงและควบคุมภายใน
ของส่วนงาน
2.4 จัดทำร่างแผนเสริมสร้างค่านิยมและวัฒนธรรมองค์กร เฉพาะด้านความเสี่ยงและควบคุมภายใน",18,28,กล่องข้อความ คอลัมน์ E (แถว 18–28),ไตรมาส 1,ไตรมาส 1,,0|1|2,
1.3,การจัดทำแผนเสริมสร้างค่านิยมและวัฒนธรรมองค์กร,กองบริหารความเสี่ยง,เพื่อปลูกฝังความโปร่งใสและการรับรู้ถึงความเสี่ยงให้เข้ากับวัฒนธรรมขององค์กร,Sipoc (SE-AM ข้อ 1.3).xlsx,1. As-is  และ To-be Proces (ป),1.3-P03,P,3. หารือกับ ฝทม. เพื่อทบทวนแผนเสริมสร้างค่านิยมและวัฒนธรรมองค์กร เฉพาะด้านความเสี่ยงและควบคุมภายใน,30,32,กล่องข้อความ คอลัมน์ E (แถว 30–32),,,,,
1.3,การจัดทำแผนเสริมสร้างค่านิยมและวัฒนธรรมองค์กร,กองบริหารความเสี่ยง,เพื่อปลูกฝังความโปร่งใสและการรับรู้ถึงความเสี่ยงให้เข้ากับวัฒนธรรมขององค์กร,Sipoc (SE-AM ข้อ 1.3).xlsx,1. As-is  และ To-be Proces (ป),1.3-P04,P,"4. นำเสนอร่างแผนฯ ต่อคณะทำงาน RIC, คณะอนุกรรมการฯ RMC ให้ความเห็นชอบ",34,40,กล่องข้อความ คอลัมน์ E (แถว 34–40),,,,,
1.3,การจัดทำแผนเสริมสร้างค่านิยมและวัฒนธรรมองค์กร,กองบริหารความเสี่ยง,เพื่อปลูกฝังความโปร่งใสและการรับรู้ถึงความเสี่ยงให้เข้ากับวัฒนธรรมขององค์กร,Sipoc (SE-AM ข้อ 1.3).xlsx,1. As-is  และ To-be Proces (ป),1.3-P05,P,5. นำเสนอที่ประชุมเชิงปฏิบัติการบูรณาการแผนแม่บท เพื่อทราบและบูรณาการกับแผนแม่บทอื่น,41,49,กล่องข้อความ คอลัมน์ E (แถว 41–49),,,,,
1.3,การจัดทำแผนเสริมสร้างค่านิยมและวัฒนธรรมองค์กร,กองบริหารความเสี่ยง,เพื่อปลูกฝังความโปร่งใสและการรับรู้ถึงความเสี่ยงให้เข้ากับวัฒนธรรมขององค์กร,Sipoc (SE-AM ข้อ 1.3).xlsx,1. As-is  และ To-be Proces (ป),1.3-P06,P,"6.1 แจ้งเวียนแผนเสริมสร้างค่านิยมและวัฒนธรรมองค์กร เฉพาะด้านความเสี่ยงและควบคุมภายใน ไปยังส่วนงาน/หน่วยงานต่างๆ ใน กยท.
6.2 แจ้งเวียนเกณฑ์การประเมินผลการดำเนินงานด้านการบริหารความเสี่ยงและควบคุมภายในของส่วนงาน",58,64,กล่องข้อความ คอลัมน์ E (แถว 58–64),ไตรมาส 1,ไตรมาส 1,,0|1|2,
1.3,การจัดทำแผนเสริมสร้างค่านิยมและวัฒนธรรมองค์กร,กองบริหารความเสี่ยง,เพื่อปลูกฝังความโปร่งใสและการรับรู้ถึงความเสี่ยงให้เข้ากับวัฒนธรรมขององค์กร,Sipoc (SE-AM ข้อ 1.3).xlsx,1. As-is  และ To-be Proces (ป),1.3-P07,P,7. ขออนุมัติงบประมาณและดำเนินแผนงาน/กิจกรรม,66,69,กล่องข้อความ คอลัมน์ E (แถว 66–69),,,,,
1.3,การจัดทำแผนเสริมสร้างค่านิยมและวัฒนธรรมองค์กร,กองบริหารความเสี่ยง,เพื่อปลูกฝังความโปร่งใสและการรับรู้ถึงความเสี่ยงให้เข้ากับวัฒนธรรมขององค์กร,Sipoc (SE-AM ข้อ 1.3).xlsx,1. As-is  และ To-be Proces (ป),1.3-P08,P,8. ติดตามผลการดำเนินงานตามแผนฯ และสรุปผลการดำเนินงานฯ,72,76,กล่องข้อความ คอลัมน์ E (แถว 72–76),ทุกไตรมาส,ทุกไตรมาส,,2|5|8|11,
1.3,การจัดทำแผนเสริมสร้างค่านิยมและวัฒนธรรมองค์กร,กองบริหารความเสี่ยง,เพื่อปลูกฝังความโปร่งใสและการรับรู้ถึงความเสี่ยงให้เข้ากับวัฒนธรรมขององค์กร,Sipoc (SE-AM ข้อ 1.3).xlsx,1. As-is  และ To-be Proces (ป),1.3-P09,P,9. นำเสนอผลการดำเนินงานตามแผนให้คณะทำงานฯ RIC และคณะอนุกรรมการฯ RMC เพื่อทราบและให้ข้อเสนอแนะ,80,85,กล่องข้อความ คอลัมน์ E (แถว 80–85),ทุกเดือน,ทุกเดือน,,0|1|2|3|4|5|6|7|8|9|10|11,
1.3,การจัดทำแผนเสริมสร้างค่านิยมและวัฒนธรรมองค์กร,กองบริหารความเสี่ยง,เพื่อปลูกฝังความโปร่งใสและการรับรู้ถึงความเสี่ยงให้เข้ากับวัฒนธรรมขององค์กร,Sipoc (SE-AM ข้อ 1.3).xlsx,1. As-is  และ To-be Proces (ป),1.3-P10,P,10. จัดทำ กบค.สาร ประจำเดือน เพื่อนำเสนอผลการดำเนินงานด้านการบริหารความเสี่ยงและควบคุมภายในให้ส่วนงาน/หน่วยงานรับทราบ,90,94,กล่องข้อความ คอลัมน์ E (แถว 90–94),,,,,
1.3,การจัดทำแผนเสริมสร้างค่านิยมและวัฒนธรรมองค์กร,กองบริหารความเสี่ยง,เพื่อปลูกฝังความโปร่งใสและการรับรู้ถึงความเสี่ยงให้เข้ากับวัฒนธรรมขององค์กร,Sipoc (SE-AM ข้อ 1.3).xlsx,1. As-is  และ To-be Proces (ป),1.3-P11,P,"11.1 รวบรวมแผนงาน/โครงการเสริมสร้างวัฒนธรรมความเสี่ยงจากส่วนงาน/หน่วยงาน
11.2 จัดทำร่างแผนเสริมสร้างค่านิยมและวัฒนธรรมองค์กร เฉพาะด้านความเสี่ยง
และควบคุมภายใน(ปีถัดไป)
11.3 หารือกับ ฝทม. เพื่อทบทวนร่างแผนเสริมสร้างค่านิยมและวัฒนธรรมองค์กร เฉพาะด้านความเสี่ยงและควบคุมภายใน (ปีถัดไป)",96,104,กล่องข้อความ คอลัมน์ E (แถว 96–104),ไตรมาส 3,ไตรมาส 3,,6|7|8,
1.3,การจัดทำแผนเสริมสร้างค่านิยมและวัฒนธรรมองค์กร,กองบริหารความเสี่ยง,เพื่อปลูกฝังความโปร่งใสและการรับรู้ถึงความเสี่ยงให้เข้ากับวัฒนธรรมขององค์กร,Sipoc (SE-AM ข้อ 1.3).xlsx,1. As-is  และ To-be Proces (ป),1.3-P12,P,"12. นำเสนอร่างแผนฯ ต่อคณะทำงาน RIC, คณะอนุกรรมการฯ RMC ให้ความเห็นชอบ",105,113,กล่องข้อความ คอลัมน์ E (แถว 105–113),,,,,
1.3,การจัดทำแผนเสริมสร้างค่านิยมและวัฒนธรรมองค์กร,กองบริหารความเสี่ยง,เพื่อปลูกฝังความโปร่งใสและการรับรู้ถึงความเสี่ยงให้เข้ากับวัฒนธรรมขององค์กร,Sipoc (SE-AM ข้อ 1.3).xlsx,1. As-is  และ To-be Proces (ป),1.3-P13,P,13. แจ้งเวียนส่วนงาน/หน่วยงาน ให้ส่วนงาน/หน่วยงานรับทราบแผนเสริมสร้างค่านิยมและวัฒนธรรมองค์กร เฉพาะด้านความเสี่ยงและควบคุมภายใน(ปีถัดไป),115,120,กล่องข้อความ คอลัมน์ E (แถว 115–120),ไตรมาส 4,ไตรมาส 4,,9|10|11,
1.3,การจัดทำแผนเสริมสร้างค่านิยมและวัฒนธรรมองค์กร,กองบริหารความเสี่ยง,เพื่อปลูกฝังความโปร่งใสและการรับรู้ถึงความเสี่ยงให้เข้ากับวัฒนธรรมขององค์กร,Sipoc (SE-AM ข้อ 1.3).xlsx,1. As-is  และ To-be Proces (ป),1.3-O01,O,"- ค่านิยมและวัฒนธรรมองค์กรใหม่
- แนวทางการดำเนินงานโครงการ/กิจกรรม ให้สอดคล้องกับค่านิยมและวัฒนธรรมองค์กรใหม่",11,18,กล่องข้อความ คอลัมน์ F (แถว 11–18),,,,,
1.3,การจัดทำแผนเสริมสร้างค่านิยมและวัฒนธรรมองค์กร,กองบริหารความเสี่ยง,เพื่อปลูกฝังความโปร่งใสและการรับรู้ถึงความเสี่ยงให้เข้ากับวัฒนธรรมขององค์กร,Sipoc (SE-AM ข้อ 1.3).xlsx,1. As-is  และ To-be Proces (ป),1.3-O02,O,"- ค่านิยมและวัฒนธรรมองค์กร(เฉพาะด้านการบริหารความเสี่ยงและควบคุมภายใน)
- เกณฑ์การประเมินผลการดำเนินงานด้านการบริหารความเสี่ยงและควบคุมภายในของส่วนงาน
- ร่างแผนเสริมสร้างค่านิยมและวัฒนธรรมองค์กร เฉพาะด้านความเสี่ยงและควบคุมภายใน",19,30,กล่องข้อความ คอลัมน์ F (แถว 19–30),,,,,1.3-O03
1.3,การจัดทำแผนเสริมสร้างค่านิยมและวัฒนธรรมองค์กร,กองบริหารความเสี่ยง,เพื่อปลูกฝังความโปร่งใสและการรับรู้ถึงความเสี่ยงให้เข้ากับวัฒนธรรมขององค์กร,Sipoc (SE-AM ข้อ 1.3).xlsx,1. As-is  และ To-be Proces (ป),1.3-O03,O,แผนเสริมสร้างค่านิยมและวัฒนธรรมองค์กร เฉพาะด้านความเสี่ยงและควบคุมภายใน,35,39,กล่องข้อความ คอลัมน์ F (แถว 35–39),,,,,
1.3,การจัดทำแผนเสริมสร้างค่านิยมและวัฒนธรรมองค์กร,กองบริหารความเสี่ยง,เพื่อปลูกฝังความโปร่งใสและการรับรู้ถึงความเสี่ยงให้เข้ากับวัฒนธรรมขององค์กร,Sipoc (SE-AM ข้อ 1.3).xlsx,1. As-is  และ To-be Proces (ป),1.3-O04,O,ส่วนงาน/หน่วยงาน รับทราบเกณฑ์การประเมินผลการดำเนินงาน และแผนงาน/กิจกรรมด้านการบริหารความเสี่ยงและควบคุมภายใน,58,64,กล่องข้อความ คอลัมน์ F (แถว 58–64),,,,,
1.3,การจัดทำแผนเสริมสร้างค่านิยมและวัฒนธรรมองค์กร,กองบริหารความเสี่ยง,เพื่อปลูกฝังความโปร่งใสและการรับรู้ถึงความเสี่ยงให้เข้ากับวัฒนธรรมขององค์กร,Sipoc (SE-AM ข้อ 1.3).xlsx,1. As-is  และ To-be Proces (ป),1.3-O05,O,งบประมาณดำเนินแผนงาน/กิจกรรม,66,69,กล่องข้อความ คอลัมน์ F (แถว 66–69),,,,,
1.3,การจัดทำแผนเสริมสร้างค่านิยมและวัฒนธรรมองค์กร,กองบริหารความเสี่ยง,เพื่อปลูกฝังความโปร่งใสและการรับรู้ถึงความเสี่ยงให้เข้ากับวัฒนธรรมขององค์กร,Sipoc (SE-AM ข้อ 1.3).xlsx,1. As-is  และ To-be Proces (ป),1.3-O06,O,ผลการดำเนินงานตามกิจกรรม,72,76,กล่องข้อความ คอลัมน์ F (แถว 72–76),,,,,
1.3,การจัดทำแผนเสริมสร้างค่านิยมและวัฒนธรรมองค์กร,กองบริหารความเสี่ยง,เพื่อปลูกฝังความโปร่งใสและการรับรู้ถึงความเสี่ยงให้เข้ากับวัฒนธรรมขององค์กร,Sipoc (SE-AM ข้อ 1.3).xlsx,1. As-is  และ To-be Proces (ป),1.3-O07,O,รายงานการประชุมคณะทำงานฯ RIC และคณะอนุกรรมการฯ RMC,81,85,กล่องข้อความ คอลัมน์ F (แถว 81–85),,,,,
1.3,การจัดทำแผนเสริมสร้างค่านิยมและวัฒนธรรมองค์กร,กองบริหารความเสี่ยง,เพื่อปลูกฝังความโปร่งใสและการรับรู้ถึงความเสี่ยงให้เข้ากับวัฒนธรรมขององค์กร,Sipoc (SE-AM ข้อ 1.3).xlsx,1. As-is  และ To-be Proces (ป),1.3-O08,O,กบค.สาร ประจำเดือน,91,93,กล่องข้อความ คอลัมน์ F (แถว 91–93),,,,,
1.3,การจัดทำแผนเสริมสร้างค่านิยมและวัฒนธรรมองค์กร,กองบริหารความเสี่ยง,เพื่อปลูกฝังความโปร่งใสและการรับรู้ถึงความเสี่ยงให้เข้ากับวัฒนธรรมขององค์กร,Sipoc (SE-AM ข้อ 1.3).xlsx,1. As-is  และ To-be Proces (ป),1.3-O09,O,แผนเสริมสร้างค่านิยมและวัฒนธรรมองค์กร เฉพาะด้านความเสี่ยงและควบคุมภายในของปีถัดไป,102,107,กล่องข้อความ คอลัมน์ F (แถว 102–107),,,,,
1.3,การจัดทำแผนเสริมสร้างค่านิยมและวัฒนธรรมองค์กร,กองบริหารความเสี่ยง,เพื่อปลูกฝังความโปร่งใสและการรับรู้ถึงความเสี่ยงให้เข้ากับวัฒนธรรมขององค์กร,Sipoc (SE-AM ข้อ 1.3).xlsx,1. As-is  และ To-be Proces (ป),1.3-O10,O,หนังสือแจ้งเวียนส่วนงาน/หน่วยงาน,115,118,กล่องข้อความ คอลัมน์ F (แถว 115–118),,,,,1.3-C10
1.3,การจัดทำแผนเสริมสร้างค่านิยมและวัฒนธรรมองค์กร,กองบริหารความเสี่ยง,เพื่อปลูกฝังความโปร่งใสและการรับรู้ถึงความเสี่ยงให้เข้ากับวัฒนธรรมขององค์กร,Sipoc (SE-AM ข้อ 1.3).xlsx,1. As-is  และ To-be Proces (ป),1.3-C01,C,ส่วนงาน/หน่วยงาน,12,14,กล่องข้อความ คอลัมน์ G (แถว 12–14),,,,,
1.3,การจัดทำแผนเสริมสร้างค่านิยมและวัฒนธรรมองค์กร,กองบริหารความเสี่ยง,เพื่อปลูกฝังความโปร่งใสและการรับรู้ถึงความเสี่ยงให้เข้ากับวัฒนธรรมขององค์กร,Sipoc (SE-AM ข้อ 1.3).xlsx,1. As-is  และ To-be Proces (ป),1.3-C02,C,ส่วนงาน/หน่วยงาน,19,23,กล่องข้อความ คอลัมน์ G (แถว 19–23),,,,,
1.3,การจัดทำแผนเสริมสร้างค่านิยมและวัฒนธรรมองค์กร,กองบริหารความเสี่ยง,เพื่อปลูกฝังความโปร่งใสและการรับรู้ถึงความเสี่ยงให้เข้ากับวัฒนธรรมขององค์กร,Sipoc (SE-AM ข้อ 1.3).xlsx,1. As-is  และ To-be Proces (ป),1.3-C03,C,"กบค.
ส่วนงาน/หน่วยงาน",35,38,กล่องข้อความ คอลัมน์ G (แถว 35–38),,,,,
1.3,การจัดทำแผนเสริมสร้างค่านิยมและวัฒนธรรมองค์กร,กองบริหารความเสี่ยง,เพื่อปลูกฝังความโปร่งใสและการรับรู้ถึงความเสี่ยงให้เข้ากับวัฒนธรรมขององค์กร,Sipoc (SE-AM ข้อ 1.3).xlsx,1. As-is  และ To-be Proces (ป),1.3-C04,C,ส่วนงาน/หน่วยงาน,59,61,กล่องข้อความ คอลัมน์ G (แถว 59–61),,,,,
1.3,การจัดทำแผนเสริมสร้างค่านิยมและวัฒนธรรมองค์กร,กองบริหารความเสี่ยง,เพื่อปลูกฝังความโปร่งใสและการรับรู้ถึงความเสี่ยงให้เข้ากับวัฒนธรรมขององค์กร,Sipoc (SE-AM ข้อ 1.3).xlsx,1. As-is  และ To-be Proces (ป),1.3-C05,C,กบค.,67,69,กล่องข้อความ คอลัมน์ G (แถว 67–69),,,,,
1.3,การจัดทำแผนเสริมสร้างค่านิยมและวัฒนธรรมองค์กร,กองบริหารความเสี่ยง,เพื่อปลูกฝังความโปร่งใสและการรับรู้ถึงความเสี่ยงให้เข้ากับวัฒนธรรมขององค์กร,Sipoc (SE-AM ข้อ 1.3).xlsx,1. As-is  และ To-be Proces (ป),1.3-C06,C,กบค.,72,74,กล่องข้อความ คอลัมน์ G (แถว 72–74),,,,,
1.3,การจัดทำแผนเสริมสร้างค่านิยมและวัฒนธรรมองค์กร,กองบริหารความเสี่ยง,เพื่อปลูกฝังความโปร่งใสและการรับรู้ถึงความเสี่ยงให้เข้ากับวัฒนธรรมขององค์กร,Sipoc (SE-AM ข้อ 1.3).xlsx,1. As-is  และ To-be Proces (ป),1.3-C07,C,กบค.,82,83,กล่องข้อความ คอลัมน์ G (แถว 82–83),,,,,
1.3,การจัดทำแผนเสริมสร้างค่านิยมและวัฒนธรรมองค์กร,กองบริหารความเสี่ยง,เพื่อปลูกฝังความโปร่งใสและการรับรู้ถึงความเสี่ยงให้เข้ากับวัฒนธรรมขององค์กร,Sipoc (SE-AM ข้อ 1.3).xlsx,1. As-is  และ To-be Proces (ป),1.3-C08,C,ส่วนงาน/หน่วยงาน,90,92,กล่องข้อความ คอลัมน์ G (แถว 90–92),,,,,
1.3,การจัดทำแผนเสริมสร้างค่านิยมและวัฒนธรรมองค์กร,กองบริหารความเสี่ยง,เพื่อปลูกฝังความโปร่งใสและการรับรู้ถึงความเสี่ยงให้เข้ากับวัฒนธรรมขององค์กร,Sipoc (SE-AM ข้อ 1.3).xlsx,1. As-is  และ To-be Proces (ป),1.3-C09,C,กบค.,102,103,กล่องข้อความ คอลัมน์ G (แถว 102–103),,,,,
1.3,การจัดทำแผนเสริมสร้างค่านิยมและวัฒนธรรมองค์กร,กองบริหารความเสี่ยง,เพื่อปลูกฝังความโปร่งใสและการรับรู้ถึงความเสี่ยงให้เข้ากับวัฒนธรรมขององค์กร,Sipoc (SE-AM ข้อ 1.3).xlsx,1. As-is  และ To-be Proces (ป),1.3-C10,C,ส่วนงาน/หน่วยงาน,115,118,กล่องข้อความ คอลัมน์ G (แถว 115–118),,,,,
1.4,กระบวนการสร้างความมุ่งมั่นต่อค่านิยมองค์กร,กองบริหารความเสี่ยง,เพื่อปลูกฝังความโปร่งใสและการรับรู้ถึงความเสี่ยงให้เข้ากับวัฒนธรรมขององค์กร,Sipoc (SE-AM ข้อ 1.4).xlsx,กระบวนการ (1.4),1.4-S01,S,กบค.,12,14,กล่องข้อความ คอลัมน์ C (แถว 12–14),,,,,
1.4,กระบวนการสร้างความมุ่งมั่นต่อค่านิยมองค์กร,กองบริหารความเสี่ยง,เพื่อปลูกฝังความโปร่งใสและการรับรู้ถึงความเสี่ยงให้เข้ากับวัฒนธรรมขององค์กร,Sipoc (SE-AM ข้อ 1.4).xlsx,กระบวนการ (1.4),1.4-S02,S,กบค.,25,27,กล่องข้อความ คอลัมน์ C (แถว 25–27),,,,,
1.4,กระบวนการสร้างความมุ่งมั่นต่อค่านิยมองค์กร,กองบริหารความเสี่ยง,เพื่อปลูกฝังความโปร่งใสและการรับรู้ถึงความเสี่ยงให้เข้ากับวัฒนธรรมขององค์กร,Sipoc (SE-AM ข้อ 1.4).xlsx,กระบวนการ (1.4),1.4-S03,S,กบค.,32,34,กล่องข้อความ คอลัมน์ C (แถว 32–34),,,,,
1.4,กระบวนการสร้างความมุ่งมั่นต่อค่านิยมองค์กร,กองบริหารความเสี่ยง,เพื่อปลูกฝังความโปร่งใสและการรับรู้ถึงความเสี่ยงให้เข้ากับวัฒนธรรมขององค์กร,Sipoc (SE-AM ข้อ 1.4).xlsx,กระบวนการ (1.4),1.4-S04,S,กบค.,40,41,กล่องข้อความ คอลัมน์ C (แถว 40–41),,,,,
1.4,กระบวนการสร้างความมุ่งมั่นต่อค่านิยมองค์กร,กองบริหารความเสี่ยง,เพื่อปลูกฝังความโปร่งใสและการรับรู้ถึงความเสี่ยงให้เข้ากับวัฒนธรรมขององค์กร,Sipoc (SE-AM ข้อ 1.4).xlsx,กระบวนการ (1.4),1.4-S05,S,กบค.,51,52,กล่องข้อความ คอลัมน์ C (แถว 51–52),,,,,
1.4,กระบวนการสร้างความมุ่งมั่นต่อค่านิยมองค์กร,กองบริหารความเสี่ยง,เพื่อปลูกฝังความโปร่งใสและการรับรู้ถึงความเสี่ยงให้เข้ากับวัฒนธรรมขององค์กร,Sipoc (SE-AM ข้อ 1.4).xlsx,กระบวนการ (1.4),1.4-S06,S,กบค.,70,71,กล่องข้อความ คอลัมน์ C (แถว 70–71),,,,,
1.4,กระบวนการสร้างความมุ่งมั่นต่อค่านิยมองค์กร,กองบริหารความเสี่ยง,เพื่อปลูกฝังความโปร่งใสและการรับรู้ถึงความเสี่ยงให้เข้ากับวัฒนธรรมขององค์กร,Sipoc (SE-AM ข้อ 1.4).xlsx,กระบวนการ (1.4),1.4-S07,S,กบค.,84,86,กล่องข้อความ คอลัมน์ C (แถว 84–86),,,,,
1.4,กระบวนการสร้างความมุ่งมั่นต่อค่านิยมองค์กร,กองบริหารความเสี่ยง,เพื่อปลูกฝังความโปร่งใสและการรับรู้ถึงความเสี่ยงให้เข้ากับวัฒนธรรมขององค์กร,Sipoc (SE-AM ข้อ 1.4).xlsx,กระบวนการ (1.4),1.4-I01,I,"- แผนเสริมสร้างค่านิยมฯ
- แผนวิสาหกิจ กยท
- แผนยุทธศาสตร์ด้าน HR
- หลักเกณฑ์การประเมินกระบวนการปฏิบัติงานและการจัดการ (ฉบับปรับปรุง ปี 2569)
- หลักเกณฑ์ แนวปฏิบัติและคู่มือปฏิบัติเกี่ยวกับการบริหารความเสี่ยงฯ (สคร.) ปี2568",12,23,กล่องข้อความ คอลัมน์ D (แถว 12–23),,,,,1.4-I02
1.4,กระบวนการสร้างความมุ่งมั่นต่อค่านิยมองค์กร,กองบริหารความเสี่ยง,เพื่อปลูกฝังความโปร่งใสและการรับรู้ถึงความเสี่ยงให้เข้ากับวัฒนธรรมขององค์กร,Sipoc (SE-AM ข้อ 1.4).xlsx,กระบวนการ (1.4),1.4-I02,I,ผลลัพธ์กิจกรรมที่ 1,25,29,กล่องข้อความ คอลัมน์ D (แถว 25–29),,,,,1.4-I03
1.4,กระบวนการสร้างความมุ่งมั่นต่อค่านิยมองค์กร,กองบริหารความเสี่ยง,เพื่อปลูกฝังความโปร่งใสและการรับรู้ถึงความเสี่ยงให้เข้ากับวัฒนธรรมขององค์กร,Sipoc (SE-AM ข้อ 1.4).xlsx,กระบวนการ (1.4),1.4-I03,I,ผลลัพธ์กิจกรรมที่ 2,32,36,กล่องข้อความ คอลัมน์ D (แถว 32–36),,,,,1.4-I04
1.4,กระบวนการสร้างความมุ่งมั่นต่อค่านิยมองค์กร,กองบริหารความเสี่ยง,เพื่อปลูกฝังความโปร่งใสและการรับรู้ถึงความเสี่ยงให้เข้ากับวัฒนธรรมขององค์กร,Sipoc (SE-AM ข้อ 1.4).xlsx,กระบวนการ (1.4),1.4-I04,I,ผลลัพธ์กิจกรรมที่ 3,40,45,กล่องข้อความ คอลัมน์ D (แถว 40–45),,,,,1.4-I05
1.4,กระบวนการสร้างความมุ่งมั่นต่อค่านิยมองค์กร,กองบริหารความเสี่ยง,เพื่อปลูกฝังความโปร่งใสและการรับรู้ถึงความเสี่ยงให้เข้ากับวัฒนธรรมขององค์กร,Sipoc (SE-AM ข้อ 1.4).xlsx,กระบวนการ (1.4),1.4-I05,I,ผลลัพธ์กิจกรรมที่ 4,51,54,กล่องข้อความ คอลัมน์ D (แถว 51–54),,,,,
1.4,กระบวนการสร้างความมุ่งมั่นต่อค่านิยมองค์กร,กองบริหารความเสี่ยง,เพื่อปลูกฝังความโปร่งใสและการรับรู้ถึงความเสี่ยงให้เข้ากับวัฒนธรรมขององค์กร,Sipoc (SE-AM ข้อ 1.4).xlsx,กระบวนการ (1.4),1.4-I06,I,"วาระการประชุมคณะทำงานบริหารความเสี่ยงและควบคุมภายในของ กยท. (RIC) วาระเพื่อทราบ เรื่อง รายงานผลการดำเนินงานตามแผนเสริมสร้างค่านิยมและวัฒนธรรมองค์กร
(เฉพาะโครงการกิจกรรม
ด้านการบริหารความเสี่ยงและควบคุมภายใน)
วาระเพื่อพิจารณา เรื่อง ร่างแผนเสริมสร้างค่านิยมและวัฒนธรรมองค์กร เฉพาะด้านความเสี่ยงและควบคุมภายในของปีถัดไป",70,83,กล่องข้อความ คอลัมน์ D (แถว 70–83),,,,,1.4-I07
1.4,กระบวนการสร้างความมุ่งมั่นต่อค่านิยมองค์กร,กองบริหารความเสี่ยง,เพื่อปลูกฝังความโปร่งใสและการรับรู้ถึงความเสี่ยงให้เข้ากับวัฒนธรรมขององค์กร,Sipoc (SE-AM ข้อ 1.4).xlsx,กระบวนการ (1.4),1.4-I07,I,"วาระการประชุมคณะอนุกรรมการบริหารความเสี่ยงและควบคุมภายในของ กยท. (RMC)
วาระเพื่อทราบ เรื่อง รายงานผลการดำเนินงานตามแผนเสริมสร้างค่านิยมและวัฒนธรรมองค์กร
(เฉพาะโครงการกิจกรรม
ด้านการบริหารความเสี่ยงและควบคุมภายใน)
วาระเพื่อพิจารณา เรื่อง ร่างแผนเสริมสร้างค่านิยมและวัฒนธรรมองค์กร เฉพาะด้านความเสี่ยงและควบคุมภายในของปีถัดไป",85,98,กล่องข้อความ คอลัมน์ D (แถว 85–98),,,,,
1.4,กระบวนการสร้างความมุ่งมั่นต่อค่านิยมองค์กร,กองบริหารความเสี่ยง,เพื่อปลูกฝังความโปร่งใสและการรับรู้ถึงความเสี่ยงให้เข้ากับวัฒนธรรมขององค์กร,Sipoc (SE-AM ข้อ 1.4).xlsx,กระบวนการ (1.4),1.4-P01,P,"หารือร่วมกับผู้ที่เกี่ยวข้องในด้านหลักเกณฑ์การประเมิน แนวปฏิบัติ และแผนเสริมสร้างค่านิยมของ กยท. เพื่อนำข้อมูลมาใช้ในพิจารณาในการทำแผนฯ โดยพิจารณา
ด้านความเสี่ยงเป็นหลัก",12,16,กล่องข้อความ คอลัมน์ E (แถว 12–16),พิจารณาหลักเกณฑ์ แนวปฏิบัติ และแผนฯ ให้มีความสอดคล้องกัน,แผนเสริมสร้างค่านิยมและวัฒนธรรมองค์กร ด้านความเสี่ยงและควบคุมภายใน,,,1.4-P02
1.4,กระบวนการสร้างความมุ่งมั่นต่อค่านิยมองค์กร,กองบริหารความเสี่ยง,เพื่อปลูกฝังความโปร่งใสและการรับรู้ถึงความเสี่ยงให้เข้ากับวัฒนธรรมขององค์กร,Sipoc (SE-AM ข้อ 1.4).xlsx,กระบวนการ (1.4),1.4-P02,P,"พิจารณาแผนเสริมสร้างค่านิยมและวัฒนธรรมองค์กร
ด้านความเสี่ยงและควบคุมภายใน",25,29,กล่องข้อความ คอลัมน์ E (แถว 25–29),จัดทำเกณฑ์การประเมินฯ ภายในเดือนตุลาคม,เกณฑ์การประเมินผลการดำเนินงานด้านการบริหารความเสี่ยงและควบคุมภายในของส่วนงาน,,,1.4-P03
1.4,กระบวนการสร้างความมุ่งมั่นต่อค่านิยมองค์กร,กองบริหารความเสี่ยง,เพื่อปลูกฝังความโปร่งใสและการรับรู้ถึงความเสี่ยงให้เข้ากับวัฒนธรรมขององค์กร,Sipoc (SE-AM ข้อ 1.4).xlsx,กระบวนการ (1.4),1.4-P03,P,แจ้งเวียนเกณฑ์การประเมินผลการดำเนินงานด้านการบริหารความเสี่ยงและควบคุมภายในของส่วนงาน,32,37,กล่องข้อความ คอลัมน์ E (แถว 32–37),"จัดทำหนังสือภายใน 5 วันหลังการพิจารณาหลักเกณฑ์
ติดตามผลภายใน 5 วันหลังการรายงานผล","1. หนังสือแจ้งเวียนหลักเกณฑ์ฯ
2. กบค.สาร
รายงานผลการดำเนินงานตามแผนเสริมสร้างค่านิยมและวัฒนธรรมองค์กร
(เฉพาะโครงการกิจกรรม ด้านการบริหารความเสี่ยงและควบคุมภายใน)",,,1.4-P04
1.4,กระบวนการสร้างความมุ่งมั่นต่อค่านิยมองค์กร,กองบริหารความเสี่ยง,เพื่อปลูกฝังความโปร่งใสและการรับรู้ถึงความเสี่ยงให้เข้ากับวัฒนธรรมขององค์กร,Sipoc (SE-AM ข้อ 1.4).xlsx,กระบวนการ (1.4),1.4-P04,P,"1. ปฏิบัติตามเกณฑ์การประเมินการดำเนินงานด้านการบริหารความเสี่ยงและควบคุมภายใน
2. กำกับ ติดตาม ส่วนงาน/หน่วยงาน ในการเข้าร่วมกิจกรรม ตามเกณฑ์การประเมินการดำเนินงานด้านการบริหารความเสี่ยงและควบคุมภายในที่กำหนดไว้",40,46,กล่องข้อความ คอลัมน์ E (แถว 40–46),,,,,1.4-P05
1.4,กระบวนการสร้างความมุ่งมั่นต่อค่านิยมองค์กร,กองบริหารความเสี่ยง,เพื่อปลูกฝังความโปร่งใสและการรับรู้ถึงความเสี่ยงให้เข้ากับวัฒนธรรมขององค์กร,Sipoc (SE-AM ข้อ 1.4).xlsx,กระบวนการ (1.4),1.4-P05,P,"จัดทำวาระการประชุม เรื่อง รายงานผลการดำเนินงานตามแผนเสริมสร้างค่านิยมและวัฒนธรรมองค์กร
(เฉพาะโครงการกิจกรรม ด้านการบริหารความเสี่ยงและควบคุมภายใน)",51,56,กล่องข้อความ คอลัมน์ E (แถว 51–56),จัดทำวาระฯ ก่อนการประชุม 5 วัน,วาระการประชุมคณะทำงานบริหารความเสี่ยงและควบคุมภายในของ กยท. (RIC),,,
1.4,กระบวนการสร้างความมุ่งมั่นต่อค่านิยมองค์กร,กองบริหารความเสี่ยง,เพื่อปลูกฝังความโปร่งใสและการรับรู้ถึงความเสี่ยงให้เข้ากับวัฒนธรรมขององค์กร,Sipoc (SE-AM ข้อ 1.4).xlsx,กระบวนการ (1.4),1.4-P06,P,"- เสนอคณะทำงานบริหารความเสี่ยงและควบคุมภายในของ กยท. (RIC) เพื่อทราบ
- เสนอร่างแผนเสริมสร้างค่านิยมและวัฒนธรรมองค์กร เฉพาะด้านความเสี่ยงและควบคุมภายในของปีถัดไป",69,82,กล่องข้อความ คอลัมน์ E (แถว 69–82),จัดทำรายงานการประชุมฯ ภายใน 7 วันหลังการประชุม,รายงานการประชุมคณะอนุกรรมการบริหารความเสี่ยงและควบคุมภายในของ กยท. (RMC),,,1.4-P07|1.4-O06
1.4,กระบวนการสร้างความมุ่งมั่นต่อค่านิยมองค์กร,กองบริหารความเสี่ยง,เพื่อปลูกฝังความโปร่งใสและการรับรู้ถึงความเสี่ยงให้เข้ากับวัฒนธรรมขององค์กร,Sipoc (SE-AM ข้อ 1.4).xlsx,กระบวนการ (1.4),1.4-P07,P,"- เสนอคณะอนุกรรมการบริหารความเสี่ยงและควบคุมภายในของ กยท. (RMC) เพื่อทราบ
- เสนอร่างแผนเสริมสร้างค่านิยมและวัฒนธรรมองค์กร เฉพาะด้านความเสี่ยงและควบคุมภายในของปีถัดไป",85,100,กล่องข้อความ คอลัมน์ E (แถว 85–100),จัดทำรายงานการประชุมฯ ภายใน 7 วันหลังการประชุม,ร่างแผนเสริมสร้างค่านิยมและวัฒนธรรมองค์กร เฉพาะด้านความเสี่ยงและควบคุมภายในของปีถัดไป,,,1.4-P06
1.4,กระบวนการสร้างความมุ่งมั่นต่อค่านิยมองค์กร,กองบริหารความเสี่ยง,เพื่อปลูกฝังความโปร่งใสและการรับรู้ถึงความเสี่ยงให้เข้ากับวัฒนธรรมขององค์กร,Sipoc (SE-AM ข้อ 1.4).xlsx,กระบวนการ (1.4),1.4-O01,O,- แผนเสริมสร้างค่านิยมและวัฒนธรรมองค์กร ด้านความเสี่ยงและควบคุมภายใน,12,20,กล่องข้อความ คอลัมน์ F (แถว 12–20),,,,,1.4-O02
1.4,กระบวนการสร้างความมุ่งมั่นต่อค่านิยมองค์กร,กองบริหารความเสี่ยง,เพื่อปลูกฝังความโปร่งใสและการรับรู้ถึงความเสี่ยงให้เข้ากับวัฒนธรรมขององค์กร,Sipoc (SE-AM ข้อ 1.4).xlsx,กระบวนการ (1.4),1.4-O02,O,- เกณฑ์การประเมินผลการดำเนินงานด้านการบริหารความเสี่ยงและควบคุมภายในของส่วนงาน,25,30,กล่องข้อความ คอลัมน์ F (แถว 25–30),,,,,1.4-O03
1.4,กระบวนการสร้างความมุ่งมั่นต่อค่านิยมองค์กร,กองบริหารความเสี่ยง,เพื่อปลูกฝังความโปร่งใสและการรับรู้ถึงความเสี่ยงให้เข้ากับวัฒนธรรมขององค์กร,Sipoc (SE-AM ข้อ 1.4).xlsx,กระบวนการ (1.4),1.4-O03,O,- หนังสือแจ้งเวียนเกณฑ์การประเมินการดำเนินงานด้านการบริหารความเสี่ยงและควบคุมภายใน,32,38,กล่องข้อความ คอลัมน์ F (แถว 32–38),,,,,1.4-O04
1.4,กระบวนการสร้างความมุ่งมั่นต่อค่านิยมองค์กร,กองบริหารความเสี่ยง,เพื่อปลูกฝังความโปร่งใสและการรับรู้ถึงความเสี่ยงให้เข้ากับวัฒนธรรมขององค์กร,Sipoc (SE-AM ข้อ 1.4).xlsx,กระบวนการ (1.4),1.4-O04,O,"- รายงานผลการดำเนินงานตามแผนเสริมสร้างค่านิยมและวัฒนธรรมองค์กร
(เฉพาะโครงการกิจกรรม ด้านการบริหารความเสี่ยงและควบคุมภายใน)",40,49,กล่องข้อความ คอลัมน์ F (แถว 40–49),,,,,1.4-O05
1.4,กระบวนการสร้างความมุ่งมั่นต่อค่านิยมองค์กร,กองบริหารความเสี่ยง,เพื่อปลูกฝังความโปร่งใสและการรับรู้ถึงความเสี่ยงให้เข้ากับวัฒนธรรมขององค์กร,Sipoc (SE-AM ข้อ 1.4).xlsx,กระบวนการ (1.4),1.4-O05,O,- วาระการประชุม เรื่อง รายงานผลการดำเนินงานตามแผนเสริมสร้างค่านิยมและวัฒนธรรมองค์กรฯ,51,56,กล่องข้อความ คอลัมน์ F (แถว 51–56),,,,,
1.4,กระบวนการสร้างความมุ่งมั่นต่อค่านิยมองค์กร,กองบริหารความเสี่ยง,เพื่อปลูกฝังความโปร่งใสและการรับรู้ถึงความเสี่ยงให้เข้ากับวัฒนธรรมขององค์กร,Sipoc (SE-AM ข้อ 1.4).xlsx,กระบวนการ (1.4),1.4-O06,O,- ข้อเสนอแนะ/ข้อคิดเห็น ของคณะทำงานบริหารความเสี่ยงและควบคุมภายในของ กยท. (RIC),72,78,กล่องข้อความ คอลัมน์ F (แถว 72–78),,,,,1.4-O07
1.4,กระบวนการสร้างความมุ่งมั่นต่อค่านิยมองค์กร,กองบริหารความเสี่ยง,เพื่อปลูกฝังความโปร่งใสและการรับรู้ถึงความเสี่ยงให้เข้ากับวัฒนธรรมขององค์กร,Sipoc (SE-AM ข้อ 1.4).xlsx,กระบวนการ (1.4),1.4-O07,O,"- ข้อเสนอแนะ/ข้อคิดเห็น
ของคณะอนุกรมมการบริหารความเสี่ยงและควบคุมภายในของ กยท. (RMC)
- ร่างแผนเสริมสร้างค่านิยมและวัฒนธรรมองค์กร เฉพาะด้านความเสี่ยงและควบคุมภายในของปีถัดไป",84,97,กล่องข้อความ คอลัมน์ F (แถว 84–97),,,,,
1.4,กระบวนการสร้างความมุ่งมั่นต่อค่านิยมองค์กร,กองบริหารความเสี่ยง,เพื่อปลูกฝังความโปร่งใสและการรับรู้ถึงความเสี่ยงให้เข้ากับวัฒนธรรมขององค์กร,Sipoc (SE-AM ข้อ 1.4).xlsx,กระบวนการ (1.4),1.4-C01,C,กบค.,12,14,กล่องข้อความ คอลัมน์ G (แถว 12–14),,,,,
1.4,กระบวนการสร้างความมุ่งมั่นต่อค่านิยมองค์กร,กองบริหารความเสี่ยง,เพื่อปลูกฝังความโปร่งใสและการรับรู้ถึงความเสี่ยงให้เข้ากับวัฒนธรรมขององค์กร,Sipoc (SE-AM ข้อ 1.4).xlsx,กระบวนการ (1.4),1.4-C02,C,กบค.,25,27,กล่องข้อความ คอลัมน์ G (แถว 25–27),,,,,
1.4,กระบวนการสร้างความมุ่งมั่นต่อค่านิยมองค์กร,กองบริหารความเสี่ยง,เพื่อปลูกฝังความโปร่งใสและการรับรู้ถึงความเสี่ยงให้เข้ากับวัฒนธรรมขององค์กร,Sipoc (SE-AM ข้อ 1.4).xlsx,กระบวนการ (1.4),1.4-C03,C,ส่วนงาน/หน่วยงาน,34,35,กล่องข้อความ คอลัมน์ G (แถว 34–35),,,,,
1.4,กระบวนการสร้างความมุ่งมั่นต่อค่านิยมองค์กร,กองบริหารความเสี่ยง,เพื่อปลูกฝังความโปร่งใสและการรับรู้ถึงความเสี่ยงให้เข้ากับวัฒนธรรมขององค์กร,Sipoc (SE-AM ข้อ 1.4).xlsx,กระบวนการ (1.4),1.4-C04,C,กบค.,40,42,กล่องข้อความ คอลัมน์ G (แถว 40–42),,,,,
1.4,กระบวนการสร้างความมุ่งมั่นต่อค่านิยมองค์กร,กองบริหารความเสี่ยง,เพื่อปลูกฝังความโปร่งใสและการรับรู้ถึงความเสี่ยงให้เข้ากับวัฒนธรรมขององค์กร,Sipoc (SE-AM ข้อ 1.4).xlsx,กระบวนการ (1.4),1.4-C05,C,กบค.,51,53,กล่องข้อความ คอลัมน์ G (แถว 51–53),,,,,
1.4,กระบวนการสร้างความมุ่งมั่นต่อค่านิยมองค์กร,กองบริหารความเสี่ยง,เพื่อปลูกฝังความโปร่งใสและการรับรู้ถึงความเสี่ยงให้เข้ากับวัฒนธรรมขององค์กร,Sipoc (SE-AM ข้อ 1.4).xlsx,กระบวนการ (1.4),1.4-C06,C,กบค.,72,74,กล่องข้อความ คอลัมน์ G (แถว 72–74),,,,,
1.4,กระบวนการสร้างความมุ่งมั่นต่อค่านิยมองค์กร,กองบริหารความเสี่ยง,เพื่อปลูกฝังความโปร่งใสและการรับรู้ถึงความเสี่ยงให้เข้ากับวัฒนธรรมขององค์กร,Sipoc (SE-AM ข้อ 1.4).xlsx,กระบวนการ (1.4),1.4-C07,C,กบค.,84,86,กล่องข้อความ คอลัมน์ G (แถว 84–86),,,,,
1.5,แรงจูงใจ การพัฒนาและการรักษาบุคลากร,กองบริหารความเสี่ยง,เพื่อกำหนดแรงจูงใจ การพัฒนาและการรักษาบุคลากร,Sipoc (SE-AM ข้อ 1.5).xlsx,1. As-is  และ To-be Process,1.5-S01,S,คณะกรรมการ กยท. / ผู้บริหาร / หน่วยงานกำกับดูแล,11,16,กล่องข้อความ คอลัมน์ C (แถว 11–16),,,,,
1.5,แรงจูงใจ การพัฒนาและการรักษาบุคลากร,กองบริหารความเสี่ยง,เพื่อกำหนดแรงจูงใจ การพัฒนาและการรักษาบุคลากร,Sipoc (SE-AM ข้อ 1.5).xlsx,1. As-is  และ To-be Process,1.5-S02,S,"ฝ่ายทรัพยากรมนุษย์
ฝยศ./กบค.",19,22,กล่องข้อความ คอลัมน์ C (แถว 19–22),,,,,
1.5,แรงจูงใจ การพัฒนาและการรักษาบุคลากร,กองบริหารความเสี่ยง,เพื่อกำหนดแรงจูงใจ การพัฒนาและการรักษาบุคลากร,Sipoc (SE-AM ข้อ 1.5).xlsx,1. As-is  และ To-be Process,1.5-S03,S,ฝยศ./กบค.,25,27,กล่องข้อความ คอลัมน์ C (แถว 25–27),,,,,
1.5,แรงจูงใจ การพัฒนาและการรักษาบุคลากร,กองบริหารความเสี่ยง,เพื่อกำหนดแรงจูงใจ การพัฒนาและการรักษาบุคลากร,Sipoc (SE-AM ข้อ 1.5).xlsx,1. As-is  และ To-be Process,1.5-S04,S,ฝยศ./กบค.,31,32,กล่องข้อความ คอลัมน์ C (แถว 31–32),,,,,
1.5,แรงจูงใจ การพัฒนาและการรักษาบุคลากร,กองบริหารความเสี่ยง,เพื่อกำหนดแรงจูงใจ การพัฒนาและการรักษาบุคลากร,Sipoc (SE-AM ข้อ 1.5).xlsx,1. As-is  และ To-be Process,1.5-S05,S,"ฝยศ./กบค.
ฝทม./กอล.",38,40,กล่องข้อความ คอลัมน์ C (แถว 38–40),,,,,
1.5,แรงจูงใจ การพัฒนาและการรักษาบุคลากร,กองบริหารความเสี่ยง,เพื่อกำหนดแรงจูงใจ การพัฒนาและการรักษาบุคลากร,Sipoc (SE-AM ข้อ 1.5).xlsx,1. As-is  และ To-be Process,1.5-S06,S,ฝยศ./กบค.,45,46,กล่องข้อความ คอลัมน์ C (แถว 45–46),,,,,
1.5,แรงจูงใจ การพัฒนาและการรักษาบุคลากร,กองบริหารความเสี่ยง,เพื่อกำหนดแรงจูงใจ การพัฒนาและการรักษาบุคลากร,Sipoc (SE-AM ข้อ 1.5).xlsx,1. As-is  และ To-be Process,1.5-S07,S,"ฝยศ./กบค.
ฝทม.กกจ.",47,47,กล่องข้อความ คอลัมน์ C (แถว 47),,,,,
1.5,แรงจูงใจ การพัฒนาและการรักษาบุคลากร,กองบริหารความเสี่ยง,เพื่อกำหนดแรงจูงใจ การพัฒนาและการรักษาบุคลากร,Sipoc (SE-AM ข้อ 1.5).xlsx,1. As-is  และ To-be Process,1.5-S08,S,"ฝยศ./กบค.
ฝทม.กกจ.",49,51,กล่องข้อความ คอลัมน์ C (แถว 49–51),,,,,
1.5,แรงจูงใจ การพัฒนาและการรักษาบุคลากร,กองบริหารความเสี่ยง,เพื่อกำหนดแรงจูงใจ การพัฒนาและการรักษาบุคลากร,Sipoc (SE-AM ข้อ 1.5).xlsx,1. As-is  และ To-be Process,1.5-S09,S,"ฝยศ./กบค.
ฝทม.กกจ.",56,58,กล่องข้อความ คอลัมน์ C (แถว 56–58),,,,,
1.5,แรงจูงใจ การพัฒนาและการรักษาบุคลากร,กองบริหารความเสี่ยง,เพื่อกำหนดแรงจูงใจ การพัฒนาและการรักษาบุคลากร,Sipoc (SE-AM ข้อ 1.5).xlsx,1. As-is  และ To-be Process,1.5-S10,S,"ฝยศ./กบค.
ฝทม.กกจ.",62,64,กล่องข้อความ คอลัมน์ C (แถว 62–64),,,,,
1.5,แรงจูงใจ การพัฒนาและการรักษาบุคลากร,กองบริหารความเสี่ยง,เพื่อกำหนดแรงจูงใจ การพัฒนาและการรักษาบุคลากร,Sipoc (SE-AM ข้อ 1.5).xlsx,1. As-is  และ To-be Process,1.5-I01,I,นโยบายบริหารความเสี่ยง นโยบาย HR หลักเกณฑ์ประเมินผลผู้บริหาร และหลักเกณฑ์ผลตอบแทน/แรงจูงใจ,11,18,กล่องข้อความ คอลัมน์ D (แถว 11–18),,,,,
1.5,แรงจูงใจ การพัฒนาและการรักษาบุคลากร,กองบริหารความเสี่ยง,เพื่อกำหนดแรงจูงใจ การพัฒนาและการรักษาบุคลากร,Sipoc (SE-AM ข้อ 1.5).xlsx,1. As-is  และ To-be Process,1.5-I02,I,ผลการบริหารความเสี่ยงระดับองค์กร KPI องค์กร หลักเกณฑ์ประเมินผลการปฏิบัติงาน และโครงสร้างผลตอบแทน,18,25,กล่องข้อความ คอลัมน์ D (แถว 18–25),,,,,
1.5,แรงจูงใจ การพัฒนาและการรักษาบุคลากร,กองบริหารความเสี่ยง,เพื่อกำหนดแรงจูงใจ การพัฒนาและการรักษาบุคลากร,Sipoc (SE-AM ข้อ 1.5).xlsx,1. As-is  และ To-be Process,1.5-I03,I,ผลการวิเคราะห์ความเชื่อมโยงและตัวชี้วัดความเสี่ยงระดับองค์กร,25,29,กล่องข้อความ คอลัมน์ D (แถว 25–29),,,,,
1.5,แรงจูงใจ การพัฒนาและการรักษาบุคลากร,กองบริหารความเสี่ยง,เพื่อกำหนดแรงจูงใจ การพัฒนาและการรักษาบุคลากร,Sipoc (SE-AM ข้อ 1.5).xlsx,1. As-is  และ To-be Process,1.5-I04,I,ตัวชี้วัดความเสี่ยงระดับองค์กร Risk Appetite / Risk Tolerance และแผนบริหารความเสี่ยง,31,36,กล่องข้อความ คอลัมน์ D (แถว 31–36),,,,,
1.5,แรงจูงใจ การพัฒนาและการรักษาบุคลากร,กองบริหารความเสี่ยง,เพื่อกำหนดแรงจูงใจ การพัฒนาและการรักษาบุคลากร,Sipoc (SE-AM ข้อ 1.5).xlsx,1. As-is  และ To-be Process,1.5-I05,I,เป้าหมายและตัวชี้วัดระดับสายงาน แผนงาน/โครงการ และข้อมูลความเสี่ยงของแต่ละสายงาน,38,44,กล่องข้อความ คอลัมน์ D (แถว 38–44),,,,,
1.5,แรงจูงใจ การพัฒนาและการรักษาบุคลากร,กองบริหารความเสี่ยง,เพื่อกำหนดแรงจูงใจ การพัฒนาและการรักษาบุคลากร,Sipoc (SE-AM ข้อ 1.5).xlsx,1. As-is  และ To-be Process,1.5-I06,I,Risk Profile ผลการประเมินความเสี่ยง และผลการดำเนินงานของแต่ละสายงาน,45,47,กล่องข้อความ คอลัมน์ D (แถว 45–47),,,,,
1.5,แรงจูงใจ การพัฒนาและการรักษาบุคลากร,กองบริหารความเสี่ยง,เพื่อกำหนดแรงจูงใจ การพัฒนาและการรักษาบุคลากร,Sipoc (SE-AM ข้อ 1.5).xlsx,1. As-is  และ To-be Process,1.5-I07,I,ผลการบริหารความเสี่ยง ผลการประเมิน KPI และผลการปฏิบัติงาน,47,47,กล่องข้อความ คอลัมน์ D (แถว 47),,,,,
1.5,แรงจูงใจ การพัฒนาและการรักษาบุคลากร,กองบริหารความเสี่ยง,เพื่อกำหนดแรงจูงใจ การพัฒนาและการรักษาบุคลากร,Sipoc (SE-AM ข้อ 1.5).xlsx,1. As-is  และ To-be Process,1.5-I08,I,ผลการประเมินผู้บริหาร ผล Risk Profile ผล KPI และข้อมูลสมรรถนะบุคลากร,48,54,กล่องข้อความ คอลัมน์ D (แถว 48–54),,,,,
1.5,แรงจูงใจ การพัฒนาและการรักษาบุคลากร,กองบริหารความเสี่ยง,เพื่อกำหนดแรงจูงใจ การพัฒนาและการรักษาบุคลากร,Sipoc (SE-AM ข้อ 1.5).xlsx,1. As-is  และ To-be Process,1.5-I09,I,ผลการดำเนินงาน ผลประเมิน KPI ข้อเสนอแนะ และปัญหาอุปสรรค,56,60,กล่องข้อความ คอลัมน์ D (แถว 56–60),,,,,
1.5,แรงจูงใจ การพัฒนาและการรักษาบุคลากร,กองบริหารความเสี่ยง,เพื่อกำหนดแรงจูงใจ การพัฒนาและการรักษาบุคลากร,Sipoc (SE-AM ข้อ 1.5).xlsx,1. As-is  และ To-be Process,1.5-I10,I,ผลการประเมินประสิทธิผล Lessons Learned และข้อเสนอแนะ,62,66,กล่องข้อความ คอลัมน์ D (แถว 62–66),,,,,
1.5,แรงจูงใจ การพัฒนาและการรักษาบุคลากร,กองบริหารความเสี่ยง,เพื่อกำหนดแรงจูงใจ การพัฒนาและการรักษาบุคลากร,Sipoc (SE-AM ข้อ 1.5).xlsx,1. As-is  และ To-be Process,1.5-P01,P,1. รวบรวมและทบทวนนโยบาย หลักเกณฑ์ และแนวทางที่เกี่ยวข้องกับการเชื่อมโยงผลการบริหารความเสี่ยงกับการประเมินผลและแรงจูงใจ,11,15,กล่องข้อความ คอลัมน์ E (แถว 11–15),ส.ค.,ส.ค.,,10,
1.5,แรงจูงใจ การพัฒนาและการรักษาบุคลากร,กองบริหารความเสี่ยง,เพื่อกำหนดแรงจูงใจ การพัฒนาและการรักษาบุคลากร,Sipoc (SE-AM ข้อ 1.5).xlsx,1. As-is  และ To-be Process,1.5-P02,P,2. วิเคราะห์ความเชื่อมโยงระหว่างผลการบริหารความเสี่ยงกับระบบประเมินผลและผลตอบแทน/แรงจูงใจ,17,22,กล่องข้อความ คอลัมน์ E (แถว 17–22),ต.ค.,ต.ค.,,0,
1.5,แรงจูงใจ การพัฒนาและการรักษาบุคลากร,กองบริหารความเสี่ยง,เพื่อกำหนดแรงจูงใจ การพัฒนาและการรักษาบุคลากร,Sipoc (SE-AM ข้อ 1.5).xlsx,1. As-is  และ To-be Process,1.5-P03,P,3. กำหนดแนวทางและหลักเกณฑ์การเชื่อมโยงผลการบริหารความเสี่ยงกับการประเมินผลและแรงจูงใจของผู้บริหารแต่ละระดับ,24,28,กล่องข้อความ คอลัมน์ E (แถว 24–28),ก.ย.,ก.ย.,,11,
1.5,แรงจูงใจ การพัฒนาและการรักษาบุคลากร,กองบริหารความเสี่ยง,เพื่อกำหนดแรงจูงใจ การพัฒนาและการรักษาบุคลากร,Sipoc (SE-AM ข้อ 1.5).xlsx,1. As-is  และ To-be Process,1.5-P04,P,4. ถ่ายทอดตัวชี้วัดการบริหารความเสี่ยงระดับองค์กรสู่ระดับสายงาน/ฝ่ายงาน,31,34,กล่องข้อความ คอลัมน์ E (แถว 31–34),,,,,
1.5,แรงจูงใจ การพัฒนาและการรักษาบุคลากร,กองบริหารความเสี่ยง,เพื่อกำหนดแรงจูงใจ การพัฒนาและการรักษาบุคลากร,Sipoc (SE-AM ข้อ 1.5).xlsx,1. As-is  และ To-be Process,1.5-P05,P,5. จัดทำ/ทบทวน Risk Profile และกำหนดกิจกรรมสนับสนุนการบริหารความเสี่ยงของแต่ละสายงาน,37,41,กล่องข้อความ คอลัมน์ E (แถว 37–41),ก.ย. - ธ.ค.,ธ.ค.,,0|1|2|11,
1.5,แรงจูงใจ การพัฒนาและการรักษาบุคลากร,กองบริหารความเสี่ยง,เพื่อกำหนดแรงจูงใจ การพัฒนาและการรักษาบุคลากร,Sipoc (SE-AM ข้อ 1.5).xlsx,1. As-is  และ To-be Process,1.5-P06,P,6. เชื่อมโยงผลการบริหารความเสี่ยงของสายงานกับผลการประเมินผู้บริหารและผลตอบแทน/แรงจูงใจ,44,47,กล่องข้อความ คอลัมน์ E (แถว 44–47),,,,,
1.5,แรงจูงใจ การพัฒนาและการรักษาบุคลากร,กองบริหารความเสี่ยง,เพื่อกำหนดแรงจูงใจ การพัฒนาและการรักษาบุคลากร,Sipoc (SE-AM ข้อ 1.5).xlsx,1. As-is  และ To-be Process,1.5-P07,P,7. ติดตามและประเมินผลการดำเนินงานด้านการบริหารความเสี่ยงเทียบกับเป้าหมายและระดับความเสี่ยงที่กำหนด,47,47,กล่องข้อความ คอลัมน์ E (แถว 47),,,,,
1.5,แรงจูงใจ การพัฒนาและการรักษาบุคลากร,กองบริหารความเสี่ยง,เพื่อกำหนดแรงจูงใจ การพัฒนาและการรักษาบุคลากร,Sipoc (SE-AM ข้อ 1.5).xlsx,1. As-is  และ To-be Process,1.5-P08,P,8. วิเคราะห์ผลเพื่อกำหนดแนวทางพัฒนา สร้างแรงจูงใจ และรักษาบุคลากรที่เกี่ยวข้องกับการบริหารความเสี่ยง,48,52,กล่องข้อความ คอลัมน์ E (แถว 48–52),,,,,
1.5,แรงจูงใจ การพัฒนาและการรักษาบุคลากร,กองบริหารความเสี่ยง,เพื่อกำหนดแรงจูงใจ การพัฒนาและการรักษาบุคลากร,Sipoc (SE-AM ข้อ 1.5).xlsx,1. As-is  และ To-be Process,1.5-P09,P,9. ประเมินประสิทธิผลของการเชื่อมโยงผลการบริหารความเสี่ยงกับการประเมินผลและแรงจูงใจ,55,59,กล่องข้อความ คอลัมน์ E (แถว 55–59),,,,,
1.5,แรงจูงใจ การพัฒนาและการรักษาบุคลากร,กองบริหารความเสี่ยง,เพื่อกำหนดแรงจูงใจ การพัฒนาและการรักษาบุคลากร,Sipoc (SE-AM ข้อ 1.5).xlsx,1. As-is  และ To-be Process,1.5-P10,P,10. ทบทวนและปรับปรุงแนวทาง หลักเกณฑ์ ตัวชี้วัด และกระบวนการเชื่อมโยงผลการบริหารความเสี่ยงกับแรงจูงใจสำหรับรอบปีถัดไป,61,67,กล่องข้อความ คอลัมน์ E (แถว 61–67),,,,,
1.5,แรงจูงใจ การพัฒนาและการรักษาบุคลากร,กองบริหารความเสี่ยง,เพื่อกำหนดแรงจูงใจ การพัฒนาและการรักษาบุคลากร,Sipoc (SE-AM ข้อ 1.5).xlsx,1. As-is  และ To-be Process,1.5-O01,O,ข้อมูล/หลักเกณฑ์สำหรับกำหนดแนวทางการเชื่อมโยงผลการบริหารความเสี่ยงกับ Incentive,12,17,กล่องข้อความ คอลัมน์ F (แถว 12–17),,,,,
1.5,แรงจูงใจ การพัฒนาและการรักษาบุคลากร,กองบริหารความเสี่ยง,เพื่อกำหนดแรงจูงใจ การพัฒนาและการรักษาบุคลากร,Sipoc (SE-AM ข้อ 1.5).xlsx,1. As-is  และ To-be Process,1.5-O02,O,ผลการวิเคราะห์ความเชื่อมโยง Risk Performance – Performance Evaluation – Incentive,17,23,กล่องข้อความ คอลัมน์ F (แถว 17–23),,,,,
1.5,แรงจูงใจ การพัฒนาและการรักษาบุคลากร,กองบริหารความเสี่ยง,เพื่อกำหนดแรงจูงใจ การพัฒนาและการรักษาบุคลากร,Sipoc (SE-AM ข้อ 1.5).xlsx,1. As-is  และ To-be Process,1.5-O03,O,แนวทาง/หลักเกณฑ์การเชื่อมโยงผลการบริหารความเสี่ยงกับผลตอบแทนและแรงจูงใจที่ชัดเจน,24,30,กล่องข้อความ คอลัมน์ F (แถว 24–30),,,,,
1.5,แรงจูงใจ การพัฒนาและการรักษาบุคลากร,กองบริหารความเสี่ยง,เพื่อกำหนดแรงจูงใจ การพัฒนาและการรักษาบุคลากร,Sipoc (SE-AM ข้อ 1.5).xlsx,1. As-is  และ To-be Process,1.5-O04,O,ตัวชี้วัดด้านการบริหารความเสี่ยงของแต่ละสายงานที่เชื่อมโยงกับเป้าหมายองค์กร,30,37,กล่องข้อความ คอลัมน์ F (แถว 30–37),,,,,
1.5,แรงจูงใจ การพัฒนาและการรักษาบุคลากร,กองบริหารความเสี่ยง,เพื่อกำหนดแรงจูงใจ การพัฒนาและการรักษาบุคลากร,Sipoc (SE-AM ข้อ 1.5).xlsx,1. As-is  และ To-be Process,1.5-O05,O,Risk Profile ระดับสายงาน / Risk Indicator / กิจกรรมบริหารความเสี่ยงของสายงาน,38,43,กล่องข้อความ คอลัมน์ F (แถว 38–43),,,,,
1.5,แรงจูงใจ การพัฒนาและการรักษาบุคลากร,กองบริหารความเสี่ยง,เพื่อกำหนดแรงจูงใจ การพัฒนาและการรักษาบุคลากร,Sipoc (SE-AM ข้อ 1.5).xlsx,1. As-is  และ To-be Process,1.5-O06,O,ผลการประเมินที่สะท้อนผลสำเร็จด้านการบริหารความเสี่ยงของผู้บริหารแต่ละระดับ,44,47,กล่องข้อความ คอลัมน์ F (แถว 44–47),,,,,
1.5,แรงจูงใจ การพัฒนาและการรักษาบุคลากร,กองบริหารความเสี่ยง,เพื่อกำหนดแรงจูงใจ การพัฒนาและการรักษาบุคลากร,Sipoc (SE-AM ข้อ 1.5).xlsx,1. As-is  และ To-be Process,1.5-O07,O,รายงานผลการดำเนินงาน / ระดับความเสี่ยงคงเหลือ / ผลการบรรลุ KPI,47,47,กล่องข้อความ คอลัมน์ F (แถว 47),,,,,
1.5,แรงจูงใจ การพัฒนาและการรักษาบุคลากร,กองบริหารความเสี่ยง,เพื่อกำหนดแรงจูงใจ การพัฒนาและการรักษาบุคลากร,Sipoc (SE-AM ข้อ 1.5).xlsx,1. As-is  และ To-be Process,1.5-O08,O,"พัฒนา สร้างแรงจูงใจ และรักษาบุคลากรที่เกี่ยวข้องกับการบริหารความเสี่ยง
แนวทางพัฒนาศักยภาพ / Training Need / Recognition / Incentive / แนวทางรักษาบุคลากร",48,55,กล่องข้อความ คอลัมน์ F (แถว 48–55),,,,,
1.5,แรงจูงใจ การพัฒนาและการรักษาบุคลากร,กองบริหารความเสี่ยง,เพื่อกำหนดแรงจูงใจ การพัฒนาและการรักษาบุคลากร,Sipoc (SE-AM ข้อ 1.5).xlsx,1. As-is  และ To-be Process,1.5-O09,O,ผลการประเมินประสิทธิผล / Gap / ข้อเสนอแนะในการปรับปรุง,55,60,กล่องข้อความ คอลัมน์ F (แถว 55–60),,,,,
1.5,แรงจูงใจ การพัฒนาและการรักษาบุคลากร,กองบริหารความเสี่ยง,เพื่อกำหนดแรงจูงใจ การพัฒนาและการรักษาบุคลากร,Sipoc (SE-AM ข้อ 1.5).xlsx,1. As-is  และ To-be Process,1.5-O10,O,แนวทาง/หลักเกณฑ์/ตัวชี้วัดฉบับปรับปรุง,61,66,กล่องข้อความ คอลัมน์ F (แถว 61–66),,,,,
1.5,แรงจูงใจ การพัฒนาและการรักษาบุคลากร,กองบริหารความเสี่ยง,เพื่อกำหนดแรงจูงใจ การพัฒนาและการรักษาบุคลากร,Sipoc (SE-AM ข้อ 1.5).xlsx,1. As-is  และ To-be Process,1.5-C01,C,ส่วนงาน/หน่วยงาน ภายใน กยท.,11,11,เซลล์ G11 (แถว 11),,,,,
1.5,แรงจูงใจ การพัฒนาและการรักษาบุคลากร,กองบริหารความเสี่ยง,เพื่อกำหนดแรงจูงใจ การพัฒนาและการรักษาบุคลากร,Sipoc (SE-AM ข้อ 1.5).xlsx,1. As-is  และ To-be Process,1.5-C02,C,ฝยศ./กบค.,12,13,กล่องข้อความ คอลัมน์ G (แถว 12–13),,,,,
1.5,แรงจูงใจ การพัฒนาและการรักษาบุคลากร,กองบริหารความเสี่ยง,เพื่อกำหนดแรงจูงใจ การพัฒนาและการรักษาบุคลากร,Sipoc (SE-AM ข้อ 1.5).xlsx,1. As-is  และ To-be Process,1.5-C03,C,ฝยศ./กบค.,18,20,กล่องข้อความ คอลัมน์ G (แถว 18–20),,,,,
1.5,แรงจูงใจ การพัฒนาและการรักษาบุคลากร,กองบริหารความเสี่ยง,เพื่อกำหนดแรงจูงใจ การพัฒนาและการรักษาบุคลากร,Sipoc (SE-AM ข้อ 1.5).xlsx,1. As-is  และ To-be Process,1.5-C04,C,ฝยศ./กบค.,25,26,กล่องข้อความ คอลัมน์ G (แถว 25–26),,,,,
1.5,แรงจูงใจ การพัฒนาและการรักษาบุคลากร,กองบริหารความเสี่ยง,เพื่อกำหนดแรงจูงใจ การพัฒนาและการรักษาบุคลากร,Sipoc (SE-AM ข้อ 1.5).xlsx,1. As-is  และ To-be Process,1.5-C05,C,ฝยศ./กบค.,31,33,กล่องข้อความ คอลัมน์ G (แถว 31–33),,,,,
1.5,แรงจูงใจ การพัฒนาและการรักษาบุคลากร,กองบริหารความเสี่ยง,เพื่อกำหนดแรงจูงใจ การพัฒนาและการรักษาบุคลากร,Sipoc (SE-AM ข้อ 1.5).xlsx,1. As-is  และ To-be Process,1.5-C06,C,ฝยศ./กบค.,38,39,กล่องข้อความ คอลัมน์ G (แถว 38–39),,,,,
1.5,แรงจูงใจ การพัฒนาและการรักษาบุคลากร,กองบริหารความเสี่ยง,เพื่อกำหนดแรงจูงใจ การพัฒนาและการรักษาบุคลากร,Sipoc (SE-AM ข้อ 1.5).xlsx,1. As-is  และ To-be Process,1.5-C07,C,ฝยศ./กบค.,45,47,กล่องข้อความ คอลัมน์ G (แถว 45–47),,,,,
1.5,แรงจูงใจ การพัฒนาและการรักษาบุคลากร,กองบริหารความเสี่ยง,เพื่อกำหนดแรงจูงใจ การพัฒนาและการรักษาบุคลากร,Sipoc (SE-AM ข้อ 1.5).xlsx,1. As-is  และ To-be Process,1.5-C08,C,ฝยศ./กบค.,47,47,กล่องข้อความ คอลัมน์ G (แถว 47),,,,,
1.5,แรงจูงใจ การพัฒนาและการรักษาบุคลากร,กองบริหารความเสี่ยง,เพื่อกำหนดแรงจูงใจ การพัฒนาและการรักษาบุคลากร,Sipoc (SE-AM ข้อ 1.5).xlsx,1. As-is  และ To-be Process,1.5-C09,C,ฝยศ./กบค.,48,49,กล่องข้อความ คอลัมน์ G (แถว 48–49),,,,,
1.5,แรงจูงใจ การพัฒนาและการรักษาบุคลากร,กองบริหารความเสี่ยง,เพื่อกำหนดแรงจูงใจ การพัฒนาและการรักษาบุคลากร,Sipoc (SE-AM ข้อ 1.5).xlsx,1. As-is  และ To-be Process,1.5-C10,C,ฝยศ./กบค.,55,57,กล่องข้อความ คอลัมน์ G (แถว 55–57),,,,,
1.5,แรงจูงใจ การพัฒนาและการรักษาบุคลากร,กองบริหารความเสี่ยง,เพื่อกำหนดแรงจูงใจ การพัฒนาและการรักษาบุคลากร,Sipoc (SE-AM ข้อ 1.5).xlsx,1. As-is  และ To-be Process,1.5-C11,C,ฝยศ./กบค.,61,63,กล่องข้อความ คอลัมน์ G (แถว 61–63),,,,,
2.2,การประเมินประสิทธิผลการระบุเป้าหมายการบริหารความเสี่ยง,กองบริหารความเสี่ยง,เพื่อกำหนดเป้าหมายการบริหารความเสี่ยง (Risk Appetite) ให้สอดคล้องกับเป้าประสงค์และยุทธศาสตร์ขององค์กร,Sipoc (SE-AM ข้อ 2.2).xlsx,1. As-is  และ To-be Process,2.2-S01,S,"ภายนอก:
- สำนักงานคณะกรรมการนโยบายรัฐวิสาหกิจ (สคร.)
- หน่วยงานกำกับดูแลอื่นๆ
ภายใน:
- คณะกรรมการ/ผู้บริหารระดับสูง
- ฝ่ายยุทธศาสตร์องค์กร
- เจ้าของปัจจัยเสี่ยง (Risk Owner)
- ทุกส่วนงาน/หน่วยงานในองค์กร",11,11,เซลล์ C11 (แถว 11),,,,,
2.2,การประเมินประสิทธิผลการระบุเป้าหมายการบริหารความเสี่ยง,กองบริหารความเสี่ยง,เพื่อกำหนดเป้าหมายการบริหารความเสี่ยง (Risk Appetite) ให้สอดคล้องกับเป้าประสงค์และยุทธศาสตร์ขององค์กร,Sipoc (SE-AM ข้อ 2.2).xlsx,1. As-is  และ To-be Process,2.2-S02,S,"ภายนอก:
- สำนักงานคณะกรรมการนโยบายรัฐวิสาหกิจ (สคร.)
- หน่วยงานกำกับดูแลอื่นๆ
ภายใน:
- คณะกรรมการ/ผู้บริหารระดับสูง
- ฝ่ายยุทธศาสตร์องค์กร
- เจ้าของปัจจัยเสี่ยง (Risk Owner)
- ทุกส่วนงาน/หน่วยงานในองค์กร",50,50,เซลล์ C50 (แถว 50),,,,,
2.2,การประเมินประสิทธิผลการระบุเป้าหมายการบริหารความเสี่ยง,กองบริหารความเสี่ยง,เพื่อกำหนดเป้าหมายการบริหารความเสี่ยง (Risk Appetite) ให้สอดคล้องกับเป้าประสงค์และยุทธศาสตร์ขององค์กร,Sipoc (SE-AM ข้อ 2.2).xlsx,1. As-is  และ To-be Process,2.2-I01,I,"ข้อมูล/เอกสาร:
- แผนวิสาหกิจ กยท.
- เป้าหมาย/วัตถุประสงค์ขององค์กร (Business Objective)
- ความต้องการของผู้มีส่วนได้ส่วนเสีย
- นโยบายและกรอบการบริหารความเสี่ยง
- หลักเกณฑ์ SE-AM (RM & IC)
- ข้อกฎหมายและกฎระเบียบที่เกี่ยวข้อง",11,30,กล่องข้อความ คอลัมน์ D (แถว 11–30),,,,,
2.2,การประเมินประสิทธิผลการระบุเป้าหมายการบริหารความเสี่ยง,กองบริหารความเสี่ยง,เพื่อกำหนดเป้าหมายการบริหารความเสี่ยง (Risk Appetite) ให้สอดคล้องกับเป้าประสงค์และยุทธศาสตร์ขององค์กร,Sipoc (SE-AM ข้อ 2.2).xlsx,1. As-is  และ To-be Process,2.2-I02,I,"ข้อมูล/เอกสาร:
- แผนวิสาหกิจ กยท.
- เป้าหมาย/วัตถุประสงค์ขององค์กร (Business Objective)
- ความต้องการของผู้มีส่วนได้ส่วนเสีย
- นโยบายและกรอบการบริหารความเสี่ยง
- หลักเกณฑ์ SE-AM (RM & IC)
- ข้อกฎหมายและกฎระเบียบที่เกี่ยวข้อง",50,67,กล่องข้อความ คอลัมน์ D (แถว 50–67),,,,,
2.2,การประเมินประสิทธิผลการระบุเป้าหมายการบริหารความเสี่ยง,กองบริหารความเสี่ยง,เพื่อกำหนดเป้าหมายการบริหารความเสี่ยง (Risk Appetite) ให้สอดคล้องกับเป้าประสงค์และยุทธศาสตร์ขององค์กร,Sipoc (SE-AM ข้อ 2.2).xlsx,1. As-is  และ To-be Process,2.2-P01,P,"การระบุเป้าหมาย
การบริหารความเสี่ยง",11,13,กล่องข้อความ คอลัมน์ E (แถว 11–13),มิ.ย.,มิ.ย.,,8,
2.2,การประเมินประสิทธิผลการระบุเป้าหมายการบริหารความเสี่ยง,กองบริหารความเสี่ยง,เพื่อกำหนดเป้าหมายการบริหารความเสี่ยง (Risk Appetite) ให้สอดคล้องกับเป้าประสงค์และยุทธศาสตร์ขององค์กร,Sipoc (SE-AM ข้อ 2.2).xlsx,1. As-is  และ To-be Process,2.2-P02,P,"1. การเตรียมการและวิเคราะห์ข้อมูล:
- นำข้อมูลเป้าหมายองค์กร (Business Objective) และความต้องการของผู้มีส่วนได้ส่วนเสียจากแผนวิสาหกิจมาเป็นปัจจัยนำเข้า
- วิเคราะห์บริบทองค์กร ยุทธศาสตร์ และเป้าหมายปัจจุบันเพื่อเป็นข้อมูลพื้นฐาน",14,22,กล่องข้อความ คอลัมน์ E (แถว 14–22),"ก.ค. - ส.ค.
ส.ค. - ก.ย.","ส.ค.
ก.ย.",,9|10|11,
2.2,การประเมินประสิทธิผลการระบุเป้าหมายการบริหารความเสี่ยง,กองบริหารความเสี่ยง,เพื่อกำหนดเป้าหมายการบริหารความเสี่ยง (Risk Appetite) ให้สอดคล้องกับเป้าประสงค์และยุทธศาสตร์ขององค์กร,Sipoc (SE-AM ข้อ 2.2).xlsx,1. As-is  และ To-be Process,2.2-P03,P,"2. การประชุมเชิงปฏิบัติการเพื่อกำหนด (RA):
- จัดประชุมเชิงปฏิบัติการ (Workshop) ร่วมกับผู้บริหารระดับสูงและเจ้าของปัจจัยเสี่ยง (Risk Owner)
- ร่วมกันพิจารณาและกำหนดระดับความเสี่ยงที่องค์กรยอมรับได้ (Risk Appetite: RA) และระดับเบี่ยงเบนที่ยอมรับได้ (Risk Tolerance: RT)",23,30,กล่องข้อความ คอลัมน์ E (แถว 23–30),ก.ย.,ก.ย.,,11,
2.2,การประเมินประสิทธิผลการระบุเป้าหมายการบริหารความเสี่ยง,กองบริหารความเสี่ยง,เพื่อกำหนดเป้าหมายการบริหารความเสี่ยง (Risk Appetite) ให้สอดคล้องกับเป้าประสงค์และยุทธศาสตร์ขององค์กร,Sipoc (SE-AM ข้อ 2.2).xlsx,1. As-is  และ To-be Process,2.2-P04,P,"3. การจัดทำและเสนอขออนุมัติ:
- จัดทำ วาระการประชุมการกําหนดหลักเกณฑในการระบุปัจจัยเสี่ยงเพื่อนำเสนอต่อคณะทำงานการบริหารความเสี่ยงและควบคุมภายใน (RIC) และคณะอนุกรรมการบริหารความเสี่ยงและควบคุมภายในของ กยท. (RMC)/เพื่อพิจารณาให้ความเห็นชอบและอนุมัติ ตามลำดับ",32,39,กล่องข้อความ คอลัมน์ E (แถว 32–39),ก.ย. - ธ.ค.,ธ.ค.,,0|1|2|11,
2.2,การประเมินประสิทธิผลการระบุเป้าหมายการบริหารความเสี่ยง,กองบริหารความเสี่ยง,เพื่อกำหนดเป้าหมายการบริหารความเสี่ยง (Risk Appetite) ให้สอดคล้องกับเป้าประสงค์และยุทธศาสตร์ขององค์กร,Sipoc (SE-AM ข้อ 2.2).xlsx,1. As-is  และ To-be Process,2.2-P05,P,เสนอที่ประชุมคณะทำงาน RIC เพื่อพิจารณาเห็นชอบ,49,56,กล่องข้อความ คอลัมน์ E (แถว 49–56),"มิ.ย.
ก.ค. - ส.ค.","มิ.ย.
ส.ค.",,8|9|10,
2.2,การประเมินประสิทธิผลการระบุเป้าหมายการบริหารความเสี่ยง,กองบริหารความเสี่ยง,เพื่อกำหนดเป้าหมายการบริหารความเสี่ยง (Risk Appetite) ให้สอดคล้องกับเป้าประสงค์และยุทธศาสตร์ขององค์กร,Sipoc (SE-AM ข้อ 2.2).xlsx,1. As-is  และ To-be Process,2.2-P06,P,เสนอที่ประชุมคณะอนุกรรมการ RMC เพื่อพิจารณาเห็นชอบ,58,65,กล่องข้อความ คอลัมน์ E (แถว 58–65),"ส.ค. - ก.ย.
ก.ย.",ก.ย.,,10|11,
2.2,การประเมินประสิทธิผลการระบุเป้าหมายการบริหารความเสี่ยง,กองบริหารความเสี่ยง,เพื่อกำหนดเป้าหมายการบริหารความเสี่ยง (Risk Appetite) ให้สอดคล้องกับเป้าประสงค์และยุทธศาสตร์ขององค์กร,Sipoc (SE-AM ข้อ 2.2).xlsx,1. As-is  และ To-be Process,2.2-P07,P,"4. การสื่อสารและถ่ายทอด:
- สื่อสาร RA และ RT ที่ได้รับอนุมัติให้ทุกส่วนงาน/หน่วยงานใน กยท. รับทราบผ่านช่องทางต่างๆ เช่น การประชุม กลุ่มไลน์ และโครงการถ่ายทอดความรู้
- ถ่ายทอดไปยังเจ้าของปัจจัยเสี่ยงเพื่อใช้เป็นกรอบในการกำหนดแผนบริหารจัดการความเสี่ยงและกิจกรรมควบคุม",67,74,กล่องข้อความ คอลัมน์ E (แถว 67–74),"ส.ค. - ก.ย.
ก.ย.",ก.ย.,,10|11,
2.2,การประเมินประสิทธิผลการระบุเป้าหมายการบริหารความเสี่ยง,กองบริหารความเสี่ยง,เพื่อกำหนดเป้าหมายการบริหารความเสี่ยง (Risk Appetite) ให้สอดคล้องกับเป้าประสงค์และยุทธศาสตร์ขององค์กร,Sipoc (SE-AM ข้อ 2.2).xlsx,1. As-is  และ To-be Process,2.2-P08,P,"5. การบูรณาการเข้ากับกระบวนการหลัก:
- นำ RA/RT ไปใช้ประกอบการตัดสินใจเชิงกลยุทธ์ การจัดทำงบประมาณ และการบริหารผลการปฏิบัติงาน
- กำหนดตัวชี้วัดความเสี่ยงหลัก (Key Risk Indicators: KRIs) เพื่อติดตามและเฝ้าระวังระดับความเสี่ยงเทียบกับ RA",76,84,กล่องข้อความ คอลัมน์ E (แถว 76–84),,,,,
2.2,การประเมินประสิทธิผลการระบุเป้าหมายการบริหารความเสี่ยง,กองบริหารความเสี่ยง,เพื่อกำหนดเป้าหมายการบริหารความเสี่ยง (Risk Appetite) ให้สอดคล้องกับเป้าประสงค์และยุทธศาสตร์ขององค์กร,Sipoc (SE-AM ข้อ 2.2).xlsx,1. As-is  และ To-be Process,2.2-P09,P,"6. การทบทวนและประเมินประสิทธิผล:
- ทบทวน RA และ RT อย่างน้อยปีละ 1 ครั้ง หรือเมื่อมีปัจจัยสำคัญเปลี่ยนแปลง
- ประเมินประสิทธิผลของกระบวนการผ่านแบบประเมิน (เช่น Google Form) เพื่อรวบรวมข้อคิดเห็นด้านการระบุเป้าหมายในการบริหารความเสี่ยง และนำผลมาปรับปรุงกระบวนการในรอบถัดไป",86,94,กล่องข้อความ คอลัมน์ E (แถว 86–94),ก.ย.,ก.ย.,,11,
2.2,การประเมินประสิทธิผลการระบุเป้าหมายการบริหารความเสี่ยง,กองบริหารความเสี่ยง,เพื่อกำหนดเป้าหมายการบริหารความเสี่ยง (Risk Appetite) ให้สอดคล้องกับเป้าประสงค์และยุทธศาสตร์ขององค์กร,Sipoc (SE-AM ข้อ 2.2).xlsx,1. As-is  และ To-be Process,2.2-O01,O,1. รายงานการวิเคราะห์บริบทองค์กร,16,21,กล่องข้อความ คอลัมน์ F (แถว 16–21),,,,,
2.2,การประเมินประสิทธิผลการระบุเป้าหมายการบริหารความเสี่ยง,กองบริหารความเสี่ยง,เพื่อกำหนดเป้าหมายการบริหารความเสี่ยง (Risk Appetite) ให้สอดคล้องกับเป้าประสงค์และยุทธศาสตร์ขององค์กร,Sipoc (SE-AM ข้อ 2.2).xlsx,1. As-is  และ To-be Process,2.2-O02,O,2. ร่าง Risk Appetite และ Risk Tolerance จากการหารือร่วมกัน,24,29,กล่องข้อความ คอลัมน์ F (แถว 24–29),,,,,
2.2,การประเมินประสิทธิผลการระบุเป้าหมายการบริหารความเสี่ยง,กองบริหารความเสี่ยง,เพื่อกำหนดเป้าหมายการบริหารความเสี่ยง (Risk Appetite) ให้สอดคล้องกับเป้าประสงค์และยุทธศาสตร์ขององค์กร,Sipoc (SE-AM ข้อ 2.2).xlsx,1. As-is  และ To-be Process,2.2-O03,O,3. วาระการประชุมการกําหนดหลักเกณฑ์ในการระบุปัจจัยเสี่ยง เพื่อเสนอเข้าที่ประชุมคณะทำงาน RIC และคณะอนุกรรมการ RMC ตามลำดับ,32,42,กล่องข้อความ คอลัมน์ F (แถว 32–42),,,,,
2.2,การประเมินประสิทธิผลการระบุเป้าหมายการบริหารความเสี่ยง,กองบริหารความเสี่ยง,เพื่อกำหนดเป้าหมายการบริหารความเสี่ยง (Risk Appetite) ให้สอดคล้องกับเป้าประสงค์และยุทธศาสตร์ขององค์กร,Sipoc (SE-AM ข้อ 2.2).xlsx,1. As-is  และ To-be Process,2.2-O04,O,- มติที่ประชุมคณะทำงาน RIC,51,55,กล่องข้อความ คอลัมน์ F (แถว 51–55),,,,,
2.2,การประเมินประสิทธิผลการระบุเป้าหมายการบริหารความเสี่ยง,กองบริหารความเสี่ยง,เพื่อกำหนดเป้าหมายการบริหารความเสี่ยง (Risk Appetite) ให้สอดคล้องกับเป้าประสงค์และยุทธศาสตร์ขององค์กร,Sipoc (SE-AM ข้อ 2.2).xlsx,1. As-is  และ To-be Process,2.2-O05,O,- มติที่ประชุมคณะอนุกรรมการ RMC,60,64,กล่องข้อความ คอลัมน์ F (แถว 60–64),,,,,
2.2,การประเมินประสิทธิผลการระบุเป้าหมายการบริหารความเสี่ยง,กองบริหารความเสี่ยง,เพื่อกำหนดเป้าหมายการบริหารความเสี่ยง (Risk Appetite) ให้สอดคล้องกับเป้าประสงค์และยุทธศาสตร์ขององค์กร,Sipoc (SE-AM ข้อ 2.2).xlsx,1. As-is  และ To-be Process,2.2-O06,O,"4. เอกสาร/ประกาศ
การสื่อสาร/ถ่ายทอด RA/RT แก่ผู้มีส่วนได้ส่วนเสียทุกกลุ่ม",68,74,กล่องข้อความ คอลัมน์ F (แถว 68–74),,,,,
2.2,การประเมินประสิทธิผลการระบุเป้าหมายการบริหารความเสี่ยง,กองบริหารความเสี่ยง,เพื่อกำหนดเป้าหมายการบริหารความเสี่ยง (Risk Appetite) ให้สอดคล้องกับเป้าประสงค์และยุทธศาสตร์ขององค์กร,Sipoc (SE-AM ข้อ 2.2).xlsx,1. As-is  และ To-be Process,2.2-O07,O,5. แผนบริหารความเสี่ยง ที่สอดคล้องกับ RA,78,83,กล่องข้อความ คอลัมน์ F (แถว 78–83),,,,,
2.2,การประเมินประสิทธิผลการระบุเป้าหมายการบริหารความเสี่ยง,กองบริหารความเสี่ยง,เพื่อกำหนดเป้าหมายการบริหารความเสี่ยง (Risk Appetite) ให้สอดคล้องกับเป้าประสงค์และยุทธศาสตร์ขององค์กร,Sipoc (SE-AM ข้อ 2.2).xlsx,1. As-is  และ To-be Process,2.2-O08,O,"6. รายงานสรุปผลการประเมินประสิทธิผล ของกระบวนการ
- ข้อเสนอแนะเพื่อการปรับปรุง กระบวนการ",86,94,กล่องข้อความ คอลัมน์ F (แถว 86–94),,,,,
2.2,การประเมินประสิทธิผลการระบุเป้าหมายการบริหารความเสี่ยง,กองบริหารความเสี่ยง,เพื่อกำหนดเป้าหมายการบริหารความเสี่ยง (Risk Appetite) ให้สอดคล้องกับเป้าประสงค์และยุทธศาสตร์ขององค์กร,Sipoc (SE-AM ข้อ 2.2).xlsx,1. As-is  และ To-be Process,2.2-C01,C,"ภายในองค์กร:
- คณะกรรมการ/ผู้บริหารระดับสูง
- เจ้าของปัจจัยเสี่ยง (Risk Owner)
- ทุกส่วนงาน/หน่วยงานในองค์กร
ภายนอกองค์กร:
- สำนักงานคณะกรรมการนโยบายรัฐวิสาหกิจ (สคร.)
- ผู้มีส่วนได้ส่วนเสีย (Stakeholders)",11,11,เซลล์ G11 (แถว 11),,,,,
2.2,การประเมินประสิทธิผลการระบุเป้าหมายการบริหารความเสี่ยง,กองบริหารความเสี่ยง,เพื่อกำหนดเป้าหมายการบริหารความเสี่ยง (Risk Appetite) ให้สอดคล้องกับเป้าประสงค์และยุทธศาสตร์ขององค์กร,Sipoc (SE-AM ข้อ 2.2).xlsx,1. As-is  และ To-be Process,2.2-C02,C,"ปี 69 ปรับปรุง - การเชื่อมโยงกับแหล่งที่มาในการระบุเป้าหมายการบริหารความเสี่ยงให้ครอบคลุมมากกว่าเดิม
- การระบุ Risk Appetite และ Risk Tolerance ตามประเภทความเสี่ยง (S-O-F-C)",20,37,กล่องข้อความ คอลัมน์ G (แถว 20–37),,,,,
2.2,การประเมินประสิทธิผลการระบุเป้าหมายการบริหารความเสี่ยง,กองบริหารความเสี่ยง,เพื่อกำหนดเป้าหมายการบริหารความเสี่ยง (Risk Appetite) ให้สอดคล้องกับเป้าประสงค์และยุทธศาสตร์ขององค์กร,Sipoc (SE-AM ข้อ 2.2).xlsx,1. As-is  และ To-be Process,2.2-C03,C,ปี 69 ปรับ,50,72,กล่องข้อความ คอลัมน์ G (แถว 50–72),,,,,
2.4,กระบวนการการกำหนดวัตถุประสงค์ในการดำเนินธุรกิจเพื่อสร้างมูลค่าเพิ่มให้กับองค์กร,กองบริหารความเสี่ยง,เพื่อกำหนดวัตถุประสงค์ในการดำเนินธุรกิจเพื่อสร้างมูลค่าเพิ่มให้กับองค์กร,Sipoc (SE-AM ข้อ 2.4).xlsx,1. As-is  และ To-be Process,2.4-S01,S,"ผู้บริหาร,
ผู้มีส่วนได้ส่วนเสีย
ทุกกลุ่ม
กนผ.",12,16,กล่องข้อความ คอลัมน์ C (แถว 12–16),,,,,
2.4,กระบวนการการกำหนดวัตถุประสงค์ในการดำเนินธุรกิจเพื่อสร้างมูลค่าเพิ่มให้กับองค์กร,กองบริหารความเสี่ยง,เพื่อกำหนดวัตถุประสงค์ในการดำเนินธุรกิจเพื่อสร้างมูลค่าเพิ่มให้กับองค์กร,Sipoc (SE-AM ข้อ 2.4).xlsx,1. As-is  และ To-be Process,2.4-S02,S,กนผ.,24,26,กล่องข้อความ คอลัมน์ C (แถว 24–26),,,,,
2.4,กระบวนการการกำหนดวัตถุประสงค์ในการดำเนินธุรกิจเพื่อสร้างมูลค่าเพิ่มให้กับองค์กร,กองบริหารความเสี่ยง,เพื่อกำหนดวัตถุประสงค์ในการดำเนินธุรกิจเพื่อสร้างมูลค่าเพิ่มให้กับองค์กร,Sipoc (SE-AM ข้อ 2.4).xlsx,1. As-is  และ To-be Process,2.4-S03,S,กนผ.,37,38,กล่องข้อความ คอลัมน์ C (แถว 37–38),,,,,
2.4,กระบวนการการกำหนดวัตถุประสงค์ในการดำเนินธุรกิจเพื่อสร้างมูลค่าเพิ่มให้กับองค์กร,กองบริหารความเสี่ยง,เพื่อกำหนดวัตถุประสงค์ในการดำเนินธุรกิจเพื่อสร้างมูลค่าเพิ่มให้กับองค์กร,Sipoc (SE-AM ข้อ 2.4).xlsx,1. As-is  และ To-be Process,2.4-S04,S,"คณะทำงาน,คณะอนุกรรมการ RMC",55,59,กล่องข้อความ คอลัมน์ C (แถว 55–59),,,,,
2.4,กระบวนการการกำหนดวัตถุประสงค์ในการดำเนินธุรกิจเพื่อสร้างมูลค่าเพิ่มให้กับองค์กร,กองบริหารความเสี่ยง,เพื่อกำหนดวัตถุประสงค์ในการดำเนินธุรกิจเพื่อสร้างมูลค่าเพิ่มให้กับองค์กร,Sipoc (SE-AM ข้อ 2.4).xlsx,1. As-is  และ To-be Process,2.4-S05,S,กบค.,69,70,กล่องข้อความ คอลัมน์ C (แถว 69–70),,,,,
2.4,กระบวนการการกำหนดวัตถุประสงค์ในการดำเนินธุรกิจเพื่อสร้างมูลค่าเพิ่มให้กับองค์กร,กองบริหารความเสี่ยง,เพื่อกำหนดวัตถุประสงค์ในการดำเนินธุรกิจเพื่อสร้างมูลค่าเพิ่มให้กับองค์กร,Sipoc (SE-AM ข้อ 2.4).xlsx,1. As-is  และ To-be Process,2.4-S06,S,กบค.,82,83,กล่องข้อความ คอลัมน์ C (แถว 82–83),,,,,
2.4,กระบวนการการกำหนดวัตถุประสงค์ในการดำเนินธุรกิจเพื่อสร้างมูลค่าเพิ่มให้กับองค์กร,กองบริหารความเสี่ยง,เพื่อกำหนดวัตถุประสงค์ในการดำเนินธุรกิจเพื่อสร้างมูลค่าเพิ่มให้กับองค์กร,Sipoc (SE-AM ข้อ 2.4).xlsx,1. As-is  และ To-be Process,2.4-S07,S,กบค.,101,102,กล่องข้อความ คอลัมน์ C (แถว 101–102),,,,,
2.4,กระบวนการการกำหนดวัตถุประสงค์ในการดำเนินธุรกิจเพื่อสร้างมูลค่าเพิ่มให้กับองค์กร,กองบริหารความเสี่ยง,เพื่อกำหนดวัตถุประสงค์ในการดำเนินธุรกิจเพื่อสร้างมูลค่าเพิ่มให้กับองค์กร,Sipoc (SE-AM ข้อ 2.4).xlsx,1. As-is  และ To-be Process,2.4-S08,S,กบค.,121,122,กล่องข้อความ คอลัมน์ C (แถว 121–122),,,,,
2.4,กระบวนการการกำหนดวัตถุประสงค์ในการดำเนินธุรกิจเพื่อสร้างมูลค่าเพิ่มให้กับองค์กร,กองบริหารความเสี่ยง,เพื่อกำหนดวัตถุประสงค์ในการดำเนินธุรกิจเพื่อสร้างมูลค่าเพิ่มให้กับองค์กร,Sipoc (SE-AM ข้อ 2.4).xlsx,1. As-is  และ To-be Process,2.4-S09,S,กบค.,129,130,กล่องข้อความ คอลัมน์ C (แถว 129–130),,,,,
2.4,กระบวนการการกำหนดวัตถุประสงค์ในการดำเนินธุรกิจเพื่อสร้างมูลค่าเพิ่มให้กับองค์กร,กองบริหารความเสี่ยง,เพื่อกำหนดวัตถุประสงค์ในการดำเนินธุรกิจเพื่อสร้างมูลค่าเพิ่มให้กับองค์กร,Sipoc (SE-AM ข้อ 2.4).xlsx,1. As-is  และ To-be Process,2.4-S10,S,กบค.,136,137,กล่องข้อความ คอลัมน์ C (แถว 136–137),,,,,
2.4,กระบวนการการกำหนดวัตถุประสงค์ในการดำเนินธุรกิจเพื่อสร้างมูลค่าเพิ่มให้กับองค์กร,กองบริหารความเสี่ยง,เพื่อกำหนดวัตถุประสงค์ในการดำเนินธุรกิจเพื่อสร้างมูลค่าเพิ่มให้กับองค์กร,Sipoc (SE-AM ข้อ 2.4).xlsx,1. As-is  และ To-be Process,2.4-S11,S,กบค.,149,151,กล่องข้อความ คอลัมน์ C (แถว 149–151),,,,,
2.4,กระบวนการการกำหนดวัตถุประสงค์ในการดำเนินธุรกิจเพื่อสร้างมูลค่าเพิ่มให้กับองค์กร,กองบริหารความเสี่ยง,เพื่อกำหนดวัตถุประสงค์ในการดำเนินธุรกิจเพื่อสร้างมูลค่าเพิ่มให้กับองค์กร,Sipoc (SE-AM ข้อ 2.4).xlsx,1. As-is  และ To-be Process,2.4-S12,S,กบค.,163,164,กล่องข้อความ คอลัมน์ C (แถว 163–164),,,,,
2.4,กระบวนการการกำหนดวัตถุประสงค์ในการดำเนินธุรกิจเพื่อสร้างมูลค่าเพิ่มให้กับองค์กร,กองบริหารความเสี่ยง,เพื่อกำหนดวัตถุประสงค์ในการดำเนินธุรกิจเพื่อสร้างมูลค่าเพิ่มให้กับองค์กร,Sipoc (SE-AM ข้อ 2.4).xlsx,1. As-is  และ To-be Process,2.4-S13,S,กบค.,194,195,กล่องข้อความ คอลัมน์ C (แถว 194–195),,,,,
2.4,กระบวนการการกำหนดวัตถุประสงค์ในการดำเนินธุรกิจเพื่อสร้างมูลค่าเพิ่มให้กับองค์กร,กองบริหารความเสี่ยง,เพื่อกำหนดวัตถุประสงค์ในการดำเนินธุรกิจเพื่อสร้างมูลค่าเพิ่มให้กับองค์กร,Sipoc (SE-AM ข้อ 2.4).xlsx,1. As-is  และ To-be Process,2.4-S14,S,กบค.,210,211,กล่องข้อความ คอลัมน์ C (แถว 210–211),,,,,
2.4,กระบวนการการกำหนดวัตถุประสงค์ในการดำเนินธุรกิจเพื่อสร้างมูลค่าเพิ่มให้กับองค์กร,กองบริหารความเสี่ยง,เพื่อกำหนดวัตถุประสงค์ในการดำเนินธุรกิจเพื่อสร้างมูลค่าเพิ่มให้กับองค์กร,Sipoc (SE-AM ข้อ 2.4).xlsx,1. As-is  และ To-be Process,2.4-S15,S,กบค.,221,222,กล่องข้อความ คอลัมน์ C (แถว 221–222),,,,,
2.4,กระบวนการการกำหนดวัตถุประสงค์ในการดำเนินธุรกิจเพื่อสร้างมูลค่าเพิ่มให้กับองค์กร,กองบริหารความเสี่ยง,เพื่อกำหนดวัตถุประสงค์ในการดำเนินธุรกิจเพื่อสร้างมูลค่าเพิ่มให้กับองค์กร,Sipoc (SE-AM ข้อ 2.4).xlsx,1. As-is  และ To-be Process,2.4-I01,I,"โอกาส (Opportunity) ใน SWOT , Intelligent Risk และปัจจัยขับเคลื่อนใน EP Value Driver Tree จากแผนวิสาหกิจฯ",12,20,กล่องข้อความ คอลัมน์ D (แถว 12–20),,,,,
2.4,กระบวนการการกำหนดวัตถุประสงค์ในการดำเนินธุรกิจเพื่อสร้างมูลค่าเพิ่มให้กับองค์กร,กองบริหารความเสี่ยง,เพื่อกำหนดวัตถุประสงค์ในการดำเนินธุรกิจเพื่อสร้างมูลค่าเพิ่มให้กับองค์กร,Sipoc (SE-AM ข้อ 2.4).xlsx,1. As-is  และ To-be Process,2.4-I02,I,"โอกาส (Opportunity) ใน SWOT , Intelligent Risk และปัจจัยขับเคลื่อนใน EP Value Driver Tree จากแผนวิสาหกิจฯ",24,33,กล่องข้อความ คอลัมน์ D (แถว 24–33),,,,,
2.4,กระบวนการการกำหนดวัตถุประสงค์ในการดำเนินธุรกิจเพื่อสร้างมูลค่าเพิ่มให้กับองค์กร,กองบริหารความเสี่ยง,เพื่อกำหนดวัตถุประสงค์ในการดำเนินธุรกิจเพื่อสร้างมูลค่าเพิ่มให้กับองค์กร,Sipoc (SE-AM ข้อ 2.4).xlsx,1. As-is  และ To-be Process,2.4-I03,I,"โอกาส (Opportunity) ใน SWOT , Intelligent Risk และปัจจัยขับเคลื่อนใน EP Value Driver Tree จากแผนวิสาหกิจฯ",37,49,กล่องข้อความ คอลัมน์ D (แถว 37–49),,,,,
2.4,กระบวนการการกำหนดวัตถุประสงค์ในการดำเนินธุรกิจเพื่อสร้างมูลค่าเพิ่มให้กับองค์กร,กองบริหารความเสี่ยง,เพื่อกำหนดวัตถุประสงค์ในการดำเนินธุรกิจเพื่อสร้างมูลค่าเพิ่มให้กับองค์กร,Sipoc (SE-AM ข้อ 2.4).xlsx,1. As-is  และ To-be Process,2.4-I04,I,1. หลักเกณฑ์ด้านการบริหารความเสี่ยงและควบคุมภายใน ในการระบุปัจจัยเสี่ยงระดับองค์กร และปัจจัยเสี่ยงระดับส่วนงาน 2. เกณฑ์การให้คะแนนและกรอบระยะเวลา การประเมินผลการดำเนินงานด้านการบริหารความเสี่ยงและควบคุมภายใน,55,68,กล่องข้อความ คอลัมน์ D (แถว 55–68),,,,,
2.4,กระบวนการการกำหนดวัตถุประสงค์ในการดำเนินธุรกิจเพื่อสร้างมูลค่าเพิ่มให้กับองค์กร,กองบริหารความเสี่ยง,เพื่อกำหนดวัตถุประสงค์ในการดำเนินธุรกิจเพื่อสร้างมูลค่าเพิ่มให้กับองค์กร,Sipoc (SE-AM ข้อ 2.4).xlsx,1. As-is  และ To-be Process,2.4-I05,I,1. หลักเกณฑ์ด้านการบริหารความเสี่ยงและควบคุมภายใน ในการระบุปัจจัยเสี่ยงระดับองค์กร และปัจจัยเสี่ยงระดับส่วนงาน 2. เกณฑ์การให้คะแนนและกรอบระยะเวลา การประเมินผลการดำเนินงานด้านการบริหารความเสี่ยงและควบคุมภายใน,69,81,กล่องข้อความ คอลัมน์ D (แถว 69–81),,,,,
2.4,กระบวนการการกำหนดวัตถุประสงค์ในการดำเนินธุรกิจเพื่อสร้างมูลค่าเพิ่มให้กับองค์กร,กองบริหารความเสี่ยง,เพื่อกำหนดวัตถุประสงค์ในการดำเนินธุรกิจเพื่อสร้างมูลค่าเพิ่มให้กับองค์กร,Sipoc (SE-AM ข้อ 2.4).xlsx,1. As-is  และ To-be Process,2.4-I06,I,"1. .ปัจจัยเสี่ยงในปีที่ผ่านมาที่ไม่สามารถจัดการได้2. .ตัวชี้วัดตาม PA องค์กร/แผนวิสาหกิจ/แผนปฏิบัติการ
3. .นโยบายของรัฐบาล/กระทรวง/กยท.
4. . ผลการดำเนินงานที่สำคัญตามวัตถุประสงค์ขององค์กร
5. ปัจจัยที่ส่งผลต่อภาพลักษณ์และชื่อเสียงขององค์กร
6. ความคาดหวังและความต้องการของผู้มีส่วนได้ส่วนเสีย
7. แผนแม่บทต่าง ๆ ที่เกี่ยวข้อง",82,99,กล่องข้อความ คอลัมน์ D (แถว 82–99),,,,,
2.4,กระบวนการการกำหนดวัตถุประสงค์ในการดำเนินธุรกิจเพื่อสร้างมูลค่าเพิ่มให้กับองค์กร,กองบริหารความเสี่ยง,เพื่อกำหนดวัตถุประสงค์ในการดำเนินธุรกิจเพื่อสร้างมูลค่าเพิ่มให้กับองค์กร,Sipoc (SE-AM ข้อ 2.4).xlsx,1. As-is  และ To-be Process,2.4-I07,I,"การประเมินประสิทธิผล
การควบคุมภายในและ
การวิเคราะห์ความเสี่ยง (Risk Universe) ของส่วนงาน/หน่วยงาน",101,107,กล่องข้อความ คอลัมน์ D (แถว 101–107),,,,,
2.4,กระบวนการการกำหนดวัตถุประสงค์ในการดำเนินธุรกิจเพื่อสร้างมูลค่าเพิ่มให้กับองค์กร,กองบริหารความเสี่ยง,เพื่อกำหนดวัตถุประสงค์ในการดำเนินธุรกิจเพื่อสร้างมูลค่าเพิ่มให้กับองค์กร,Sipoc (SE-AM ข้อ 2.4).xlsx,1. As-is  และ To-be Process,2.4-I08,I,"การประเมินประสิทธิผล
การควบคุมภายในและ
การวิเคราะห์ความเสี่ยง (Risk Universe) ของส่วนงาน/หน่วยงาน",109,115,กล่องข้อความ คอลัมน์ D (แถว 109–115),,,,,
2.4,กระบวนการการกำหนดวัตถุประสงค์ในการดำเนินธุรกิจเพื่อสร้างมูลค่าเพิ่มให้กับองค์กร,กองบริหารความเสี่ยง,เพื่อกำหนดวัตถุประสงค์ในการดำเนินธุรกิจเพื่อสร้างมูลค่าเพิ่มให้กับองค์กร,Sipoc (SE-AM ข้อ 2.4).xlsx,1. As-is  และ To-be Process,2.4-I09,I,"สรุปผลการประเมินประสิทธิผล
การควบคุมภายในและ
การวิเคราะห์ความเสี่ยง (Risk Universe) ของส่วนงาน/หน่วยงาน",121,127,กล่องข้อความ คอลัมน์ D (แถว 121–127),,,,,
2.4,กระบวนการการกำหนดวัตถุประสงค์ในการดำเนินธุรกิจเพื่อสร้างมูลค่าเพิ่มให้กับองค์กร,กองบริหารความเสี่ยง,เพื่อกำหนดวัตถุประสงค์ในการดำเนินธุรกิจเพื่อสร้างมูลค่าเพิ่มให้กับองค์กร,Sipoc (SE-AM ข้อ 2.4).xlsx,1. As-is  และ To-be Process,2.4-I10,I,รหัสปัจจัยเสี่ยง (UR) ของส่วนงาน/หน่วยงาน,129,131,กล่องข้อความ คอลัมน์ D (แถว 129–131),,,,,
2.4,กระบวนการการกำหนดวัตถุประสงค์ในการดำเนินธุรกิจเพื่อสร้างมูลค่าเพิ่มให้กับองค์กร,กองบริหารความเสี่ยง,เพื่อกำหนดวัตถุประสงค์ในการดำเนินธุรกิจเพื่อสร้างมูลค่าเพิ่มให้กับองค์กร,Sipoc (SE-AM ข้อ 2.4).xlsx,1. As-is  และ To-be Process,2.4-I11,I,1. หลักเกณฑ์ด้านการบริหารความเสี่ยงและควบคุมภายใน ในการระบุปัจจัยเสี่ยงระดับองค์กร และปัจจัยเสี่ยงระดับส่วนงาน 2. เกณฑ์การให้คะแนนและกรอบระยะเวลา การประเมินผลการดำเนินงานด้านการบริหารความเสี่ยงและควบคุมภายใน,136,148,กล่องข้อความ คอลัมน์ D (แถว 136–148),,,,,
2.4,กระบวนการการกำหนดวัตถุประสงค์ในการดำเนินธุรกิจเพื่อสร้างมูลค่าเพิ่มให้กับองค์กร,กองบริหารความเสี่ยง,เพื่อกำหนดวัตถุประสงค์ในการดำเนินธุรกิจเพื่อสร้างมูลค่าเพิ่มให้กับองค์กร,Sipoc (SE-AM ข้อ 2.4).xlsx,1. As-is  และ To-be Process,2.4-I12,I,1. หลักเกณฑ์ด้านการบริหารความเสี่ยงและควบคุมภายใน ในการระบุปัจจัยเสี่ยงระดับองค์กร และปัจจัยเสี่ยงระดับส่วนงาน 2. เกณฑ์การให้คะแนนและกรอบระยะเวลา การประเมินผลการดำเนินงานด้านการบริหารความเสี่ยงและควบคุมภายใน,149,161,กล่องข้อความ คอลัมน์ D (แถว 149–161),,,,,
2.4,กระบวนการการกำหนดวัตถุประสงค์ในการดำเนินธุรกิจเพื่อสร้างมูลค่าเพิ่มให้กับองค์กร,กองบริหารความเสี่ยง,เพื่อกำหนดวัตถุประสงค์ในการดำเนินธุรกิจเพื่อสร้างมูลค่าเพิ่มให้กับองค์กร,Sipoc (SE-AM ข้อ 2.4).xlsx,1. As-is  และ To-be Process,2.4-I13,I,การรายงานผลการบริหารความเสี่ยงและควบคุมภายใน ระดับส่วนงานของ ส่วนงาน/หน่วยงาน ประจำทุกเดือน,163,168,กล่องข้อความ คอลัมน์ D (แถว 163–168),,,,,
2.4,กระบวนการการกำหนดวัตถุประสงค์ในการดำเนินธุรกิจเพื่อสร้างมูลค่าเพิ่มให้กับองค์กร,กองบริหารความเสี่ยง,เพื่อกำหนดวัตถุประสงค์ในการดำเนินธุรกิจเพื่อสร้างมูลค่าเพิ่มให้กับองค์กร,Sipoc (SE-AM ข้อ 2.4).xlsx,1. As-is  และ To-be Process,2.4-I14,I,"1. การรายงานผลการบริหารความเสี่ยงและควบคุมภายใน ระดับส่วนงานของ ส่วนงาน/หน่วยงาน ประจำไตรมาส
2. วาระการประชุมคณะทำงานบริหารความเสี่ยงและควบคุมภายในของ กยท. (RIC) วาระเพื่อทราบ เรื่อง รายงานผลการบริหารความเสี่ยงและ ควบคุมภายใน ระดับส่วนงาน ประจำไตรมาส",188,202,กล่องข้อความ คอลัมน์ D (แถว 188–202),,,,,
2.4,กระบวนการการกำหนดวัตถุประสงค์ในการดำเนินธุรกิจเพื่อสร้างมูลค่าเพิ่มให้กับองค์กร,กองบริหารความเสี่ยง,เพื่อกำหนดวัตถุประสงค์ในการดำเนินธุรกิจเพื่อสร้างมูลค่าเพิ่มให้กับองค์กร,Sipoc (SE-AM ข้อ 2.4).xlsx,1. As-is  และ To-be Process,2.4-I15,I,"1. การรายงานผลการบริหารความเสี่ยงและควบคุมภายใน ระดับส่วนงานของ ส่วนงาน/หน่วยงาน ประจำไตรมาส
2. วาระการประชุมคณะอนุกรรมการบริหารความเสี่ยงและควบคุมภายในของ กยท. (RMC) วาระเพื่อทราบ เรื่อง รายงานผลการบริหารความเสี่ยงและ ควบคุมภายใน ระดับส่วนงาน ประจำไตรมาส",204,218,กล่องข้อความ คอลัมน์ D (แถว 204–218),,,,,
2.4,กระบวนการการกำหนดวัตถุประสงค์ในการดำเนินธุรกิจเพื่อสร้างมูลค่าเพิ่มให้กับองค์กร,กองบริหารความเสี่ยง,เพื่อกำหนดวัตถุประสงค์ในการดำเนินธุรกิจเพื่อสร้างมูลค่าเพิ่มให้กับองค์กร,Sipoc (SE-AM ข้อ 2.4).xlsx,1. As-is  และ To-be Process,2.4-I16,I,"ผล KPI/KRI, ผลการดำเนินแผน, ระดับความเสี่ยงคงเหลือ, ข้อมูลการเปลี่ยนแปลง Strategic Objectives",221,226,กล่องข้อความ คอลัมน์ D (แถว 221–226),,,,,
2.4,กระบวนการการกำหนดวัตถุประสงค์ในการดำเนินธุรกิจเพื่อสร้างมูลค่าเพิ่มให้กับองค์กร,กองบริหารความเสี่ยง,เพื่อกำหนดวัตถุประสงค์ในการดำเนินธุรกิจเพื่อสร้างมูลค่าเพิ่มให้กับองค์กร,Sipoc (SE-AM ข้อ 2.4).xlsx,1. As-is  และ To-be Process,2.4-P01,P,"ระบุปัจจัยเสี่ยงจาก SWOT ,
Intelligent Risk และ EP Value
Driver Tree",12,15,กล่องข้อความ คอลัมน์ E (แถว 12–15),ก.ค. - ส.ค.,ก.ค. - ส.ค.,,9|10,
2.4,กระบวนการการกำหนดวัตถุประสงค์ในการดำเนินธุรกิจเพื่อสร้างมูลค่าเพิ่มให้กับองค์กร,กองบริหารความเสี่ยง,เพื่อกำหนดวัตถุประสงค์ในการดำเนินธุรกิจเพื่อสร้างมูลค่าเพิ่มให้กับองค์กร,Sipoc (SE-AM ข้อ 2.4).xlsx,1. As-is  และ To-be Process,2.4-P02,P,"ระบุปัจจัยเสี่ยงจาก SWOT ,
Intelligent Risk และ EP Value
Driver Tree",16,20,กล่องข้อความ คอลัมน์ E (แถว 16–20),,,,,2.4-P03
2.4,กระบวนการการกำหนดวัตถุประสงค์ในการดำเนินธุรกิจเพื่อสร้างมูลค่าเพิ่มให้กับองค์กร,กองบริหารความเสี่ยง,เพื่อกำหนดวัตถุประสงค์ในการดำเนินธุรกิจเพื่อสร้างมูลค่าเพิ่มให้กับองค์กร,Sipoc (SE-AM ข้อ 2.4).xlsx,1. As-is  และ To-be Process,2.4-P03,P,วิเคราะห์ปัจจัยเสี่ยง และนำเข้ากระบวนการบริหารความเสี่ยง,21,24,กล่องข้อความ คอลัมน์ E (แถว 21–24),ส.ค.,ส.ค.,,10,
2.4,กระบวนการการกำหนดวัตถุประสงค์ในการดำเนินธุรกิจเพื่อสร้างมูลค่าเพิ่มให้กับองค์กร,กองบริหารความเสี่ยง,เพื่อกำหนดวัตถุประสงค์ในการดำเนินธุรกิจเพื่อสร้างมูลค่าเพิ่มให้กับองค์กร,Sipoc (SE-AM ข้อ 2.4).xlsx,1. As-is  และ To-be Process,2.4-P04,P,2. เสนอคณะทำงานบริหารความเสี่ยงและควบคุมภายใน ของ กยท. (RIC) พิจารณา,25,33,กล่องข้อความ คอลัมน์ E (แถว 25–33),,,,,2.4-P05
2.4,กระบวนการการกำหนดวัตถุประสงค์ในการดำเนินธุรกิจเพื่อสร้างมูลค่าเพิ่มให้กับองค์กร,กองบริหารความเสี่ยง,เพื่อกำหนดวัตถุประสงค์ในการดำเนินธุรกิจเพื่อสร้างมูลค่าเพิ่มให้กับองค์กร,Sipoc (SE-AM ข้อ 2.4).xlsx,1. As-is  และ To-be Process,2.4-P05,P,3. เสนอคณะอนุกรรมการบริหารความเสี่ยงและควบคุมภายในของ กยท. (RCM) พิจารณา,36,46,กล่องข้อความ คอลัมน์ E (แถว 36–46),ส.ค.,ส.ค.,,10,
2.4,กระบวนการการกำหนดวัตถุประสงค์ในการดำเนินธุรกิจเพื่อสร้างมูลค่าเพิ่มให้กับองค์กร,กองบริหารความเสี่ยง,เพื่อกำหนดวัตถุประสงค์ในการดำเนินธุรกิจเพื่อสร้างมูลค่าเพิ่มให้กับองค์กร,Sipoc (SE-AM ข้อ 2.4).xlsx,1. As-is  และ To-be Process,2.4-P06,P,ดำเนินการตามแผนการบริหารความเสี่ยงเพื่อให้ระดับความรุนแรงเป็นไปตามเป้าหมายที่กำหนด,55,58,กล่องข้อความ คอลัมน์ E (แถว 55–58),ก.ย.,ก.ย.,,11,
2.4,กระบวนการการกำหนดวัตถุประสงค์ในการดำเนินธุรกิจเพื่อสร้างมูลค่าเพิ่มให้กับองค์กร,กองบริหารความเสี่ยง,เพื่อกำหนดวัตถุประสงค์ในการดำเนินธุรกิจเพื่อสร้างมูลค่าเพิ่มให้กับองค์กร,Sipoc (SE-AM ข้อ 2.4).xlsx,1. As-is  และ To-be Process,2.4-P07,P,5. ดำเนินการสื่อสารถ่ายทอดโดยการลงพื้นที่ตามโครงการสร้างการรับรู้ในการดำเนินงานด้านยุทธศาสตร์องค์กร ของ กยท. เพื่อสร้างความรู้ความเข้าใจให้กับพนักงานของ กยท. ทั้งในส่วนกลางและส่วนภูมิภาค,69,74,กล่องข้อความ คอลัมน์ E (แถว 69–74),ต.ค.,ต.ค.,,0,
2.4,กระบวนการการกำหนดวัตถุประสงค์ในการดำเนินธุรกิจเพื่อสร้างมูลค่าเพิ่มให้กับองค์กร,กองบริหารความเสี่ยง,เพื่อกำหนดวัตถุประสงค์ในการดำเนินธุรกิจเพื่อสร้างมูลค่าเพิ่มให้กับองค์กร,Sipoc (SE-AM ข้อ 2.4).xlsx,1. As-is  และ To-be Process,2.4-P08,P,6. ส่วนงาน/หน่วยงานดำเนินการจัดทำการประเมินประสิทธิผลการควบคุมภายในและการวิเคราะห์ความเสี่ยง (Risk Universe),82,86,กล่องข้อความ คอลัมน์ E (แถว 82–86),ต.ค.,ต.ค.,,0,
2.4,กระบวนการการกำหนดวัตถุประสงค์ในการดำเนินธุรกิจเพื่อสร้างมูลค่าเพิ่มให้กับองค์กร,กองบริหารความเสี่ยง,เพื่อกำหนดวัตถุประสงค์ในการดำเนินธุรกิจเพื่อสร้างมูลค่าเพิ่มให้กับองค์กร,Sipoc (SE-AM ข้อ 2.4).xlsx,1. As-is  และ To-be Process,2.4-P09,P,7. รวบรวม/ตรวจสอบ/ติดตามการประเมินประสิทธิผลการควบคุมภายในและการวิเคราะห์ความเสี่ยง (Risk Universe) ของส่วนงาน/,100,104,กล่องข้อความ คอลัมน์ E (แถว 100–104),พ.ย.,พ.ย.,,1,
2.4,กระบวนการการกำหนดวัตถุประสงค์ในการดำเนินธุรกิจเพื่อสร้างมูลค่าเพิ่มให้กับองค์กร,กองบริหารความเสี่ยง,เพื่อกำหนดวัตถุประสงค์ในการดำเนินธุรกิจเพื่อสร้างมูลค่าเพิ่มให้กับองค์กร,Sipoc (SE-AM ข้อ 2.4).xlsx,1. As-is  และ To-be Process,2.4-P10,P,8. สรุปผลการประเมินประสิทธิผลของการควบคุมภายในและการประเมินความเสี่ยง (Risk Universe)หน่วยงาน,108,112,กล่องข้อความ คอลัมน์ E (แถว 108–112),,,,,
2.4,กระบวนการการกำหนดวัตถุประสงค์ในการดำเนินธุรกิจเพื่อสร้างมูลค่าเพิ่มให้กับองค์กร,กองบริหารความเสี่ยง,เพื่อกำหนดวัตถุประสงค์ในการดำเนินธุรกิจเพื่อสร้างมูลค่าเพิ่มให้กับองค์กร,Sipoc (SE-AM ข้อ 2.4).xlsx,1. As-is  และ To-be Process,2.4-P11,P,9. กำหนดรหัสปัจจัยเสี่ยง (UR) ของส่วนงาน/หน่วยงาน ลงระบบสารสนเทศสนับสนุนการบริหารความเสี่ยงและควบคุมภายใน,121,124,กล่องข้อความ คอลัมน์ E (แถว 121–124),พ.ย.,พ.ย.,,1,
2.4,กระบวนการการกำหนดวัตถุประสงค์ในการดำเนินธุรกิจเพื่อสร้างมูลค่าเพิ่มให้กับองค์กร,กองบริหารความเสี่ยง,เพื่อกำหนดวัตถุประสงค์ในการดำเนินธุรกิจเพื่อสร้างมูลค่าเพิ่มให้กับองค์กร,Sipoc (SE-AM ข้อ 2.4).xlsx,1. As-is  และ To-be Process,2.4-P12,P,10. จัดทำหนังสือแจ้งเวียนรายการตรวจสอบรหัสปัจจัยเสี่ยง (UR) ชื่อปัจจัยเสี่ยง ของส่วนงาน/หน่วยงาน เพื่อนำปัจจัยเสี่ยงดังกล่าว รายงานผลผ่านระบบสารสนเทศสนับสนุนการบริหารความเสี่ยงและควบคุมภายใน,128,134,กล่องข้อความ คอลัมน์ E (แถว 128–134),พ.ย.,พ.ย.,,1,
2.4,กระบวนการการกำหนดวัตถุประสงค์ในการดำเนินธุรกิจเพื่อสร้างมูลค่าเพิ่มให้กับองค์กร,กองบริหารความเสี่ยง,เพื่อกำหนดวัตถุประสงค์ในการดำเนินธุรกิจเพื่อสร้างมูลค่าเพิ่มให้กับองค์กร,Sipoc (SE-AM ข้อ 2.4).xlsx,1. As-is  และ To-be Process,2.4-P13,P,11. จัดทำหนังสือบันทึกแจ้งเวียนส่วน งาน/หน่วยงาน ให้ดำเนินการบันทึกการ ระบุสาเหตุ การวิเคราะห์แผนจัดการความ เสี่ยง การระบุจุดอ่อน และมาตรการ ปรับปรุงการควบคุมภายใน (ปย.2),136,141,กล่องข้อความ คอลัมน์ E (แถว 136–141),พ.ย.,พ.ย.,,1,
2.4,กระบวนการการกำหนดวัตถุประสงค์ในการดำเนินธุรกิจเพื่อสร้างมูลค่าเพิ่มให้กับองค์กร,กองบริหารความเสี่ยง,เพื่อกำหนดวัตถุประสงค์ในการดำเนินธุรกิจเพื่อสร้างมูลค่าเพิ่มให้กับองค์กร,Sipoc (SE-AM ข้อ 2.4).xlsx,1. As-is  และ To-be Process,2.4-P14,P,12. จัดทำหนังสือแจ้งให้ส่วนงาน/ หน่วยงาน ดำเนินการรายงานผลการ บริหารความเสี่ยงและควบคุมภายใน ผ่านระบบสารสนเทศสนับสนุนการบริหารความเสี่ยงและการควบคุมภายใน,149,154,กล่องข้อความ คอลัมน์ E (แถว 149–154),พ.ย.,พ.ย.,,1,
2.4,กระบวนการการกำหนดวัตถุประสงค์ในการดำเนินธุรกิจเพื่อสร้างมูลค่าเพิ่มให้กับองค์กร,กองบริหารความเสี่ยง,เพื่อกำหนดวัตถุประสงค์ในการดำเนินธุรกิจเพื่อสร้างมูลค่าเพิ่มให้กับองค์กร,Sipoc (SE-AM ข้อ 2.4).xlsx,1. As-is  และ To-be Process,2.4-P15,P,13. ตรวจสอบ/ติดตามความถูกต้อง ครบถ้วนของการรายงานผลความเสี่ยงและควบคุมภายใน พร้อมทั้งการรายงานผลฯ ที่ตรงตามระยะเวลาที่ กำหนดของส่วนงาน/หน่วยงาน,163,167,กล่องข้อความ คอลัมน์ E (แถว 163–167),ธ.ค.,ธ.ค.,,2,
2.4,กระบวนการการกำหนดวัตถุประสงค์ในการดำเนินธุรกิจเพื่อสร้างมูลค่าเพิ่มให้กับองค์กร,กองบริหารความเสี่ยง,เพื่อกำหนดวัตถุประสงค์ในการดำเนินธุรกิจเพื่อสร้างมูลค่าเพิ่มให้กับองค์กร,Sipoc (SE-AM ข้อ 2.4).xlsx,1. As-is  และ To-be Process,2.4-P16,P,14. เสนอคณะทำงานบริหารความเสี่ยงและควบคุมภายใน ของ กยท. (RIC) ) รับทราบผลการรายงานความเสี่ยงและควบคุมภายในระดับส่วนงาน ประจำไตรมาส,191,197,กล่องข้อความ คอลัมน์ E (แถว 191–197),ทุกไตรมาส,ทุกไตรมาส,,2|5|8|11,
2.4,กระบวนการการกำหนดวัตถุประสงค์ในการดำเนินธุรกิจเพื่อสร้างมูลค่าเพิ่มให้กับองค์กร,กองบริหารความเสี่ยง,เพื่อกำหนดวัตถุประสงค์ในการดำเนินธุรกิจเพื่อสร้างมูลค่าเพิ่มให้กับองค์กร,Sipoc (SE-AM ข้อ 2.4).xlsx,1. As-is  และ To-be Process,2.4-P17,P,15. เสนอคณะอนุกรรมการบริหารความเสี่ยงและควบคุมภายในของ กยท. (RMC) รับทราบผลการรายงานความเสี่ยงและควบคุมภายในระดับส่วนงาน ประจำไตรมาส,208,214,กล่องข้อความ คอลัมน์ E (แถว 208–214),ทุกไตรมาส,ทุกไตรมาส,,2|5|8|11,
2.4,กระบวนการการกำหนดวัตถุประสงค์ในการดำเนินธุรกิจเพื่อสร้างมูลค่าเพิ่มให้กับองค์กร,กองบริหารความเสี่ยง,เพื่อกำหนดวัตถุประสงค์ในการดำเนินธุรกิจเพื่อสร้างมูลค่าเพิ่มให้กับองค์กร,Sipoc (SE-AM ข้อ 2.4).xlsx,1. As-is  และ To-be Process,2.4-P18,P,ติดตามและประเมินประสิทธิผล VC/VE เทียบ Business Objectives/Target วิเคราะห์ Gap และปรับวัตถุประสงค์/แผนเมื่อ Strategic Objectives หรือบริบทเปลี่ยน พร้อมจัดทำ Lessons Learned,221,227,กล่องข้อความ คอลัมน์ E (แถว 221–227),,,,,
2.4,กระบวนการการกำหนดวัตถุประสงค์ในการดำเนินธุรกิจเพื่อสร้างมูลค่าเพิ่มให้กับองค์กร,กองบริหารความเสี่ยง,เพื่อกำหนดวัตถุประสงค์ในการดำเนินธุรกิจเพื่อสร้างมูลค่าเพิ่มให้กับองค์กร,Sipoc (SE-AM ข้อ 2.4).xlsx,1. As-is  และ To-be Process,2.4-O01,O,กระบวนการจัทดำ Value Creation Value Enhancement,12,16,กล่องข้อความ คอลัมน์ F (แถว 12–16),,,,,
2.4,กระบวนการการกำหนดวัตถุประสงค์ในการดำเนินธุรกิจเพื่อสร้างมูลค่าเพิ่มให้กับองค์กร,กองบริหารความเสี่ยง,เพื่อกำหนดวัตถุประสงค์ในการดำเนินธุรกิจเพื่อสร้างมูลค่าเพิ่มให้กับองค์กร,Sipoc (SE-AM ข้อ 2.4).xlsx,1. As-is  และ To-be Process,2.4-O02,O,กระบวนการจัทดำ Value Creation Value Enhancement,17,21,กล่องข้อความ คอลัมน์ F (แถว 17–21),,,,,
2.4,กระบวนการการกำหนดวัตถุประสงค์ในการดำเนินธุรกิจเพื่อสร้างมูลค่าเพิ่มให้กับองค์กร,กองบริหารความเสี่ยง,เพื่อกำหนดวัตถุประสงค์ในการดำเนินธุรกิจเพื่อสร้างมูลค่าเพิ่มให้กับองค์กร,Sipoc (SE-AM ข้อ 2.4).xlsx,1. As-is  และ To-be Process,2.4-O03,O,กระบวนการจัทดำ Value Creation Value Enhancement,21,25,กล่องข้อความ คอลัมน์ F (แถว 21–25),,,,,
2.4,กระบวนการการกำหนดวัตถุประสงค์ในการดำเนินธุรกิจเพื่อสร้างมูลค่าเพิ่มให้กับองค์กร,กองบริหารความเสี่ยง,เพื่อกำหนดวัตถุประสงค์ในการดำเนินธุรกิจเพื่อสร้างมูลค่าเพิ่มให้กับองค์กร,Sipoc (SE-AM ข้อ 2.4).xlsx,1. As-is  และ To-be Process,2.4-O04,O,"1. หลักเกณฑ์ด้านการบริหารความเสี่ยงและควบคุมภายใน ในการระบุปัจจัยเสี่ยงระดับองค์กร และปัจจัยเสี่ยงระดับส่วนงาน 2. เกณฑการให้คะแนนและกรอบระยะเวลา
การประเมินผลการดำเนินงานด้านการบริหารความเสี่ยงและควบคุมภายใน",26,37,กล่องข้อความ คอลัมน์ F (แถว 26–37),,,,,
2.4,กระบวนการการกำหนดวัตถุประสงค์ในการดำเนินธุรกิจเพื่อสร้างมูลค่าเพิ่มให้กับองค์กร,กองบริหารความเสี่ยง,เพื่อกำหนดวัตถุประสงค์ในการดำเนินธุรกิจเพื่อสร้างมูลค่าเพิ่มให้กับองค์กร,Sipoc (SE-AM ข้อ 2.4).xlsx,1. As-is  และ To-be Process,2.4-O05,O,"1. หลักเกณฑ์ด้านการบริหารความเสี่ยงและควบคุมภายใน ในการระบุปัจจัยเสี่ยงระดับองค์กร และปัจจัยเสี่ยงระดับส่วนงาน 2. เกณฑการให้คะแนน
และกรอบระยะเวลา การประเมินผลการดำเนินงานด้านการบริหารความเสี่ยงและควบคุมภายใน",37,47,กล่องข้อความ คอลัมน์ F (แถว 37–47),,,,,
2.4,กระบวนการการกำหนดวัตถุประสงค์ในการดำเนินธุรกิจเพื่อสร้างมูลค่าเพิ่มให้กับองค์กร,กองบริหารความเสี่ยง,เพื่อกำหนดวัตถุประสงค์ในการดำเนินธุรกิจเพื่อสร้างมูลค่าเพิ่มให้กับองค์กร,Sipoc (SE-AM ข้อ 2.4).xlsx,1. As-is  และ To-be Process,2.4-O06,O,หนังสือบันทึกข้อความถึงส่วนงาน/หน่วยงาน เรื่อง หลักเกณฑ์ด้านการบริหารความเสี่ยงและควบคุมภายใน ในการระบุปัจจัยเสี่ยงระดับองค์กร และปัจจัยเสี่ยงระดับส่วนงาน และเกณฑ์การให้คะแนนและกรอบระยะเวลา การประเมินผลการดำเนินงานด้านการบริหารความเสี่ยงและควบคุมภายใน,55,67,กล่องข้อความ คอลัมน์ F (แถว 55–67),,,,,
2.4,กระบวนการการกำหนดวัตถุประสงค์ในการดำเนินธุรกิจเพื่อสร้างมูลค่าเพิ่มให้กับองค์กร,กองบริหารความเสี่ยง,เพื่อกำหนดวัตถุประสงค์ในการดำเนินธุรกิจเพื่อสร้างมูลค่าเพิ่มให้กับองค์กร,Sipoc (SE-AM ข้อ 2.4).xlsx,1. As-is  และ To-be Process,2.4-O07,O,"ความรู้ความเข้าใจด้านการบริหารความเสี่ยงและควบคุมภายใน , หลักเกณฑ์ด้านการบริหารความเสี่ยงและควบคุมภายใน , เกณฑ์การให้คะแนนและกรอบระยะเวลา การประเมินผลการดำเนินงานด้านการบริหารความเสี่ยงและควบคุมภายใน",69,80,กล่องข้อความ คอลัมน์ F (แถว 69–80),,,,,
2.4,กระบวนการการกำหนดวัตถุประสงค์ในการดำเนินธุรกิจเพื่อสร้างมูลค่าเพิ่มให้กับองค์กร,กองบริหารความเสี่ยง,เพื่อกำหนดวัตถุประสงค์ในการดำเนินธุรกิจเพื่อสร้างมูลค่าเพิ่มให้กับองค์กร,Sipoc (SE-AM ข้อ 2.4).xlsx,1. As-is  และ To-be Process,2.4-O08,O,การประเมินประสิทธิผลการควบคุมภายในและการวิเคราะห์ความเสี่ยง (Risk Universe) ของส่วนงาน/หน่วยงาน,82,88,กล่องข้อความ คอลัมน์ F (แถว 82–88),,,,,
2.4,กระบวนการการกำหนดวัตถุประสงค์ในการดำเนินธุรกิจเพื่อสร้างมูลค่าเพิ่มให้กับองค์กร,กองบริหารความเสี่ยง,เพื่อกำหนดวัตถุประสงค์ในการดำเนินธุรกิจเพื่อสร้างมูลค่าเพิ่มให้กับองค์กร,Sipoc (SE-AM ข้อ 2.4).xlsx,1. As-is  และ To-be Process,2.4-O09,O,"การประเมินประสิทธิผล
การควบคุมภายในและการวิเคราะห์ความเสี่ยง (Risk Universe) ของส่วนงาน/หน่วยงาน",100,107,กล่องข้อความ คอลัมน์ F (แถว 100–107),,,,,
2.4,กระบวนการการกำหนดวัตถุประสงค์ในการดำเนินธุรกิจเพื่อสร้างมูลค่าเพิ่มให้กับองค์กร,กองบริหารความเสี่ยง,เพื่อกำหนดวัตถุประสงค์ในการดำเนินธุรกิจเพื่อสร้างมูลค่าเพิ่มให้กับองค์กร,Sipoc (SE-AM ข้อ 2.4).xlsx,1. As-is  และ To-be Process,2.4-O10,O,"การประเมินประสิทธิผล
การควบคุมภายในและการวิเคราะห์ความเสี่ยง (Risk Universe) ของส่วนงาน/หน่วยงาน",108,115,กล่องข้อความ คอลัมน์ F (แถว 108–115),,,,,
2.4,กระบวนการการกำหนดวัตถุประสงค์ในการดำเนินธุรกิจเพื่อสร้างมูลค่าเพิ่มให้กับองค์กร,กองบริหารความเสี่ยง,เพื่อกำหนดวัตถุประสงค์ในการดำเนินธุรกิจเพื่อสร้างมูลค่าเพิ่มให้กับองค์กร,Sipoc (SE-AM ข้อ 2.4).xlsx,1. As-is  และ To-be Process,2.4-O11,O,สามารถกำหนดรหัสปัจจัยเสี่ยง (UR) ของส่วนงาน/หน่วยงาน ได้ถูกต้องครบถ้วน,121,125,กล่องข้อความ คอลัมน์ F (แถว 121–125),,,,,
2.4,กระบวนการการกำหนดวัตถุประสงค์ในการดำเนินธุรกิจเพื่อสร้างมูลค่าเพิ่มให้กับองค์กร,กองบริหารความเสี่ยง,เพื่อกำหนดวัตถุประสงค์ในการดำเนินธุรกิจเพื่อสร้างมูลค่าเพิ่มให้กับองค์กร,Sipoc (SE-AM ข้อ 2.4).xlsx,1. As-is  และ To-be Process,2.4-O12,O,หนังสือแจ้งส่วนงาน/หน่วยงานรายการตรวจสอบรหัสปัจจัยเสี่ยง (UR) ชื่อปัจจัยเสี่ยง ของส่วนงาน/หน่วยงาน,129,135,กล่องข้อความ คอลัมน์ F (แถว 129–135),,,,,
2.4,กระบวนการการกำหนดวัตถุประสงค์ในการดำเนินธุรกิจเพื่อสร้างมูลค่าเพิ่มให้กับองค์กร,กองบริหารความเสี่ยง,เพื่อกำหนดวัตถุประสงค์ในการดำเนินธุรกิจเพื่อสร้างมูลค่าเพิ่มให้กับองค์กร,Sipoc (SE-AM ข้อ 2.4).xlsx,1. As-is  และ To-be Process,2.4-O13,O,หนังสือแจ้งส่วนงาน/หน่วยงาน จัดทำระบุสาเหตุ การวิเคราะห์แผน จัดการความเสี่ยง การระบุจุดอ่อน และมาตรการปรับปรุงการควบคุม ภายใน (ปย.2) ผ่านระบบสารสนเทศสนับสนุนการบริหารความเสี่ยงและการควบคุมภายใน มี ความถูกต้องและควบถ้วน,136,148,กล่องข้อความ คอลัมน์ F (แถว 136–148),,,,,
2.4,กระบวนการการกำหนดวัตถุประสงค์ในการดำเนินธุรกิจเพื่อสร้างมูลค่าเพิ่มให้กับองค์กร,กองบริหารความเสี่ยง,เพื่อกำหนดวัตถุประสงค์ในการดำเนินธุรกิจเพื่อสร้างมูลค่าเพิ่มให้กับองค์กร,Sipoc (SE-AM ข้อ 2.4).xlsx,1. As-is  และ To-be Process,2.4-O14,O,"หนังสือแจ้งเวียนครบทุก
ส่วนงาน/ หน่วยงานของ กยท. เพื่อให้ส่วน งาน/หน่วยงานรายงานผลฯ ได้ตรง ตามระยะเวลาที่กำหนด และ สามารถรายงานผลได้ถูกต้อง ครบถ้วน",149,158,กล่องข้อความ คอลัมน์ F (แถว 149–158),,,,,
2.4,กระบวนการการกำหนดวัตถุประสงค์ในการดำเนินธุรกิจเพื่อสร้างมูลค่าเพิ่มให้กับองค์กร,กองบริหารความเสี่ยง,เพื่อกำหนดวัตถุประสงค์ในการดำเนินธุรกิจเพื่อสร้างมูลค่าเพิ่มให้กับองค์กร,Sipoc (SE-AM ข้อ 2.4).xlsx,1. As-is  และ To-be Process,2.4-O15,O,การรายงานผลความเสี่ยงและควบคุมภายใน ของส่วนงาน/ หน่วยงาน ส่วนใหญ่มีการรายงานที่ถูกต้องครบถ้วนและตรงตาม ระยะเวลาที่กำหนดไว้ ในเกณฑ์การการให้คะแนนและกรอบระยะเวลา การประเมินผลการดำเนินงานด้านการบริหารความเสี่ยงและควบคุมภายใน,163,175,กล่องข้อความ คอลัมน์ F (แถว 163–175),,,,,
2.4,กระบวนการการกำหนดวัตถุประสงค์ในการดำเนินธุรกิจเพื่อสร้างมูลค่าเพิ่มให้กับองค์กร,กองบริหารความเสี่ยง,เพื่อกำหนดวัตถุประสงค์ในการดำเนินธุรกิจเพื่อสร้างมูลค่าเพิ่มให้กับองค์กร,Sipoc (SE-AM ข้อ 2.4).xlsx,1. As-is  และ To-be Process,2.4-O16,O,วาระการประชุมมีรายละเอียดข้อมูล ที่ถูกต้องและครบถ้วน และเสนอ คณะทำงานฯ RIC รับทราบผลการ รายงานความเสี่ยงและควบคุมภายในระดับส่วนงานฯ และให้ข้อเสนอแนะ,188,197,กล่องข้อความ คอลัมน์ F (แถว 188–197),,,,,
2.4,กระบวนการการกำหนดวัตถุประสงค์ในการดำเนินธุรกิจเพื่อสร้างมูลค่าเพิ่มให้กับองค์กร,กองบริหารความเสี่ยง,เพื่อกำหนดวัตถุประสงค์ในการดำเนินธุรกิจเพื่อสร้างมูลค่าเพิ่มให้กับองค์กร,Sipoc (SE-AM ข้อ 2.4).xlsx,1. As-is  และ To-be Process,2.4-O17,O,วาระการประชุมมีรายละเอียดข้อมูล ที่ถูกต้องและครบถ้วน และเสนอคณะอนุกรรมการฯ RMC รับทราบผลการ รายงานความเสี่ยงและควบคุมภายในระดับส่วนงานฯ และให้ข้อเสนอแนะ,204,214,กล่องข้อความ คอลัมน์ F (แถว 204–214),,,,,
2.4,กระบวนการการกำหนดวัตถุประสงค์ในการดำเนินธุรกิจเพื่อสร้างมูลค่าเพิ่มให้กับองค์กร,กองบริหารความเสี่ยง,เพื่อกำหนดวัตถุประสงค์ในการดำเนินธุรกิจเพื่อสร้างมูลค่าเพิ่มให้กับองค์กร,Sipoc (SE-AM ข้อ 2.4).xlsx,1. As-is  และ To-be Process,2.4-O18,O,"ผลประเมินประสิทธิผล, Improvement Action, Business Objectives/แผนที่ปรับปรุง",221,233,กล่องข้อความ คอลัมน์ F (แถว 221–233),,,,,
2.4,กระบวนการการกำหนดวัตถุประสงค์ในการดำเนินธุรกิจเพื่อสร้างมูลค่าเพิ่มให้กับองค์กร,กองบริหารความเสี่ยง,เพื่อกำหนดวัตถุประสงค์ในการดำเนินธุรกิจเพื่อสร้างมูลค่าเพิ่มให้กับองค์กร,Sipoc (SE-AM ข้อ 2.4).xlsx,1. As-is  และ To-be Process,2.4-C01,C,ส่วนงาน/หน่วยงาน,11,11,เซลล์ G11 (แถว 11),,,,,
2.4,กระบวนการการกำหนดวัตถุประสงค์ในการดำเนินธุรกิจเพื่อสร้างมูลค่าเพิ่มให้กับองค์กร,กองบริหารความเสี่ยง,เพื่อกำหนดวัตถุประสงค์ในการดำเนินธุรกิจเพื่อสร้างมูลค่าเพิ่มให้กับองค์กร,Sipoc (SE-AM ข้อ 2.4).xlsx,1. As-is  และ To-be Process,2.4-C02,C,"ปี 69 ปรับ
- ปรับปรุงการประเมินประสิทธิผลการควบคุมภายในและการประเมินความเสี่ยง (Risk Universe) เพิ่มเติมแหล่งที่มา/เกณฑ์ L,M",19,25,กล่องข้อความ คอลัมน์ G (แถว 19–25),,,,,
3.1,การระบุปัจจัยเสี่ยง (Identifies Risk),กองบริหารความเสี่ยง,เพื่อระบุปัจจัยเสี่ยงที่ครอบคลุม ทั้งจากปัจจัยภายใน ปัจจัยภายนอก ยุทธศาสตร์และเป้าหมายที่สำคัญขององค์กร จุดอ่อน ความต้องการความคาดหวังของผู้มีส่วนได้ส่วนเสีย ตัวชี้วัดที่สำคัญขององค์กร,Sipoc (SE-AM) ข้อ 3.1.xlsx,1. As-is  และ To-be Process,3.1-S01,S,กบค.,12,13,กล่องข้อความ คอลัมน์ C (แถว 12–13),,,,,
3.1,การระบุปัจจัยเสี่ยง (Identifies Risk),กองบริหารความเสี่ยง,เพื่อระบุปัจจัยเสี่ยงที่ครอบคลุม ทั้งจากปัจจัยภายใน ปัจจัยภายนอก ยุทธศาสตร์และเป้าหมายที่สำคัญขององค์กร จุดอ่อน ความต้องการความคาดหวังของผู้มีส่วนได้ส่วนเสีย ตัวชี้วัดที่สำคัญขององค์กร,Sipoc (SE-AM) ข้อ 3.1.xlsx,1. As-is  และ To-be Process,3.1-S02,S,กบค.,24,26,กล่องข้อความ คอลัมน์ C (แถว 24–26),,,,,
3.1,การระบุปัจจัยเสี่ยง (Identifies Risk),กองบริหารความเสี่ยง,เพื่อระบุปัจจัยเสี่ยงที่ครอบคลุม ทั้งจากปัจจัยภายใน ปัจจัยภายนอก ยุทธศาสตร์และเป้าหมายที่สำคัญขององค์กร จุดอ่อน ความต้องการความคาดหวังของผู้มีส่วนได้ส่วนเสีย ตัวชี้วัดที่สำคัญขององค์กร,Sipoc (SE-AM) ข้อ 3.1.xlsx,1. As-is  และ To-be Process,3.1-S03,S,กบค.,32,34,กล่องข้อความ คอลัมน์ C (แถว 32–34),,,,,
3.1,การระบุปัจจัยเสี่ยง (Identifies Risk),กองบริหารความเสี่ยง,เพื่อระบุปัจจัยเสี่ยงที่ครอบคลุม ทั้งจากปัจจัยภายใน ปัจจัยภายนอก ยุทธศาสตร์และเป้าหมายที่สำคัญขององค์กร จุดอ่อน ความต้องการความคาดหวังของผู้มีส่วนได้ส่วนเสีย ตัวชี้วัดที่สำคัญขององค์กร,Sipoc (SE-AM) ข้อ 3.1.xlsx,1. As-is  และ To-be Process,3.1-S04,S,กบค.ส่วนงาน/หน่วยงาน หรือเจ้าของปัจจัยเสี่ยง (Risk owner),40,45,กล่องข้อความ คอลัมน์ C (แถว 40–45),,,,,
3.1,การระบุปัจจัยเสี่ยง (Identifies Risk),กองบริหารความเสี่ยง,เพื่อระบุปัจจัยเสี่ยงที่ครอบคลุม ทั้งจากปัจจัยภายใน ปัจจัยภายนอก ยุทธศาสตร์และเป้าหมายที่สำคัญขององค์กร จุดอ่อน ความต้องการความคาดหวังของผู้มีส่วนได้ส่วนเสีย ตัวชี้วัดที่สำคัญขององค์กร,Sipoc (SE-AM) ข้อ 3.1.xlsx,1. As-is  และ To-be Process,3.1-S05,S,กบค.ส่วนงาน /หน่วยงาน หรือเจ้าของปัจจัยเสี่ยง (Risk owner),48,53,กล่องข้อความ คอลัมน์ C (แถว 48–53),,,,,
3.1,การระบุปัจจัยเสี่ยง (Identifies Risk),กองบริหารความเสี่ยง,เพื่อระบุปัจจัยเสี่ยงที่ครอบคลุม ทั้งจากปัจจัยภายใน ปัจจัยภายนอก ยุทธศาสตร์และเป้าหมายที่สำคัญขององค์กร จุดอ่อน ความต้องการความคาดหวังของผู้มีส่วนได้ส่วนเสีย ตัวชี้วัดที่สำคัญขององค์กร,Sipoc (SE-AM) ข้อ 3.1.xlsx,1. As-is  และ To-be Process,3.1-S06,S,กบค.ส่วนงาน /หน่วยงาน หรือเจ้าของปัจจัยเสี่ยง (Risk owner),65,70,กล่องข้อความ คอลัมน์ C (แถว 65–70),,,,,
3.1,การระบุปัจจัยเสี่ยง (Identifies Risk),กองบริหารความเสี่ยง,เพื่อระบุปัจจัยเสี่ยงที่ครอบคลุม ทั้งจากปัจจัยภายใน ปัจจัยภายนอก ยุทธศาสตร์และเป้าหมายที่สำคัญขององค์กร จุดอ่อน ความต้องการความคาดหวังของผู้มีส่วนได้ส่วนเสีย ตัวชี้วัดที่สำคัญขององค์กร,Sipoc (SE-AM) ข้อ 3.1.xlsx,1. As-is  และ To-be Process,3.1-S07,S,กบค.,76,78,กล่องข้อความ คอลัมน์ C (แถว 76–78),,,,,
3.1,การระบุปัจจัยเสี่ยง (Identifies Risk),กองบริหารความเสี่ยง,เพื่อระบุปัจจัยเสี่ยงที่ครอบคลุม ทั้งจากปัจจัยภายใน ปัจจัยภายนอก ยุทธศาสตร์และเป้าหมายที่สำคัญขององค์กร จุดอ่อน ความต้องการความคาดหวังของผู้มีส่วนได้ส่วนเสีย ตัวชี้วัดที่สำคัญขององค์กร,Sipoc (SE-AM) ข้อ 3.1.xlsx,1. As-is  และ To-be Process,3.1-S08,S,กบค.,83,84,กล่องข้อความ คอลัมน์ C (แถว 83–84),,,,,
3.1,การระบุปัจจัยเสี่ยง (Identifies Risk),กองบริหารความเสี่ยง,เพื่อระบุปัจจัยเสี่ยงที่ครอบคลุม ทั้งจากปัจจัยภายใน ปัจจัยภายนอก ยุทธศาสตร์และเป้าหมายที่สำคัญขององค์กร จุดอ่อน ความต้องการความคาดหวังของผู้มีส่วนได้ส่วนเสีย ตัวชี้วัดที่สำคัญขององค์กร,Sipoc (SE-AM) ข้อ 3.1.xlsx,1. As-is  และ To-be Process,3.1-S09,S,กบค.ส่วนงาน /หน่วยงาน หรือเจ้าของปัจจัยเสี่ยง (Risk owner),89,94,กล่องข้อความ คอลัมน์ C (แถว 89–94),,,,,
3.1,การระบุปัจจัยเสี่ยง (Identifies Risk),กองบริหารความเสี่ยง,เพื่อระบุปัจจัยเสี่ยงที่ครอบคลุม ทั้งจากปัจจัยภายใน ปัจจัยภายนอก ยุทธศาสตร์และเป้าหมายที่สำคัญขององค์กร จุดอ่อน ความต้องการความคาดหวังของผู้มีส่วนได้ส่วนเสีย ตัวชี้วัดที่สำคัญขององค์กร,Sipoc (SE-AM) ข้อ 3.1.xlsx,1. As-is  และ To-be Process,3.1-I01,I,"- คู่มือบริหารความเสี่ยง และควบคุมภายใน ของ กยท.
- หลักเกณฑ์ แนวปฏิบัติ และคู่มือปฏิบัติเกี่ยวกับ
การบริหารความเสี่ยงและควบคุมภายในสำหรับรัฐวิสาหกิจ ปี 2568",11,23,กล่องข้อความ คอลัมน์ D (แถว 11–23),,,,,
3.1,การระบุปัจจัยเสี่ยง (Identifies Risk),กองบริหารความเสี่ยง,เพื่อระบุปัจจัยเสี่ยงที่ครอบคลุม ทั้งจากปัจจัยภายใน ปัจจัยภายนอก ยุทธศาสตร์และเป้าหมายที่สำคัญขององค์กร จุดอ่อน ความต้องการความคาดหวังของผู้มีส่วนได้ส่วนเสีย ตัวชี้วัดที่สำคัญขององค์กร,Sipoc (SE-AM) ข้อ 3.1.xlsx,1. As-is  และ To-be Process,3.1-I02,I,"ผลลัพธ์ในกิจกรรมที่ 1
เห็นชอบ
เห็นชอบ
เสี่ยง และแผน ี่ ความเสี",24,29,กล่องข้อความ คอลัมน์ D (แถว 24–29),,,,,
3.1,การระบุปัจจัยเสี่ยง (Identifies Risk),กองบริหารความเสี่ยง,เพื่อระบุปัจจัยเสี่ยงที่ครอบคลุม ทั้งจากปัจจัยภายใน ปัจจัยภายนอก ยุทธศาสตร์และเป้าหมายที่สำคัญขององค์กร จุดอ่อน ความต้องการความคาดหวังของผู้มีส่วนได้ส่วนเสีย ตัวชี้วัดที่สำคัญขององค์กร,Sipoc (SE-AM) ข้อ 3.1.xlsx,1. As-is  และ To-be Process,3.1-I03,I,ผลลัพธ์ในกิจกรรมที่ 2 ที่คณะทำงานฯ RIC เห็นชอบ,32,37,กล่องข้อความ คอลัมน์ D (แถว 32–37),,,,,
3.1,การระบุปัจจัยเสี่ยง (Identifies Risk),กองบริหารความเสี่ยง,เพื่อระบุปัจจัยเสี่ยงที่ครอบคลุม ทั้งจากปัจจัยภายใน ปัจจัยภายนอก ยุทธศาสตร์และเป้าหมายที่สำคัญขององค์กร จุดอ่อน ความต้องการความคาดหวังของผู้มีส่วนได้ส่วนเสีย ตัวชี้วัดที่สำคัญขององค์กร,Sipoc (SE-AM) ข้อ 3.1.xlsx,1. As-is  และ To-be Process,3.1-I04,I,ผลลัพธ์ในขั้นตอนที่ 3 ที่คณะอนุกรรมการฯ RMC เห็นชอบ,40,45,กล่องข้อความ คอลัมน์ D (แถว 40–45),,,,,
3.1,การระบุปัจจัยเสี่ยง (Identifies Risk),กองบริหารความเสี่ยง,เพื่อระบุปัจจัยเสี่ยงที่ครอบคลุม ทั้งจากปัจจัยภายใน ปัจจัยภายนอก ยุทธศาสตร์และเป้าหมายที่สำคัญขององค์กร จุดอ่อน ความต้องการความคาดหวังของผู้มีส่วนได้ส่วนเสีย ตัวชี้วัดที่สำคัญขององค์กร,Sipoc (SE-AM) ข้อ 3.1.xlsx,1. As-is  และ To-be Process,3.1-I05,I,ผลลัพธ์ในกิจกรรมที่ 4,48,53,กล่องข้อความ คอลัมน์ D (แถว 48–53),,,,,
3.1,การระบุปัจจัยเสี่ยง (Identifies Risk),กองบริหารความเสี่ยง,เพื่อระบุปัจจัยเสี่ยงที่ครอบคลุม ทั้งจากปัจจัยภายใน ปัจจัยภายนอก ยุทธศาสตร์และเป้าหมายที่สำคัญขององค์กร จุดอ่อน ความต้องการความคาดหวังของผู้มีส่วนได้ส่วนเสีย ตัวชี้วัดที่สำคัญขององค์กร,Sipoc (SE-AM) ข้อ 3.1.xlsx,1. As-is  และ To-be Process,3.1-I06,I,ผลลัพธ์ในกิจกรรมที่ 5,65,69,กล่องข้อความ คอลัมน์ D (แถว 65–69),,,,,3.1-I07
3.1,การระบุปัจจัยเสี่ยง (Identifies Risk),กองบริหารความเสี่ยง,เพื่อระบุปัจจัยเสี่ยงที่ครอบคลุม ทั้งจากปัจจัยภายใน ปัจจัยภายนอก ยุทธศาสตร์และเป้าหมายที่สำคัญขององค์กร จุดอ่อน ความต้องการความคาดหวังของผู้มีส่วนได้ส่วนเสีย ตัวชี้วัดที่สำคัญขององค์กร,Sipoc (SE-AM) ข้อ 3.1.xlsx,1. As-is  และ To-be Process,3.1-I07,I,ผลลัพธ์ในกิจกรรมที่ 6,76,80,กล่องข้อความ คอลัมน์ D (แถว 76–80),,,,,
3.1,การระบุปัจจัยเสี่ยง (Identifies Risk),กองบริหารความเสี่ยง,เพื่อระบุปัจจัยเสี่ยงที่ครอบคลุม ทั้งจากปัจจัยภายใน ปัจจัยภายนอก ยุทธศาสตร์และเป้าหมายที่สำคัญขององค์กร จุดอ่อน ความต้องการความคาดหวังของผู้มีส่วนได้ส่วนเสีย ตัวชี้วัดที่สำคัญขององค์กร,Sipoc (SE-AM) ข้อ 3.1.xlsx,1. As-is  และ To-be Process,3.1-I08,I,ผลลัพธ์ในกิจกรรมที่ 7,83,86,กล่องข้อความ คอลัมน์ D (แถว 83–86),,,,,
3.1,การระบุปัจจัยเสี่ยง (Identifies Risk),กองบริหารความเสี่ยง,เพื่อระบุปัจจัยเสี่ยงที่ครอบคลุม ทั้งจากปัจจัยภายใน ปัจจัยภายนอก ยุทธศาสตร์และเป้าหมายที่สำคัญขององค์กร จุดอ่อน ความต้องการความคาดหวังของผู้มีส่วนได้ส่วนเสีย ตัวชี้วัดที่สำคัญขององค์กร,Sipoc (SE-AM) ข้อ 3.1.xlsx,1. As-is  และ To-be Process,3.1-I09,I,ปัจจัยนำเข้าที่นอกเหนือจากการประเมินเมื่อต้นปี,89,94,กล่องข้อความ คอลัมน์ D (แถว 89–94),,,,,
3.1,การระบุปัจจัยเสี่ยง (Identifies Risk),กองบริหารความเสี่ยง,เพื่อระบุปัจจัยเสี่ยงที่ครอบคลุม ทั้งจากปัจจัยภายใน ปัจจัยภายนอก ยุทธศาสตร์และเป้าหมายที่สำคัญขององค์กร จุดอ่อน ความต้องการความคาดหวังของผู้มีส่วนได้ส่วนเสีย ตัวชี้วัดที่สำคัญขององค์กร,Sipoc (SE-AM) ข้อ 3.1.xlsx,1. As-is  และ To-be Process,3.1-P01,P,"1. จัดทำหลักเกณฑ์และกระบวนการจัดทำ
แผนบริหารความเสี่ยง และควบคุมภายใน",14,17,กล่องข้อความ คอลัมน์ E (แถว 14–17),มิ.ย.,มิ.ย.,,8,3.1-P02
3.1,การระบุปัจจัยเสี่ยง (Identifies Risk),กองบริหารความเสี่ยง,เพื่อระบุปัจจัยเสี่ยงที่ครอบคลุม ทั้งจากปัจจัยภายใน ปัจจัยภายนอก ยุทธศาสตร์และเป้าหมายที่สำคัญขององค์กร จุดอ่อน ความต้องการความคาดหวังของผู้มีส่วนได้ส่วนเสีย ตัวชี้วัดที่สำคัญขององค์กร,Sipoc (SE-AM) ข้อ 3.1.xlsx,1. As-is  และ To-be Process,3.1-P02,P,2. เสนอคณะทำงานบริหารความเสี่ยงและควบคุมภายในของ กยท. (RIC) พิจารณา,21,29,กล่องข้อความ คอลัมน์ E (แถว 21–29),มิ.ย.,มิ.ย.,,8,
3.1,การระบุปัจจัยเสี่ยง (Identifies Risk),กองบริหารความเสี่ยง,เพื่อระบุปัจจัยเสี่ยงที่ครอบคลุม ทั้งจากปัจจัยภายใน ปัจจัยภายนอก ยุทธศาสตร์และเป้าหมายที่สำคัญขององค์กร จุดอ่อน ความต้องการความคาดหวังของผู้มีส่วนได้ส่วนเสีย ตัวชี้วัดที่สำคัญขององค์กร,Sipoc (SE-AM) ข้อ 3.1.xlsx,1. As-is  และ To-be Process,3.1-P03,P,3. เสนอคณะอนุกรรมการบริหารความเสี่ยงและควบคุมภายในของ กยท. (RMC) พิจารณา,29,38,กล่องข้อความ คอลัมน์ E (แถว 29–38),"ก.ค.
ก.ค. - ส.ค.","ก.ค.
ก.ค. - ส.ค.",,9|10,3.1-P04
3.1,การระบุปัจจัยเสี่ยง (Identifies Risk),กองบริหารความเสี่ยง,เพื่อระบุปัจจัยเสี่ยงที่ครอบคลุม ทั้งจากปัจจัยภายใน ปัจจัยภายนอก ยุทธศาสตร์และเป้าหมายที่สำคัญขององค์กร จุดอ่อน ความต้องการความคาดหวังของผู้มีส่วนได้ส่วนเสีย ตัวชี้วัดที่สำคัญขององค์กร,Sipoc (SE-AM) ข้อ 3.1.xlsx,1. As-is  และ To-be Process,3.1-P04,P,"4. ระบุปัจจัยเสี่ยงตามปัจจัยนำเข้าที่กำหนด
ทั้งปัจจัยเสี่ยงระดับองค์กร
ปัจจัยเสี่ยงระดับสายงาน
และปัจจัยเสี่ยงระดับส่วนงาน หน่วยงาน",39,44,กล่องข้อความ คอลัมน์ E (แถว 39–44),,,,,3.1-P05
3.1,การระบุปัจจัยเสี่ยง (Identifies Risk),กองบริหารความเสี่ยง,เพื่อระบุปัจจัยเสี่ยงที่ครอบคลุม ทั้งจากปัจจัยภายใน ปัจจัยภายนอก ยุทธศาสตร์และเป้าหมายที่สำคัญขององค์กร จุดอ่อน ความต้องการความคาดหวังของผู้มีส่วนได้ส่วนเสีย ตัวชี้วัดที่สำคัญขององค์กร,Sipoc (SE-AM) ข้อ 3.1.xlsx,1. As-is  และ To-be Process,3.1-P05,P,"5. ประเมินประสิทธิผลการควบคุมภายใน
และการประเมินความเสี่ยง (Risk Universe) ทั้งปัจจัยเสี่ยงระดับองค์กร ระดับสายงาน
และระดับส่วนงาน หน่วยงาน",48,53,กล่องข้อความ คอลัมน์ E (แถว 48–53),ส.ค.,ส.ค.,,10,
3.1,การระบุปัจจัยเสี่ยง (Identifies Risk),กองบริหารความเสี่ยง,เพื่อระบุปัจจัยเสี่ยงที่ครอบคลุม ทั้งจากปัจจัยภายใน ปัจจัยภายนอก ยุทธศาสตร์และเป้าหมายที่สำคัญขององค์กร จุดอ่อน ความต้องการความคาดหวังของผู้มีส่วนได้ส่วนเสีย ตัวชี้วัดที่สำคัญขององค์กร,Sipoc (SE-AM) ข้อ 3.1.xlsx,1. As-is  และ To-be Process,3.1-P06,P,6. เสนอคณะทำงานบริหารความเสี่ยงและควบคุมภายในของ กยท. (RIC) พิจารณาในส่วนของปัจจัยเสี่ยงระดับองค์กร,63,71,กล่องข้อความ คอลัมน์ E (แถว 63–71),ส.ค. - ก.ย.,ส.ค. - ก.ย.,,10|11,
3.1,การระบุปัจจัยเสี่ยง (Identifies Risk),กองบริหารความเสี่ยง,เพื่อระบุปัจจัยเสี่ยงที่ครอบคลุม ทั้งจากปัจจัยภายใน ปัจจัยภายนอก ยุทธศาสตร์และเป้าหมายที่สำคัญขององค์กร จุดอ่อน ความต้องการความคาดหวังของผู้มีส่วนได้ส่วนเสีย ตัวชี้วัดที่สำคัญขององค์กร,Sipoc (SE-AM) ข้อ 3.1.xlsx,1. As-is  และ To-be Process,3.1-P07,P,7. เสนอคณะอนุกรรมการบริหารความเสี่ยงและควบคุมภายในของ กยท. (RMC) พิจารณาในส่วนของปัจจัยเสี่ยงระดับองค์กร,73,81,กล่องข้อความ คอลัมน์ E (แถว 73–81),"ก.ย.
ก.ย. - ต.ค.","ก.ย.
ก.ย. - ต.ค.",,0|11,3.1-P08
3.1,การระบุปัจจัยเสี่ยง (Identifies Risk),กองบริหารความเสี่ยง,เพื่อระบุปัจจัยเสี่ยงที่ครอบคลุม ทั้งจากปัจจัยภายใน ปัจจัยภายนอก ยุทธศาสตร์และเป้าหมายที่สำคัญขององค์กร จุดอ่อน ความต้องการความคาดหวังของผู้มีส่วนได้ส่วนเสีย ตัวชี้วัดที่สำคัญขององค์กร,Sipoc (SE-AM) ข้อ 3.1.xlsx,1. As-is  และ To-be Process,3.1-P08,P,8. สื่อสาร/ถ่ายทอดปัจจัยเสี่ยงระดับองค์กร,83,86,กล่องข้อความ คอลัมน์ E (แถว 83–86),,,,,
3.1,การระบุปัจจัยเสี่ยง (Identifies Risk),กองบริหารความเสี่ยง,เพื่อระบุปัจจัยเสี่ยงที่ครอบคลุม ทั้งจากปัจจัยภายใน ปัจจัยภายนอก ยุทธศาสตร์และเป้าหมายที่สำคัญขององค์กร จุดอ่อน ความต้องการความคาดหวังของผู้มีส่วนได้ส่วนเสีย ตัวชี้วัดที่สำคัญขององค์กร,Sipoc (SE-AM) ข้อ 3.1.xlsx,1. As-is  และ To-be Process,3.1-P09,P,9. ทบทวนการประเมินประสิทธิผลการควบคุมภายในและการประเมินความเสี่ยง (Risk Universe) รายไตรมาส หรือเมื่อมีปัจจัยนำเข้าที่ต้องดำเนินการประเมินเพิ่มเติมระหว่างปี,89,95,กล่องข้อความ คอลัมน์ E (แถว 89–95),รายไตรมาส,รายไตรมาส,,,
3.1,การระบุปัจจัยเสี่ยง (Identifies Risk),กองบริหารความเสี่ยง,เพื่อระบุปัจจัยเสี่ยงที่ครอบคลุม ทั้งจากปัจจัยภายใน ปัจจัยภายนอก ยุทธศาสตร์และเป้าหมายที่สำคัญขององค์กร จุดอ่อน ความต้องการความคาดหวังของผู้มีส่วนได้ส่วนเสีย ตัวชี้วัดที่สำคัญขององค์กร,Sipoc (SE-AM) ข้อ 3.1.xlsx,1. As-is  และ To-be Process,3.1-O01,O,"ร่างหลักเกณฑ์และกระบวนการจัดทำ
แผนบริหารความเสี่ยง และควบคุมภายใน",14,19,กล่องข้อความ คอลัมน์ F (แถว 14–19),,,,,3.1-O02
3.1,การระบุปัจจัยเสี่ยง (Identifies Risk),กองบริหารความเสี่ยง,เพื่อระบุปัจจัยเสี่ยงที่ครอบคลุม ทั้งจากปัจจัยภายใน ปัจจัยภายนอก ยุทธศาสตร์และเป้าหมายที่สำคัญขององค์กร จุดอ่อน ความต้องการความคาดหวังของผู้มีส่วนได้ส่วนเสีย ตัวชี้วัดที่สำคัญขององค์กร,Sipoc (SE-AM) ข้อ 3.1.xlsx,1. As-is  และ To-be Process,3.1-O02,O,"ร่างหลักเกณฑ์และกระบวนการจัดทำ
แผนบริหารความเสี่ยง และควบคุมภายใน",23,29,กล่องข้อความ คอลัมน์ F (แถว 23–29),,,,,
3.1,การระบุปัจจัยเสี่ยง (Identifies Risk),กองบริหารความเสี่ยง,เพื่อระบุปัจจัยเสี่ยงที่ครอบคลุม ทั้งจากปัจจัยภายใน ปัจจัยภายนอก ยุทธศาสตร์และเป้าหมายที่สำคัญขององค์กร จุดอ่อน ความต้องการความคาดหวังของผู้มีส่วนได้ส่วนเสีย ตัวชี้วัดที่สำคัญขององค์กร,Sipoc (SE-AM) ข้อ 3.1.xlsx,1. As-is  และ To-be Process,3.1-O03,O,หลักเกณฑ์และกระบวนการจัดทำแผนบริหารความเสี่ยง และควบคุมภายใน,32,36,กล่องข้อความ คอลัมน์ F (แถว 32–36),,,,,
3.1,การระบุปัจจัยเสี่ยง (Identifies Risk),กองบริหารความเสี่ยง,เพื่อระบุปัจจัยเสี่ยงที่ครอบคลุม ทั้งจากปัจจัยภายใน ปัจจัยภายนอก ยุทธศาสตร์และเป้าหมายที่สำคัญขององค์กร จุดอ่อน ความต้องการความคาดหวังของผู้มีส่วนได้ส่วนเสีย ตัวชี้วัดที่สำคัญขององค์กร,Sipoc (SE-AM) ข้อ 3.1.xlsx,1. As-is  และ To-be Process,3.1-O04,O,"ข้อมูลตัวชี้วัด/แผนงาน/โครงการ/กิจกรรม ตาม
ปัจจัยนำเข้าแต่ละระดับ
ที่ยังไม่ผ่านการประเมิน
Risk Universe",40,45,กล่องข้อความ คอลัมน์ F (แถว 40–45),,,,,
3.1,การระบุปัจจัยเสี่ยง (Identifies Risk),กองบริหารความเสี่ยง,เพื่อระบุปัจจัยเสี่ยงที่ครอบคลุม ทั้งจากปัจจัยภายใน ปัจจัยภายนอก ยุทธศาสตร์และเป้าหมายที่สำคัญขององค์กร จุดอ่อน ความต้องการความคาดหวังของผู้มีส่วนได้ส่วนเสีย ตัวชี้วัดที่สำคัญขององค์กร,Sipoc (SE-AM) ข้อ 3.1.xlsx,1. As-is  และ To-be Process,3.1-O05,O,"ปัจจัยเสี่ยงระดับองค์กร
ปัจจัยเสี่ยงระดับสายงาน และปัจจัยเสี่ยงระดับส่วนงานหน่วยงาน ที่ต้องดำเนินการจัดทำมาตรการปรับปรุงการควบคุมภายใน หรือ/และจัดทำแผนจัดการความเสี่ยง",48,56,กล่องข้อความ คอลัมน์ F (แถว 48–56),,,,,
3.1,การระบุปัจจัยเสี่ยง (Identifies Risk),กองบริหารความเสี่ยง,เพื่อระบุปัจจัยเสี่ยงที่ครอบคลุม ทั้งจากปัจจัยภายใน ปัจจัยภายนอก ยุทธศาสตร์และเป้าหมายที่สำคัญขององค์กร จุดอ่อน ความต้องการความคาดหวังของผู้มีส่วนได้ส่วนเสีย ตัวชี้วัดที่สำคัญขององค์กร,Sipoc (SE-AM) ข้อ 3.1.xlsx,1. As-is  และ To-be Process,3.1-O06,O,ร่างปัจจัยเสี่ยงระดับองค์กร,65,69,กล่องข้อความ คอลัมน์ F (แถว 65–69),,,,,3.1-O07
3.1,การระบุปัจจัยเสี่ยง (Identifies Risk),กองบริหารความเสี่ยง,เพื่อระบุปัจจัยเสี่ยงที่ครอบคลุม ทั้งจากปัจจัยภายใน ปัจจัยภายนอก ยุทธศาสตร์และเป้าหมายที่สำคัญขององค์กร จุดอ่อน ความต้องการความคาดหวังของผู้มีส่วนได้ส่วนเสีย ตัวชี้วัดที่สำคัญขององค์กร,Sipoc (SE-AM) ข้อ 3.1.xlsx,1. As-is  และ To-be Process,3.1-O07,O,ปัจจัยเสี่ยงระดับองค์กร,76,80,กล่องข้อความ คอลัมน์ F (แถว 76–80),,,,,3.1-O08
3.1,การระบุปัจจัยเสี่ยง (Identifies Risk),กองบริหารความเสี่ยง,เพื่อระบุปัจจัยเสี่ยงที่ครอบคลุม ทั้งจากปัจจัยภายใน ปัจจัยภายนอก ยุทธศาสตร์และเป้าหมายที่สำคัญขององค์กร จุดอ่อน ความต้องการความคาดหวังของผู้มีส่วนได้ส่วนเสีย ตัวชี้วัดที่สำคัญขององค์กร,Sipoc (SE-AM) ข้อ 3.1.xlsx,1. As-is  และ To-be Process,3.1-O08,O,1. บันทึกข้อความแจ้งเวียนปัจจัยเสี่ยงระดับองค์กร2. กบค.สาร,83,87,กล่องข้อความ คอลัมน์ F (แถว 83–87),,,,,
3.1,การระบุปัจจัยเสี่ยง (Identifies Risk),กองบริหารความเสี่ยง,เพื่อระบุปัจจัยเสี่ยงที่ครอบคลุม ทั้งจากปัจจัยภายใน ปัจจัยภายนอก ยุทธศาสตร์และเป้าหมายที่สำคัญขององค์กร จุดอ่อน ความต้องการความคาดหวังของผู้มีส่วนได้ส่วนเสีย ตัวชี้วัดที่สำคัญขององค์กร,Sipoc (SE-AM) ข้อ 3.1.xlsx,1. As-is  และ To-be Process,3.1-O09,O,ปัจจัยเสี่ยงที่ต้องดำเนินการจัดทำมาตรการปรับปรุงการควบคุมภายใน หรือ/และจัดทำแผนจัดการความเสี่ยงเพิ่มเติมระหว่างปี,89,95,กล่องข้อความ คอลัมน์ F (แถว 89–95),,,,,
3.1,การระบุปัจจัยเสี่ยง (Identifies Risk),กองบริหารความเสี่ยง,เพื่อระบุปัจจัยเสี่ยงที่ครอบคลุม ทั้งจากปัจจัยภายใน ปัจจัยภายนอก ยุทธศาสตร์และเป้าหมายที่สำคัญขององค์กร จุดอ่อน ความต้องการความคาดหวังของผู้มีส่วนได้ส่วนเสีย ตัวชี้วัดที่สำคัญขององค์กร,Sipoc (SE-AM) ข้อ 3.1.xlsx,1. As-is  และ To-be Process,3.1-C01,C,คณะทำงานฯRIC,14,16,กล่องข้อความ คอลัมน์ G (แถว 14–16),,,,,
3.1,การระบุปัจจัยเสี่ยง (Identifies Risk),กองบริหารความเสี่ยง,เพื่อระบุปัจจัยเสี่ยงที่ครอบคลุม ทั้งจากปัจจัยภายใน ปัจจัยภายนอก ยุทธศาสตร์และเป้าหมายที่สำคัญขององค์กร จุดอ่อน ความต้องการความคาดหวังของผู้มีส่วนได้ส่วนเสีย ตัวชี้วัดที่สำคัญขององค์กร,Sipoc (SE-AM) ข้อ 3.1.xlsx,1. As-is  และ To-be Process,3.1-C02,C,คณะอนุกรรมการฯ RMC,24,25,กล่องข้อความ คอลัมน์ G (แถว 24–25),,,,,
3.1,การระบุปัจจัยเสี่ยง (Identifies Risk),กองบริหารความเสี่ยง,เพื่อระบุปัจจัยเสี่ยงที่ครอบคลุม ทั้งจากปัจจัยภายใน ปัจจัยภายนอก ยุทธศาสตร์และเป้าหมายที่สำคัญขององค์กร จุดอ่อน ความต้องการความคาดหวังของผู้มีส่วนได้ส่วนเสีย ตัวชี้วัดที่สำคัญขององค์กร,Sipoc (SE-AM) ข้อ 3.1.xlsx,1. As-is  และ To-be Process,3.1-C03,C,กบค.ส่วนงาน/หน่วยงาน หรือเจ้าของปัจจัยเสี่ยง (Risk owner),32,36,กล่องข้อความ คอลัมน์ G (แถว 32–36),,,,,
3.1,การระบุปัจจัยเสี่ยง (Identifies Risk),กองบริหารความเสี่ยง,เพื่อระบุปัจจัยเสี่ยงที่ครอบคลุม ทั้งจากปัจจัยภายใน ปัจจัยภายนอก ยุทธศาสตร์และเป้าหมายที่สำคัญขององค์กร จุดอ่อน ความต้องการความคาดหวังของผู้มีส่วนได้ส่วนเสีย ตัวชี้วัดที่สำคัญขององค์กร,Sipoc (SE-AM) ข้อ 3.1.xlsx,1. As-is  และ To-be Process,3.1-C04,C,กบค.ส่วนงาน/หน่วยงาน หรือเจ้าของปัจจัยเสี่ยง (Risk owner),39,44,กล่องข้อความ คอลัมน์ G (แถว 39–44),,,,,
3.1,การระบุปัจจัยเสี่ยง (Identifies Risk),กองบริหารความเสี่ยง,เพื่อระบุปัจจัยเสี่ยงที่ครอบคลุม ทั้งจากปัจจัยภายใน ปัจจัยภายนอก ยุทธศาสตร์และเป้าหมายที่สำคัญขององค์กร จุดอ่อน ความต้องการความคาดหวังของผู้มีส่วนได้ส่วนเสีย ตัวชี้วัดที่สำคัญขององค์กร,Sipoc (SE-AM) ข้อ 3.1.xlsx,1. As-is  และ To-be Process,3.1-C05,C,กบค.ส่วนงาน /หน่วยงาน หรือเจ้าของปัจจัยเสี่ยง (Risk owner),48,53,กล่องข้อความ คอลัมน์ G (แถว 48–53),,,,,
3.1,การระบุปัจจัยเสี่ยง (Identifies Risk),กองบริหารความเสี่ยง,เพื่อระบุปัจจัยเสี่ยงที่ครอบคลุม ทั้งจากปัจจัยภายใน ปัจจัยภายนอก ยุทธศาสตร์และเป้าหมายที่สำคัญขององค์กร จุดอ่อน ความต้องการความคาดหวังของผู้มีส่วนได้ส่วนเสีย ตัวชี้วัดที่สำคัญขององค์กร,Sipoc (SE-AM) ข้อ 3.1.xlsx,1. As-is  และ To-be Process,3.1-C06,C,กบค.,66,68,กล่องข้อความ คอลัมน์ G (แถว 66–68),,,,,
3.1,การระบุปัจจัยเสี่ยง (Identifies Risk),กองบริหารความเสี่ยง,เพื่อระบุปัจจัยเสี่ยงที่ครอบคลุม ทั้งจากปัจจัยภายใน ปัจจัยภายนอก ยุทธศาสตร์และเป้าหมายที่สำคัญขององค์กร จุดอ่อน ความต้องการความคาดหวังของผู้มีส่วนได้ส่วนเสีย ตัวชี้วัดที่สำคัญขององค์กร,Sipoc (SE-AM) ข้อ 3.1.xlsx,1. As-is  และ To-be Process,3.1-C07,C,กบค.,76,78,กล่องข้อความ คอลัมน์ G (แถว 76–78),,,,,
3.1,การระบุปัจจัยเสี่ยง (Identifies Risk),กองบริหารความเสี่ยง,เพื่อระบุปัจจัยเสี่ยงที่ครอบคลุม ทั้งจากปัจจัยภายใน ปัจจัยภายนอก ยุทธศาสตร์และเป้าหมายที่สำคัญขององค์กร จุดอ่อน ความต้องการความคาดหวังของผู้มีส่วนได้ส่วนเสีย ตัวชี้วัดที่สำคัญขององค์กร,Sipoc (SE-AM) ข้อ 3.1.xlsx,1. As-is  และ To-be Process,3.1-C08,C,กบค.ส่วนงาน /หน่วยงาน หรือเจ้าของปัจจัยเสี่ยง (Risk owner),82,87,กล่องข้อความ คอลัมน์ G (แถว 82–87),,,,,
3.1,การระบุปัจจัยเสี่ยง (Identifies Risk),กองบริหารความเสี่ยง,เพื่อระบุปัจจัยเสี่ยงที่ครอบคลุม ทั้งจากปัจจัยภายใน ปัจจัยภายนอก ยุทธศาสตร์และเป้าหมายที่สำคัญขององค์กร จุดอ่อน ความต้องการความคาดหวังของผู้มีส่วนได้ส่วนเสีย ตัวชี้วัดที่สำคัญขององค์กร,Sipoc (SE-AM) ข้อ 3.1.xlsx,1. As-is  และ To-be Process,3.1-C09,C,กบค.ส่วนงาน /หน่วยงาน หรือเจ้าของปัจจัยเสี่ยง (Risk owner),89,94,กล่องข้อความ คอลัมน์ G (แถว 89–94),,,,,
3.2,การกำหนดกิจกรรมการควบคุมที่ตอบสนองต่อความเสี่ยงองค์กร (Selects and Develops Control Activities),กองบริหารความเสี่ยง,มีการประเมินกิจกรรมควบคุมครบถ้วนทุกระดับ ทั้งระดับองค์กร สายงาน ส่วนงาน และหน่วยงาน,Sipoc (SE-AM) ข้อ 3.2.xlsx,1. As-is  และ To-be Process,3.2-S01,S,กบค.,12,13,กล่องข้อความ คอลัมน์ C (แถว 12–13),,,,,
3.2,การกำหนดกิจกรรมการควบคุมที่ตอบสนองต่อความเสี่ยงองค์กร (Selects and Develops Control Activities),กองบริหารความเสี่ยง,มีการประเมินกิจกรรมควบคุมครบถ้วนทุกระดับ ทั้งระดับองค์กร สายงาน ส่วนงาน และหน่วยงาน,Sipoc (SE-AM) ข้อ 3.2.xlsx,1. As-is  และ To-be Process,3.2-S02,S,กบค.,24,26,กล่องข้อความ คอลัมน์ C (แถว 24–26),,,,,
3.2,การกำหนดกิจกรรมการควบคุมที่ตอบสนองต่อความเสี่ยงองค์กร (Selects and Develops Control Activities),กองบริหารความเสี่ยง,มีการประเมินกิจกรรมควบคุมครบถ้วนทุกระดับ ทั้งระดับองค์กร สายงาน ส่วนงาน และหน่วยงาน,Sipoc (SE-AM) ข้อ 3.2.xlsx,1. As-is  และ To-be Process,3.2-S03,S,กบค.,32,34,กล่องข้อความ คอลัมน์ C (แถว 32–34),,,,,
3.2,การกำหนดกิจกรรมการควบคุมที่ตอบสนองต่อความเสี่ยงองค์กร (Selects and Develops Control Activities),กองบริหารความเสี่ยง,มีการประเมินกิจกรรมควบคุมครบถ้วนทุกระดับ ทั้งระดับองค์กร สายงาน ส่วนงาน และหน่วยงาน,Sipoc (SE-AM) ข้อ 3.2.xlsx,1. As-is  และ To-be Process,3.2-S04,S,"กบค.
สายงานส่วนงาน/หน่วยงาน",40,44,กล่องข้อความ คอลัมน์ C (แถว 40–44),,,,,
3.2,การกำหนดกิจกรรมการควบคุมที่ตอบสนองต่อความเสี่ยงองค์กร (Selects and Develops Control Activities),กองบริหารความเสี่ยง,มีการประเมินกิจกรรมควบคุมครบถ้วนทุกระดับ ทั้งระดับองค์กร สายงาน ส่วนงาน และหน่วยงาน,Sipoc (SE-AM) ข้อ 3.2.xlsx,1. As-is  และ To-be Process,3.2-S05,S,"กบค.
สายงานส่วนงาน/หน่วยงาน",50,54,กล่องข้อความ คอลัมน์ C (แถว 50–54),,,,,
3.2,การกำหนดกิจกรรมการควบคุมที่ตอบสนองต่อความเสี่ยงองค์กร (Selects and Develops Control Activities),กองบริหารความเสี่ยง,มีการประเมินกิจกรรมควบคุมครบถ้วนทุกระดับ ทั้งระดับองค์กร สายงาน ส่วนงาน และหน่วยงาน,Sipoc (SE-AM) ข้อ 3.2.xlsx,1. As-is  และ To-be Process,3.2-S06,S,กบค.,68,70,กล่องข้อความ คอลัมน์ C (แถว 68–70),,,,,
3.2,การกำหนดกิจกรรมการควบคุมที่ตอบสนองต่อความเสี่ยงองค์กร (Selects and Develops Control Activities),กองบริหารความเสี่ยง,มีการประเมินกิจกรรมควบคุมครบถ้วนทุกระดับ ทั้งระดับองค์กร สายงาน ส่วนงาน และหน่วยงาน,Sipoc (SE-AM) ข้อ 3.2.xlsx,1. As-is  และ To-be Process,3.2-S07,S,กบค.,79,81,กล่องข้อความ คอลัมน์ C (แถว 79–81),,,,,
3.2,การกำหนดกิจกรรมการควบคุมที่ตอบสนองต่อความเสี่ยงองค์กร (Selects and Develops Control Activities),กองบริหารความเสี่ยง,มีการประเมินกิจกรรมควบคุมครบถ้วนทุกระดับ ทั้งระดับองค์กร สายงาน ส่วนงาน และหน่วยงาน,Sipoc (SE-AM) ข้อ 3.2.xlsx,1. As-is  และ To-be Process,3.2-S08,S,กบค.,86,87,กล่องข้อความ คอลัมน์ C (แถว 86–87),,,,,
3.2,การกำหนดกิจกรรมการควบคุมที่ตอบสนองต่อความเสี่ยงองค์กร (Selects and Develops Control Activities),กองบริหารความเสี่ยง,มีการประเมินกิจกรรมควบคุมครบถ้วนทุกระดับ ทั้งระดับองค์กร สายงาน ส่วนงาน และหน่วยงาน,Sipoc (SE-AM) ข้อ 3.2.xlsx,1. As-is  และ To-be Process,3.2-S09,S,"กบค.
สายงานส่วนงาน/หน่วยงาน",94,98,กล่องข้อความ คอลัมน์ C (แถว 94–98),,,,,
3.2,การกำหนดกิจกรรมการควบคุมที่ตอบสนองต่อความเสี่ยงองค์กร (Selects and Develops Control Activities),กองบริหารความเสี่ยง,มีการประเมินกิจกรรมควบคุมครบถ้วนทุกระดับ ทั้งระดับองค์กร สายงาน ส่วนงาน และหน่วยงาน,Sipoc (SE-AM) ข้อ 3.2.xlsx,1. As-is  และ To-be Process,3.2-I01,I,"- เกณฑ์การประเมินประสิทธิผลการควบคุมภายในและการประเมินความเสี่ยง ปีก่อนหน้า
- หลักเกณฑ์ แนวปฏิบัติ และคู่มือปฏิบัติเกี่ยวกับ
การบริหารความเสี่ยงและควบคุมภายในสำหรับรัฐวิสาหกิจ ปี 2568",11,22,กล่องข้อความ คอลัมน์ D (แถว 11–22),,,,,3.2-I02
3.2,การกำหนดกิจกรรมการควบคุมที่ตอบสนองต่อความเสี่ยงองค์กร (Selects and Develops Control Activities),กองบริหารความเสี่ยง,มีการประเมินกิจกรรมควบคุมครบถ้วนทุกระดับ ทั้งระดับองค์กร สายงาน ส่วนงาน และหน่วยงาน,Sipoc (SE-AM) ข้อ 3.2.xlsx,1. As-is  และ To-be Process,3.2-I02,I,"ผลลัพธ์ในกิจกรรมที่ 1
เห็นชอบ
เห็นชอบ
เสี่ยง และแผน ี่ ความเสี",24,29,กล่องข้อความ คอลัมน์ D (แถว 24–29),,,,,3.2-I03
3.2,การกำหนดกิจกรรมการควบคุมที่ตอบสนองต่อความเสี่ยงองค์กร (Selects and Develops Control Activities),กองบริหารความเสี่ยง,มีการประเมินกิจกรรมควบคุมครบถ้วนทุกระดับ ทั้งระดับองค์กร สายงาน ส่วนงาน และหน่วยงาน,Sipoc (SE-AM) ข้อ 3.2.xlsx,1. As-is  และ To-be Process,3.2-I03,I,ผลลัพธ์ในกิจกรรมที่ 2 ที่คณะทำงานฯ RIC เห็นชอบ,32,37,กล่องข้อความ คอลัมน์ D (แถว 32–37),,,,,
3.2,การกำหนดกิจกรรมการควบคุมที่ตอบสนองต่อความเสี่ยงองค์กร (Selects and Develops Control Activities),กองบริหารความเสี่ยง,มีการประเมินกิจกรรมควบคุมครบถ้วนทุกระดับ ทั้งระดับองค์กร สายงาน ส่วนงาน และหน่วยงาน,Sipoc (SE-AM) ข้อ 3.2.xlsx,1. As-is  และ To-be Process,3.2-I04,I,ผลลัพธ์ในกิจกรรมที่ 3 ที่คณะอนุกรรมการฯ RMC เห็นชอบ,39,44,กล่องข้อความ คอลัมน์ D (แถว 39–44),,,,,
3.2,การกำหนดกิจกรรมการควบคุมที่ตอบสนองต่อความเสี่ยงองค์กร (Selects and Develops Control Activities),กองบริหารความเสี่ยง,มีการประเมินกิจกรรมควบคุมครบถ้วนทุกระดับ ทั้งระดับองค์กร สายงาน ส่วนงาน และหน่วยงาน,Sipoc (SE-AM) ข้อ 3.2.xlsx,1. As-is  และ To-be Process,3.2-I05,I,ผลลัพธ์ในกิจกรรมที่ 4,50,55,กล่องข้อความ คอลัมน์ D (แถว 50–55),,,,,
3.2,การกำหนดกิจกรรมการควบคุมที่ตอบสนองต่อความเสี่ยงองค์กร (Selects and Develops Control Activities),กองบริหารความเสี่ยง,มีการประเมินกิจกรรมควบคุมครบถ้วนทุกระดับ ทั้งระดับองค์กร สายงาน ส่วนงาน และหน่วยงาน,Sipoc (SE-AM) ข้อ 3.2.xlsx,1. As-is  และ To-be Process,3.2-I06,I,ผลลัพธ์ในกิจกรรมที่ 5,68,72,กล่องข้อความ คอลัมน์ D (แถว 68–72),,,,,3.2-I07
3.2,การกำหนดกิจกรรมการควบคุมที่ตอบสนองต่อความเสี่ยงองค์กร (Selects and Develops Control Activities),กองบริหารความเสี่ยง,มีการประเมินกิจกรรมควบคุมครบถ้วนทุกระดับ ทั้งระดับองค์กร สายงาน ส่วนงาน และหน่วยงาน,Sipoc (SE-AM) ข้อ 3.2.xlsx,1. As-is  และ To-be Process,3.2-I07,I,ผลลัพธ์ในกิจกรรมที่ 6,79,83,กล่องข้อความ คอลัมน์ D (แถว 79–83),,,,,3.2-I08
3.2,การกำหนดกิจกรรมการควบคุมที่ตอบสนองต่อความเสี่ยงองค์กร (Selects and Develops Control Activities),กองบริหารความเสี่ยง,มีการประเมินกิจกรรมควบคุมครบถ้วนทุกระดับ ทั้งระดับองค์กร สายงาน ส่วนงาน และหน่วยงาน,Sipoc (SE-AM) ข้อ 3.2.xlsx,1. As-is  และ To-be Process,3.2-I08,I,ผลลัพธ์ในกิจกรรมที่ 7,86,89,กล่องข้อความ คอลัมน์ D (แถว 86–89),,,,,3.2-I09
3.2,การกำหนดกิจกรรมการควบคุมที่ตอบสนองต่อความเสี่ยงองค์กร (Selects and Develops Control Activities),กองบริหารความเสี่ยง,มีการประเมินกิจกรรมควบคุมครบถ้วนทุกระดับ ทั้งระดับองค์กร สายงาน ส่วนงาน และหน่วยงาน,Sipoc (SE-AM) ข้อ 3.2.xlsx,1. As-is  และ To-be Process,3.2-I09,I,ปัจจัยนำเข้าที่นอกเหนือจากการประเมินเมื่อต้นปี,94,98,กล่องข้อความ คอลัมน์ D (แถว 94–98),,,,,
3.2,การกำหนดกิจกรรมการควบคุมที่ตอบสนองต่อความเสี่ยงองค์กร (Selects and Develops Control Activities),กองบริหารความเสี่ยง,มีการประเมินกิจกรรมควบคุมครบถ้วนทุกระดับ ทั้งระดับองค์กร สายงาน ส่วนงาน และหน่วยงาน,Sipoc (SE-AM) ข้อ 3.2.xlsx,1. As-is  และ To-be Process,3.2-P01,P,1. ทบทวนเกณฑ์การประเมินประสิทธิผลการควบคุมภายในและการประเมินความเสี่ยง (Risk Universe),14,17,กล่องข้อความ คอลัมน์ E (แถว 14–17),มิ.ย.,,,8,3.2-P02
3.2,การกำหนดกิจกรรมการควบคุมที่ตอบสนองต่อความเสี่ยงองค์กร (Selects and Develops Control Activities),กองบริหารความเสี่ยง,มีการประเมินกิจกรรมควบคุมครบถ้วนทุกระดับ ทั้งระดับองค์กร สายงาน ส่วนงาน และหน่วยงาน,Sipoc (SE-AM) ข้อ 3.2.xlsx,1. As-is  และ To-be Process,3.2-P02,P,2. เสนอคณะทำงานบริหารความเสี่ยงและควบคุมภายในของ กยท. (RIC) พิจารณา,21,28,กล่องข้อความ คอลัมน์ E (แถว 21–28),มิ.ย.,,,8,
3.2,การกำหนดกิจกรรมการควบคุมที่ตอบสนองต่อความเสี่ยงองค์กร (Selects and Develops Control Activities),กองบริหารความเสี่ยง,มีการประเมินกิจกรรมควบคุมครบถ้วนทุกระดับ ทั้งระดับองค์กร สายงาน ส่วนงาน และหน่วยงาน,Sipoc (SE-AM) ข้อ 3.2.xlsx,1. As-is  และ To-be Process,3.2-P03,P,3. เสนอคณะอนุกรรมการบริหารความเสี่ยงและควบคุมภายในของ กยท. (RMC) พิจารณา,29,38,กล่องข้อความ คอลัมน์ E (แถว 29–38),"ก.ค.
ส.ค.",,,9|10,
3.2,การกำหนดกิจกรรมการควบคุมที่ตอบสนองต่อความเสี่ยงองค์กร (Selects and Develops Control Activities),กองบริหารความเสี่ยง,มีการประเมินกิจกรรมควบคุมครบถ้วนทุกระดับ ทั้งระดับองค์กร สายงาน ส่วนงาน และหน่วยงาน,Sipoc (SE-AM) ข้อ 3.2.xlsx,1. As-is  และ To-be Process,3.2-P04,P,"4. ประเมินประสิทธิผลการควบคุมภายในประกอบการระบุปัจจัยเสี่ยง
ทั้งปัจจัยเสี่ยงระดับองค์กร
ปัจจัยเสี่ยงระดับสายงาน
และปัจจัยเสี่ยงระดับส่วนงาน หน่วยงาน",39,45,กล่องข้อความ คอลัมน์ E (แถว 39–45),,,,,3.2-P05
3.2,การกำหนดกิจกรรมการควบคุมที่ตอบสนองต่อความเสี่ยงองค์กร (Selects and Develops Control Activities),กองบริหารความเสี่ยง,มีการประเมินกิจกรรมควบคุมครบถ้วนทุกระดับ ทั้งระดับองค์กร สายงาน ส่วนงาน และหน่วยงาน,Sipoc (SE-AM) ข้อ 3.2.xlsx,1. As-is  และ To-be Process,3.2-P05,P,5. ระดับองค์กร ดำเนินการตามขั้นตอนการจัดทำแผนที่ความเสี่ยง (Risk Correlation Map)ระดับสายงาน ส่วนงาน หน่วยงาน จัดทำแบบรายงานการประเมินผลและการปรับปรุงการควบคุมภายใน (ปย.2) ในระบบสารสนเทศฯ,49,55,กล่องข้อความ คอลัมน์ E (แถว 49–55),ส.ค.,,,10,
3.2,การกำหนดกิจกรรมการควบคุมที่ตอบสนองต่อความเสี่ยงองค์กร (Selects and Develops Control Activities),กองบริหารความเสี่ยง,มีการประเมินกิจกรรมควบคุมครบถ้วนทุกระดับ ทั้งระดับองค์กร สายงาน ส่วนงาน และหน่วยงาน,Sipoc (SE-AM) ข้อ 3.2.xlsx,1. As-is  และ To-be Process,3.2-P06,P,6. เสนอคณะทำงานบริหารความเสี่ยงฯ (RIC) พิจารณาในส่วนของการควบคุมภายในของปัจจัยเสี่ยงระดับองค์กร,66,74,กล่องข้อความ คอลัมน์ E (แถว 66–74),ส.ค. - ก.ย.,,,10|11,
3.2,การกำหนดกิจกรรมการควบคุมที่ตอบสนองต่อความเสี่ยงองค์กร (Selects and Develops Control Activities),กองบริหารความเสี่ยง,มีการประเมินกิจกรรมควบคุมครบถ้วนทุกระดับ ทั้งระดับองค์กร สายงาน ส่วนงาน และหน่วยงาน,Sipoc (SE-AM) ข้อ 3.2.xlsx,1. As-is  และ To-be Process,3.2-P07,P,7. เสนอคณะอนุกรรมการบริหารความเสี่ยงฯ (RMC) พิจารณาในส่วนของการควบคุมภายในของปัจจัยเสี่ยงระดับองค์กร,76,84,กล่องข้อความ คอลัมน์ E (แถว 76–84),"ก.ย.
ต.ค.",,,0|11,3.2-P08
3.2,การกำหนดกิจกรรมการควบคุมที่ตอบสนองต่อความเสี่ยงองค์กร (Selects and Develops Control Activities),กองบริหารความเสี่ยง,มีการประเมินกิจกรรมควบคุมครบถ้วนทุกระดับ ทั้งระดับองค์กร สายงาน ส่วนงาน และหน่วยงาน,Sipoc (SE-AM) ข้อ 3.2.xlsx,1. As-is  และ To-be Process,3.2-P08,P,8. บันทึกข้อมูลลงระบบสารสนเทศสนับสนุนการบริหารความเสี่ยงและควบคุมภายใน,86,89,กล่องข้อความ คอลัมน์ E (แถว 86–89),,,,,
3.2,การกำหนดกิจกรรมการควบคุมที่ตอบสนองต่อความเสี่ยงองค์กร (Selects and Develops Control Activities),กองบริหารความเสี่ยง,มีการประเมินกิจกรรมควบคุมครบถ้วนทุกระดับ ทั้งระดับองค์กร สายงาน ส่วนงาน และหน่วยงาน,Sipoc (SE-AM) ข้อ 3.2.xlsx,1. As-is  และ To-be Process,3.2-P09,P,9. ทบทวนการประเมินประสิทธิผลการควบคุมภายใน รายไตรมาส หรือเมื่อมีปัจจัยนำเข้าที่ต้องดำเนินการประเมินเพิ่มเติมระหว่างปี,94,98,กล่องข้อความ คอลัมน์ E (แถว 94–98),รายไตรมาส,,,,
3.2,การกำหนดกิจกรรมการควบคุมที่ตอบสนองต่อความเสี่ยงองค์กร (Selects and Develops Control Activities),กองบริหารความเสี่ยง,มีการประเมินกิจกรรมควบคุมครบถ้วนทุกระดับ ทั้งระดับองค์กร สายงาน ส่วนงาน และหน่วยงาน,Sipoc (SE-AM) ข้อ 3.2.xlsx,1. As-is  และ To-be Process,3.2-O01,O,ร่างเกณฑ์การประเมินประสิทธิผลการควบคุมภายในและการประเมินความเสี่ยง (Risk Universe),14,19,กล่องข้อความ คอลัมน์ F (แถว 14–19),,,,,3.2-O02
3.2,การกำหนดกิจกรรมการควบคุมที่ตอบสนองต่อความเสี่ยงองค์กร (Selects and Develops Control Activities),กองบริหารความเสี่ยง,มีการประเมินกิจกรรมควบคุมครบถ้วนทุกระดับ ทั้งระดับองค์กร สายงาน ส่วนงาน และหน่วยงาน,Sipoc (SE-AM) ข้อ 3.2.xlsx,1. As-is  และ To-be Process,3.2-O02,O,ร่างเกณฑ์การประเมินประสิทธิผลการควบคุมภายในและการประเมินความเสี่ยง (Risk Universe),24,30,กล่องข้อความ คอลัมน์ F (แถว 24–30),,,,,
3.2,การกำหนดกิจกรรมการควบคุมที่ตอบสนองต่อความเสี่ยงองค์กร (Selects and Develops Control Activities),กองบริหารความเสี่ยง,มีการประเมินกิจกรรมควบคุมครบถ้วนทุกระดับ ทั้งระดับองค์กร สายงาน ส่วนงาน และหน่วยงาน,Sipoc (SE-AM) ข้อ 3.2.xlsx,1. As-is  และ To-be Process,3.2-O03,O,เกณฑ์การประเมินประสิทธิผลการควบคุมภายในและการประเมินความเสี่ยง (Risk Universe),32,37,กล่องข้อความ คอลัมน์ F (แถว 32–37),,,,,
3.2,การกำหนดกิจกรรมการควบคุมที่ตอบสนองต่อความเสี่ยงองค์กร (Selects and Develops Control Activities),กองบริหารความเสี่ยง,มีการประเมินกิจกรรมควบคุมครบถ้วนทุกระดับ ทั้งระดับองค์กร สายงาน ส่วนงาน และหน่วยงาน,Sipoc (SE-AM) ข้อ 3.2.xlsx,1. As-is  และ To-be Process,3.2-O04,O,ผลการประเมินประสิทธิผลการควบคุมภายในเพียงพอ = ไม่ต้องจัดทำมาตรการปรับปรุงการควบคุมภายในไม่เพียงพอ = จัดทำมาตรการปรับปรุงการควบคุมภายใน,40,49,กล่องข้อความ คอลัมน์ F (แถว 40–49),,,,,3.2-O05
3.2,การกำหนดกิจกรรมการควบคุมที่ตอบสนองต่อความเสี่ยงองค์กร (Selects and Develops Control Activities),กองบริหารความเสี่ยง,มีการประเมินกิจกรรมควบคุมครบถ้วนทุกระดับ ทั้งระดับองค์กร สายงาน ส่วนงาน และหน่วยงาน,Sipoc (SE-AM) ข้อ 3.2.xlsx,1. As-is  และ To-be Process,3.2-O05,O,"ปัจจัยเสี่ยงระดับองค์กร
ปัจจัยเสี่ยงระดับสายงาน และปัจจัยเสี่ยงระดับส่วนงานหน่วยงาน ที่ต้องดำเนินการจัดทำมาตรการปรับปรุงการควบคุมภายใน",50,57,กล่องข้อความ คอลัมน์ F (แถว 50–57),,,,,
3.2,การกำหนดกิจกรรมการควบคุมที่ตอบสนองต่อความเสี่ยงองค์กร (Selects and Develops Control Activities),กองบริหารความเสี่ยง,มีการประเมินกิจกรรมควบคุมครบถ้วนทุกระดับ ทั้งระดับองค์กร สายงาน ส่วนงาน และหน่วยงาน,Sipoc (SE-AM) ข้อ 3.2.xlsx,1. As-is  และ To-be Process,3.2-O06,O,ร่างแผนบริหารความเสี่ยงในส่วนของมาตรการปรับปรุงการควบคุมภายใน,68,72,กล่องข้อความ คอลัมน์ F (แถว 68–72),,,,,3.2-O07
3.2,การกำหนดกิจกรรมการควบคุมที่ตอบสนองต่อความเสี่ยงองค์กร (Selects and Develops Control Activities),กองบริหารความเสี่ยง,มีการประเมินกิจกรรมควบคุมครบถ้วนทุกระดับ ทั้งระดับองค์กร สายงาน ส่วนงาน และหน่วยงาน,Sipoc (SE-AM) ข้อ 3.2.xlsx,1. As-is  และ To-be Process,3.2-O07,O,แผนบริหารความเสี่ยงในส่วนของมาตรการปรับปรุงการควบคุมภายใน,79,83,กล่องข้อความ คอลัมน์ F (แถว 79–83),,,,,3.2-O08
3.2,การกำหนดกิจกรรมการควบคุมที่ตอบสนองต่อความเสี่ยงองค์กร (Selects and Develops Control Activities),กองบริหารความเสี่ยง,มีการประเมินกิจกรรมควบคุมครบถ้วนทุกระดับ ทั้งระดับองค์กร สายงาน ส่วนงาน และหน่วยงาน,Sipoc (SE-AM) ข้อ 3.2.xlsx,1. As-is  และ To-be Process,3.2-O08,O,แผนบริหารความเสี่ยง ในส่วนของมาตรการปรับปรุงการควบคุมภายใน ในระบบสารสนเทศสนับสนุนการบริหารความเสี่ยงและควบคุมภายใน,86,93,กล่องข้อความ คอลัมน์ F (แถว 86–93),,,,,
3.2,การกำหนดกิจกรรมการควบคุมที่ตอบสนองต่อความเสี่ยงองค์กร (Selects and Develops Control Activities),กองบริหารความเสี่ยง,มีการประเมินกิจกรรมควบคุมครบถ้วนทุกระดับ ทั้งระดับองค์กร สายงาน ส่วนงาน และหน่วยงาน,Sipoc (SE-AM) ข้อ 3.2.xlsx,1. As-is  และ To-be Process,3.2-O09,O,ปัจจัยเสี่ยงที่ต้องดำเนินการจัดทำมาตรการปรับปรุงการควบคุมภายใน เพิ่มเติมระหว่างปี,94,99,กล่องข้อความ คอลัมน์ F (แถว 94–99),,,,,
3.2,การกำหนดกิจกรรมการควบคุมที่ตอบสนองต่อความเสี่ยงองค์กร (Selects and Develops Control Activities),กองบริหารความเสี่ยง,มีการประเมินกิจกรรมควบคุมครบถ้วนทุกระดับ ทั้งระดับองค์กร สายงาน ส่วนงาน และหน่วยงาน,Sipoc (SE-AM) ข้อ 3.2.xlsx,1. As-is  และ To-be Process,3.2-C01,C,คณะทำงานฯRIC,14,16,กล่องข้อความ คอลัมน์ G (แถว 14–16),,,,,
3.2,การกำหนดกิจกรรมการควบคุมที่ตอบสนองต่อความเสี่ยงองค์กร (Selects and Develops Control Activities),กองบริหารความเสี่ยง,มีการประเมินกิจกรรมควบคุมครบถ้วนทุกระดับ ทั้งระดับองค์กร สายงาน ส่วนงาน และหน่วยงาน,Sipoc (SE-AM) ข้อ 3.2.xlsx,1. As-is  และ To-be Process,3.2-C02,C,คณะอนุกรรมการฯ RMC,24,25,กล่องข้อความ คอลัมน์ G (แถว 24–25),,,,,
3.2,การกำหนดกิจกรรมการควบคุมที่ตอบสนองต่อความเสี่ยงองค์กร (Selects and Develops Control Activities),กองบริหารความเสี่ยง,มีการประเมินกิจกรรมควบคุมครบถ้วนทุกระดับ ทั้งระดับองค์กร สายงาน ส่วนงาน และหน่วยงาน,Sipoc (SE-AM) ข้อ 3.2.xlsx,1. As-is  และ To-be Process,3.2-C03,C,"กบค.
สายงานส่วนงาน/หน่วยงาน",32,36,กล่องข้อความ คอลัมน์ G (แถว 32–36),,,,,
3.2,การกำหนดกิจกรรมการควบคุมที่ตอบสนองต่อความเสี่ยงองค์กร (Selects and Develops Control Activities),กองบริหารความเสี่ยง,มีการประเมินกิจกรรมควบคุมครบถ้วนทุกระดับ ทั้งระดับองค์กร สายงาน ส่วนงาน และหน่วยงาน,Sipoc (SE-AM) ข้อ 3.2.xlsx,1. As-is  และ To-be Process,3.2-C04,C,"กบค.
สายงานส่วนงาน/หน่วยงาน",40,44,กล่องข้อความ คอลัมน์ G (แถว 40–44),,,,,
3.2,การกำหนดกิจกรรมการควบคุมที่ตอบสนองต่อความเสี่ยงองค์กร (Selects and Develops Control Activities),กองบริหารความเสี่ยง,มีการประเมินกิจกรรมควบคุมครบถ้วนทุกระดับ ทั้งระดับองค์กร สายงาน ส่วนงาน และหน่วยงาน,Sipoc (SE-AM) ข้อ 3.2.xlsx,1. As-is  และ To-be Process,3.2-C05,C,"กบค.
สายงานส่วนงาน/หน่วยงาน",50,54,กล่องข้อความ คอลัมน์ G (แถว 50–54),,,,,
3.2,การกำหนดกิจกรรมการควบคุมที่ตอบสนองต่อความเสี่ยงองค์กร (Selects and Develops Control Activities),กองบริหารความเสี่ยง,มีการประเมินกิจกรรมควบคุมครบถ้วนทุกระดับ ทั้งระดับองค์กร สายงาน ส่วนงาน และหน่วยงาน,Sipoc (SE-AM) ข้อ 3.2.xlsx,1. As-is  และ To-be Process,3.2-C06,C,กบค.,69,71,กล่องข้อความ คอลัมน์ G (แถว 69–71),,,,,
3.2,การกำหนดกิจกรรมการควบคุมที่ตอบสนองต่อความเสี่ยงองค์กร (Selects and Develops Control Activities),กองบริหารความเสี่ยง,มีการประเมินกิจกรรมควบคุมครบถ้วนทุกระดับ ทั้งระดับองค์กร สายงาน ส่วนงาน และหน่วยงาน,Sipoc (SE-AM) ข้อ 3.2.xlsx,1. As-is  และ To-be Process,3.2-C07,C,กบค.,79,81,กล่องข้อความ คอลัมน์ G (แถว 79–81),,,,,
3.2,การกำหนดกิจกรรมการควบคุมที่ตอบสนองต่อความเสี่ยงองค์กร (Selects and Develops Control Activities),กองบริหารความเสี่ยง,มีการประเมินกิจกรรมควบคุมครบถ้วนทุกระดับ ทั้งระดับองค์กร สายงาน ส่วนงาน และหน่วยงาน,Sipoc (SE-AM) ข้อ 3.2.xlsx,1. As-is  และ To-be Process,3.2-C08,C,"กบค.
สายงานส่วนงาน/หน่วยงาน(Risk Owner)",86,91,กล่องข้อความ คอลัมน์ G (แถว 86–91),,,,,
3.2,การกำหนดกิจกรรมการควบคุมที่ตอบสนองต่อความเสี่ยงองค์กร (Selects and Develops Control Activities),กองบริหารความเสี่ยง,มีการประเมินกิจกรรมควบคุมครบถ้วนทุกระดับ ทั้งระดับองค์กร สายงาน ส่วนงาน และหน่วยงาน,Sipoc (SE-AM) ข้อ 3.2.xlsx,1. As-is  และ To-be Process,3.2-C09,C,"กบค.
สายงานส่วนงาน/หน่วยงาน",94,98,กล่องข้อความ คอลัมน์ G (แถว 94–98),,,,,
3.3,การประเมินระดับความรุนแรงของปัจจัยเสี่ยง (Assesses Severity of Risk),กองบริหารความเสี่ยง,มีการประเมินระดับความรุนแรง และรายงานผลรายไตรมาส,Sipoc (SE-AM) ข้อ 3.3.xlsx,1. As-is  และ To-be Process,3.3-S01,S,กบค.,12,13,กล่องข้อความ คอลัมน์ C (แถว 12–13),,,,,
3.3,การประเมินระดับความรุนแรงของปัจจัยเสี่ยง (Assesses Severity of Risk),กองบริหารความเสี่ยง,มีการประเมินระดับความรุนแรง และรายงานผลรายไตรมาส,Sipoc (SE-AM) ข้อ 3.3.xlsx,1. As-is  และ To-be Process,3.3-S02,S,กบค.,24,26,กล่องข้อความ คอลัมน์ C (แถว 24–26),,,,,
3.3,การประเมินระดับความรุนแรงของปัจจัยเสี่ยง (Assesses Severity of Risk),กองบริหารความเสี่ยง,มีการประเมินระดับความรุนแรง และรายงานผลรายไตรมาส,Sipoc (SE-AM) ข้อ 3.3.xlsx,1. As-is  และ To-be Process,3.3-S03,S,กบค.,32,34,กล่องข้อความ คอลัมน์ C (แถว 32–34),,,,,
3.3,การประเมินระดับความรุนแรงของปัจจัยเสี่ยง (Assesses Severity of Risk),กองบริหารความเสี่ยง,มีการประเมินระดับความรุนแรง และรายงานผลรายไตรมาส,Sipoc (SE-AM) ข้อ 3.3.xlsx,1. As-is  และ To-be Process,3.3-S04,S,"กบค.
สายงานส่วนงาน/หน่วยงาน",40,44,กล่องข้อความ คอลัมน์ C (แถว 40–44),,,,,
3.3,การประเมินระดับความรุนแรงของปัจจัยเสี่ยง (Assesses Severity of Risk),กองบริหารความเสี่ยง,มีการประเมินระดับความรุนแรง และรายงานผลรายไตรมาส,Sipoc (SE-AM) ข้อ 3.3.xlsx,1. As-is  และ To-be Process,3.3-S05,S,"กบค.
เจ้าของปัจจัยเสี่ยง",50,52,กล่องข้อความ คอลัมน์ C (แถว 50–52),,,,,
3.3,การประเมินระดับความรุนแรงของปัจจัยเสี่ยง (Assesses Severity of Risk),กองบริหารความเสี่ยง,มีการประเมินระดับความรุนแรง และรายงานผลรายไตรมาส,Sipoc (SE-AM) ข้อ 3.3.xlsx,1. As-is  และ To-be Process,3.3-S06,S,กบค.,68,70,กล่องข้อความ คอลัมน์ C (แถว 68–70),,,,,
3.3,การประเมินระดับความรุนแรงของปัจจัยเสี่ยง (Assesses Severity of Risk),กองบริหารความเสี่ยง,มีการประเมินระดับความรุนแรง และรายงานผลรายไตรมาส,Sipoc (SE-AM) ข้อ 3.3.xlsx,1. As-is  และ To-be Process,3.3-S07,S,กบค.,79,81,กล่องข้อความ คอลัมน์ C (แถว 79–81),,,,,
3.3,การประเมินระดับความรุนแรงของปัจจัยเสี่ยง (Assesses Severity of Risk),กองบริหารความเสี่ยง,มีการประเมินระดับความรุนแรง และรายงานผลรายไตรมาส,Sipoc (SE-AM) ข้อ 3.3.xlsx,1. As-is  และ To-be Process,3.3-S08,S,กบค.,86,87,กล่องข้อความ คอลัมน์ C (แถว 86–87),,,,,
3.3,การประเมินระดับความรุนแรงของปัจจัยเสี่ยง (Assesses Severity of Risk),กองบริหารความเสี่ยง,มีการประเมินระดับความรุนแรง และรายงานผลรายไตรมาส,Sipoc (SE-AM) ข้อ 3.3.xlsx,1. As-is  และ To-be Process,3.3-I01,I,"- หลักเกณฑ์ แนวปฏิบัติ และคู่มือปฏิบัติเกี่ยวกับ
การบริหารความเสี่ยงและควบคุมภายในสำหรับรัฐวิสาหกิจ ปี 2568
- เกณฑ์ประเมินโอกาสเกิดและผลกระทบ แยกรายประเภทของปัจจัยเสี่ยง",11,22,กล่องข้อความ คอลัมน์ D (แถว 11–22),,,,,3.3-I02
3.3,การประเมินระดับความรุนแรงของปัจจัยเสี่ยง (Assesses Severity of Risk),กองบริหารความเสี่ยง,มีการประเมินระดับความรุนแรง และรายงานผลรายไตรมาส,Sipoc (SE-AM) ข้อ 3.3.xlsx,1. As-is  และ To-be Process,3.3-I02,I,"ผลลัพธ์ในกิจกรรมที่ 1
เห็นชอบ
เห็นชอบ
เสี่ยง และแผน ี่ ความเสี",24,29,กล่องข้อความ คอลัมน์ D (แถว 24–29),,,,,3.3-I03
3.3,การประเมินระดับความรุนแรงของปัจจัยเสี่ยง (Assesses Severity of Risk),กองบริหารความเสี่ยง,มีการประเมินระดับความรุนแรง และรายงานผลรายไตรมาส,Sipoc (SE-AM) ข้อ 3.3.xlsx,1. As-is  และ To-be Process,3.3-I03,I,ผลลัพธ์ในกิจกรรมที่ 2 ที่คณะทำงานฯ RIC เห็นชอบ,32,37,กล่องข้อความ คอลัมน์ D (แถว 32–37),,,,,
3.3,การประเมินระดับความรุนแรงของปัจจัยเสี่ยง (Assesses Severity of Risk),กองบริหารความเสี่ยง,มีการประเมินระดับความรุนแรง และรายงานผลรายไตรมาส,Sipoc (SE-AM) ข้อ 3.3.xlsx,1. As-is  และ To-be Process,3.3-I04,I,ผลลัพธ์ในกิจกรรมที่ 3 ที่คณะอนุกรรมการฯ RMC เห็นชอบ,39,44,กล่องข้อความ คอลัมน์ D (แถว 39–44),,,,,
3.3,การประเมินระดับความรุนแรงของปัจจัยเสี่ยง (Assesses Severity of Risk),กองบริหารความเสี่ยง,มีการประเมินระดับความรุนแรง และรายงานผลรายไตรมาส,Sipoc (SE-AM) ข้อ 3.3.xlsx,1. As-is  และ To-be Process,3.3-I05,I,ผลลัพธ์ในกิจกรรมที่ 3,50,55,กล่องข้อความ คอลัมน์ D (แถว 50–55),,,,,
3.3,การประเมินระดับความรุนแรงของปัจจัยเสี่ยง (Assesses Severity of Risk),กองบริหารความเสี่ยง,มีการประเมินระดับความรุนแรง และรายงานผลรายไตรมาส,Sipoc (SE-AM) ข้อ 3.3.xlsx,1. As-is  และ To-be Process,3.3-I06,I,ผลลัพธ์ในกิจกรรมที่ 5,68,72,กล่องข้อความ คอลัมน์ D (แถว 68–72),,,,,3.3-I07
3.3,การประเมินระดับความรุนแรงของปัจจัยเสี่ยง (Assesses Severity of Risk),กองบริหารความเสี่ยง,มีการประเมินระดับความรุนแรง และรายงานผลรายไตรมาส,Sipoc (SE-AM) ข้อ 3.3.xlsx,1. As-is  และ To-be Process,3.3-I07,I,ผลลัพธ์ในกิจกรรมที่ 6,79,83,กล่องข้อความ คอลัมน์ D (แถว 79–83),,,,,3.3-I08
3.3,การประเมินระดับความรุนแรงของปัจจัยเสี่ยง (Assesses Severity of Risk),กองบริหารความเสี่ยง,มีการประเมินระดับความรุนแรง และรายงานผลรายไตรมาส,Sipoc (SE-AM) ข้อ 3.3.xlsx,1. As-is  และ To-be Process,3.3-I08,I,ผลลัพธ์ในกิจกรรมที่ 7,86,89,กล่องข้อความ คอลัมน์ D (แถว 86–89),,,,,
3.3,การประเมินระดับความรุนแรงของปัจจัยเสี่ยง (Assesses Severity of Risk),กองบริหารความเสี่ยง,มีการประเมินระดับความรุนแรง และรายงานผลรายไตรมาส,Sipoc (SE-AM) ข้อ 3.3.xlsx,1. As-is  และ To-be Process,3.3-P01,P,1. ทบทวนเกณฑ์ประเมินความเสี่ยงด้านโอกาสเกิด (L) และ ด้านผลกระทบ (I),14,17,กล่องข้อความ คอลัมน์ E (แถว 14–17),ส.ค.,ส.ค.,,10,3.3-P02
3.3,การประเมินระดับความรุนแรงของปัจจัยเสี่ยง (Assesses Severity of Risk),กองบริหารความเสี่ยง,มีการประเมินระดับความรุนแรง และรายงานผลรายไตรมาส,Sipoc (SE-AM) ข้อ 3.3.xlsx,1. As-is  และ To-be Process,3.3-P02,P,2. เสนอคณะทำงานบริหารความเสี่ยงและควบคุมภายในของ กยท. (RIC) พิจารณา,21,28,กล่องข้อความ คอลัมน์ E (แถว 21–28),ส.ค.,ส.ค.,,10,
3.3,การประเมินระดับความรุนแรงของปัจจัยเสี่ยง (Assesses Severity of Risk),กองบริหารความเสี่ยง,มีการประเมินระดับความรุนแรง และรายงานผลรายไตรมาส,Sipoc (SE-AM) ข้อ 3.3.xlsx,1. As-is  และ To-be Process,3.3-P03,P,3. เสนอคณะอนุกรรมการบริหารความเสี่ยงและควบคุมภายในของ กยท. (RMC) พิจารณา,29,37,กล่องข้อความ คอลัมน์ E (แถว 29–37),ส.ค.,ส.ค.,,10,
3.3,การประเมินระดับความรุนแรงของปัจจัยเสี่ยง (Assesses Severity of Risk),กองบริหารความเสี่ยง,มีการประเมินระดับความรุนแรง และรายงานผลรายไตรมาส,Sipoc (SE-AM) ข้อ 3.3.xlsx,1. As-is  และ To-be Process,3.3-P04,P,4. สื่อสาร/ถ่ายทอดเกณฑ์ วิธีการประเมินระดับความรุนแรงตามเกณฑ์ประเมินความเสี่ยงด้านโอกาสเกิด (L) และ ด้านผลกระทบ (I),39,45,กล่องข้อความ คอลัมน์ E (แถว 39–45),ส.ค.,ส.ค.,,10,3.3-P05
3.3,การประเมินระดับความรุนแรงของปัจจัยเสี่ยง (Assesses Severity of Risk),กองบริหารความเสี่ยง,มีการประเมินระดับความรุนแรง และรายงานผลรายไตรมาส,Sipoc (SE-AM) ข้อ 3.3.xlsx,1. As-is  และ To-be Process,3.3-P05,P,5. ประเมินระดับความรุนแรงของแต่ละปัจจัยเสี่ยง และบันทึกผลการประเมิน,49,55,กล่องข้อความ คอลัมน์ E (แถว 49–55),ส.ค.,ส.ค.,,10,
3.3,การประเมินระดับความรุนแรงของปัจจัยเสี่ยง (Assesses Severity of Risk),กองบริหารความเสี่ยง,มีการประเมินระดับความรุนแรง และรายงานผลรายไตรมาส,Sipoc (SE-AM) ข้อ 3.3.xlsx,1. As-is  และ To-be Process,3.3-P06,P,6. เสนอคณะทำงานบริหารความเสี่ยงฯ (RIC) รับทราบผลการประเมินระดับความรุนแรงของแต่ละปัจจัยเสี่ยง,66,74,กล่องข้อความ คอลัมน์ E (แถว 66–74),ส.ค. - ก.ย.,ส.ค. - ก.ย.,,10|11,
3.3,การประเมินระดับความรุนแรงของปัจจัยเสี่ยง (Assesses Severity of Risk),กองบริหารความเสี่ยง,มีการประเมินระดับความรุนแรง และรายงานผลรายไตรมาส,Sipoc (SE-AM) ข้อ 3.3.xlsx,1. As-is  และ To-be Process,3.3-P07,P,7. เสนอคณะอนุกรรมการบริหารความเสี่ยงฯ (RMC) รับทราบผลการประเมินระดับความรุนแรงของแต่ละปัจจัยเสี่ยง,76,84,กล่องข้อความ คอลัมน์ E (แถว 76–84),ส.ค. - ก.ย.,ส.ค. - ก.ย.,,10|11,3.3-P08
3.3,การประเมินระดับความรุนแรงของปัจจัยเสี่ยง (Assesses Severity of Risk),กองบริหารความเสี่ยง,มีการประเมินระดับความรุนแรง และรายงานผลรายไตรมาส,Sipoc (SE-AM) ข้อ 3.3.xlsx,1. As-is  และ To-be Process,3.3-P08,P,8. รายงานผลความรุนแรงรายไตรมาสเทียบเป้าหมาย วิเคราะห์สาเหตุ/อุปสรรค และประเมินประสิทธิผลของเกณฑ์เพื่อปรับปรุง,86,89,กล่องข้อความ คอลัมน์ E (แถว 86–89),,,,,
3.3,การประเมินระดับความรุนแรงของปัจจัยเสี่ยง (Assesses Severity of Risk),กองบริหารความเสี่ยง,มีการประเมินระดับความรุนแรง และรายงานผลรายไตรมาส,Sipoc (SE-AM) ข้อ 3.3.xlsx,1. As-is  และ To-be Process,3.3-O01,O,ร่างเกณฑ์ประเมินความเสี่ยงด้านโอกาสเกิด (L) และ ด้านผลกระทบ (I),14,19,กล่องข้อความ คอลัมน์ F (แถว 14–19),,,,,3.3-O02
3.3,การประเมินระดับความรุนแรงของปัจจัยเสี่ยง (Assesses Severity of Risk),กองบริหารความเสี่ยง,มีการประเมินระดับความรุนแรง และรายงานผลรายไตรมาส,Sipoc (SE-AM) ข้อ 3.3.xlsx,1. As-is  และ To-be Process,3.3-O02,O,ร่างเกณฑ์ประเมินความเสี่ยงด้านโอกาสเกิด (L) และ ด้านผลกระทบ (I),24,30,กล่องข้อความ คอลัมน์ F (แถว 24–30),,,,,
3.3,การประเมินระดับความรุนแรงของปัจจัยเสี่ยง (Assesses Severity of Risk),กองบริหารความเสี่ยง,มีการประเมินระดับความรุนแรง และรายงานผลรายไตรมาส,Sipoc (SE-AM) ข้อ 3.3.xlsx,1. As-is  และ To-be Process,3.3-O03,O,เกณฑ์ประเมินความเสี่ยงด้านโอกาสเกิด (L) และ ด้านผลกระทบ (I),32,37,กล่องข้อความ คอลัมน์ F (แถว 32–37),,,,,
3.3,การประเมินระดับความรุนแรงของปัจจัยเสี่ยง (Assesses Severity of Risk),กองบริหารความเสี่ยง,มีการประเมินระดับความรุนแรง และรายงานผลรายไตรมาส,Sipoc (SE-AM) ข้อ 3.3.xlsx,1. As-is  และ To-be Process,3.3-O04,O,ผู้ใช้งานรับทราบและมีความเข้าใจเกณฑ์ประเมินระดับความรุนแรง,40,45,กล่องข้อความ คอลัมน์ F (แถว 40–45),,,,,3.3-O05
3.3,การประเมินระดับความรุนแรงของปัจจัยเสี่ยง (Assesses Severity of Risk),กองบริหารความเสี่ยง,มีการประเมินระดับความรุนแรง และรายงานผลรายไตรมาส,Sipoc (SE-AM) ข้อ 3.3.xlsx,1. As-is  และ To-be Process,3.3-O05,O,ผลการประเมินระดับความรุนแรงของปัจจัยเสี่ยง,50,57,กล่องข้อความ คอลัมน์ F (แถว 50–57),,,,,
3.3,การประเมินระดับความรุนแรงของปัจจัยเสี่ยง (Assesses Severity of Risk),กองบริหารความเสี่ยง,มีการประเมินระดับความรุนแรง และรายงานผลรายไตรมาส,Sipoc (SE-AM) ข้อ 3.3.xlsx,1. As-is  และ To-be Process,3.3-O06,O,ผลการประเมินระดับความรุนแรงของปัจจัยเสี่ยง,68,72,กล่องข้อความ คอลัมน์ F (แถว 68–72),,,,,3.3-O07
3.3,การประเมินระดับความรุนแรงของปัจจัยเสี่ยง (Assesses Severity of Risk),กองบริหารความเสี่ยง,มีการประเมินระดับความรุนแรง และรายงานผลรายไตรมาส,Sipoc (SE-AM) ข้อ 3.3.xlsx,1. As-is  และ To-be Process,3.3-O07,O,ผลการประเมินระดับความรุนแรงของปัจจัยเสี่ยง,79,83,กล่องข้อความ คอลัมน์ F (แถว 79–83),,,,,3.3-O08
3.3,การประเมินระดับความรุนแรงของปัจจัยเสี่ยง (Assesses Severity of Risk),กองบริหารความเสี่ยง,มีการประเมินระดับความรุนแรง และรายงานผลรายไตรมาส,Sipoc (SE-AM) ข้อ 3.3.xlsx,1. As-is  และ To-be Process,3.3-O08,O,- รายงานความรุนแรงของแต่ละปัจจัยเสี่ยง- ข้อเสนอปรับปรุงเกณฑ์,86,92,กล่องข้อความ คอลัมน์ F (แถว 86–92),,,,,
3.3,การประเมินระดับความรุนแรงของปัจจัยเสี่ยง (Assesses Severity of Risk),กองบริหารความเสี่ยง,มีการประเมินระดับความรุนแรง และรายงานผลรายไตรมาส,Sipoc (SE-AM) ข้อ 3.3.xlsx,1. As-is  และ To-be Process,3.3-C01,C,คณะทำงานฯRIC,14,16,กล่องข้อความ คอลัมน์ G (แถว 14–16),,,,,
3.3,การประเมินระดับความรุนแรงของปัจจัยเสี่ยง (Assesses Severity of Risk),กองบริหารความเสี่ยง,มีการประเมินระดับความรุนแรง และรายงานผลรายไตรมาส,Sipoc (SE-AM) ข้อ 3.3.xlsx,1. As-is  และ To-be Process,3.3-C02,C,คณะอนุกรรมการฯ RMC,24,25,กล่องข้อความ คอลัมน์ G (แถว 24–25),,,,,
3.3,การประเมินระดับความรุนแรงของปัจจัยเสี่ยง (Assesses Severity of Risk),กองบริหารความเสี่ยง,มีการประเมินระดับความรุนแรง และรายงานผลรายไตรมาส,Sipoc (SE-AM) ข้อ 3.3.xlsx,1. As-is  และ To-be Process,3.3-C03,C,"กบค.
สายงานส่วนงาน/หน่วยงาน",32,36,กล่องข้อความ คอลัมน์ G (แถว 32–36),,,,,
3.3,การประเมินระดับความรุนแรงของปัจจัยเสี่ยง (Assesses Severity of Risk),กองบริหารความเสี่ยง,มีการประเมินระดับความรุนแรง และรายงานผลรายไตรมาส,Sipoc (SE-AM) ข้อ 3.3.xlsx,1. As-is  และ To-be Process,3.3-C04,C,"กบค.
สายงานส่วนงาน/หน่วยงาน",40,44,กล่องข้อความ คอลัมน์ G (แถว 40–44),,,,,
3.3,การประเมินระดับความรุนแรงของปัจจัยเสี่ยง (Assesses Severity of Risk),กองบริหารความเสี่ยง,มีการประเมินระดับความรุนแรง และรายงานผลรายไตรมาส,Sipoc (SE-AM) ข้อ 3.3.xlsx,1. As-is  และ To-be Process,3.3-C05,C,"กบค.
สายงานส่วนงาน/หน่วยงาน",50,54,กล่องข้อความ คอลัมน์ G (แถว 50–54),,,,,
3.3,การประเมินระดับความรุนแรงของปัจจัยเสี่ยง (Assesses Severity of Risk),กองบริหารความเสี่ยง,มีการประเมินระดับความรุนแรง และรายงานผลรายไตรมาส,Sipoc (SE-AM) ข้อ 3.3.xlsx,1. As-is  และ To-be Process,3.3-C06,C,กบค.,69,71,กล่องข้อความ คอลัมน์ G (แถว 69–71),,,,,
3.3,การประเมินระดับความรุนแรงของปัจจัยเสี่ยง (Assesses Severity of Risk),กองบริหารความเสี่ยง,มีการประเมินระดับความรุนแรง และรายงานผลรายไตรมาส,Sipoc (SE-AM) ข้อ 3.3.xlsx,1. As-is  และ To-be Process,3.3-C07,C,กบค.,79,81,กล่องข้อความ คอลัมน์ G (แถว 79–81),,,,,
3.3,การประเมินระดับความรุนแรงของปัจจัยเสี่ยง (Assesses Severity of Risk),กองบริหารความเสี่ยง,มีการประเมินระดับความรุนแรง และรายงานผลรายไตรมาส,Sipoc (SE-AM) ข้อ 3.3.xlsx,1. As-is  และ To-be Process,3.3-C08,C,"กบค.
สายงานส่วนงาน/หน่วยงาน(Risk Owner)",86,91,กล่องข้อความ คอลัมน์ G (แถว 86–91),,,,,
3.4,การจัดลำดับความเสี่ยง (Prioritizes Risks),กองบริหารความเสี่ยง,เพื่อกำหนดขอบเขตความเสี่ยงที่องค์กรสามารถรับได้ (Risk Boundary) กำหนดระดับความเสี่ยง (สูง ปานกลาง ต่ำ) และจัดลำดับความสำคัญของปัจจัยเสี่ยงอย่างเป็นระบบ พร้อมจัดทำแผนภาพความเสี่ยง (Risk Profile) เพื่อใช้ตัดสินใจบริหารความเสี่ยงให้สอดคล้องกับวัตถุประสงค์องค์กร วัตถุประสงค์เชิงยุทธศาสตร์ และ Risk Appetite,Sipoc (SE-AM) ข้อ 3.4.xlsx,1. As-is  และ To-be Process,3.4-S01,S,"คณะกรรมการ/ผู้บริหาร, กบค.",12,13,กล่องข้อความ คอลัมน์ C (แถว 12–13),,,,,
3.4,การจัดลำดับความเสี่ยง (Prioritizes Risks),กองบริหารความเสี่ยง,เพื่อกำหนดขอบเขตความเสี่ยงที่องค์กรสามารถรับได้ (Risk Boundary) กำหนดระดับความเสี่ยง (สูง ปานกลาง ต่ำ) และจัดลำดับความสำคัญของปัจจัยเสี่ยงอย่างเป็นระบบ พร้อมจัดทำแผนภาพความเสี่ยง (Risk Profile) เพื่อใช้ตัดสินใจบริหารความเสี่ยงให้สอดคล้องกับวัตถุประสงค์องค์กร วัตถุประสงค์เชิงยุทธศาสตร์ และ Risk Appetite,Sipoc (SE-AM) ข้อ 3.4.xlsx,1. As-is  และ To-be Process,3.4-S02,S,กบค. เจ้าของปัจจัยเสี่ยง,22,24,กล่องข้อความ คอลัมน์ C (แถว 22–24),,,,,
3.4,การจัดลำดับความเสี่ยง (Prioritizes Risks),กองบริหารความเสี่ยง,เพื่อกำหนดขอบเขตความเสี่ยงที่องค์กรสามารถรับได้ (Risk Boundary) กำหนดระดับความเสี่ยง (สูง ปานกลาง ต่ำ) และจัดลำดับความสำคัญของปัจจัยเสี่ยงอย่างเป็นระบบ พร้อมจัดทำแผนภาพความเสี่ยง (Risk Profile) เพื่อใช้ตัดสินใจบริหารความเสี่ยงให้สอดคล้องกับวัตถุประสงค์องค์กร วัตถุประสงค์เชิงยุทธศาสตร์ และ Risk Appetite,Sipoc (SE-AM) ข้อ 3.4.xlsx,1. As-is  และ To-be Process,3.4-S03,S,กบค.,29,30,กล่องข้อความ คอลัมน์ C (แถว 29–30),,,,,
3.4,การจัดลำดับความเสี่ยง (Prioritizes Risks),กองบริหารความเสี่ยง,เพื่อกำหนดขอบเขตความเสี่ยงที่องค์กรสามารถรับได้ (Risk Boundary) กำหนดระดับความเสี่ยง (สูง ปานกลาง ต่ำ) และจัดลำดับความสำคัญของปัจจัยเสี่ยงอย่างเป็นระบบ พร้อมจัดทำแผนภาพความเสี่ยง (Risk Profile) เพื่อใช้ตัดสินใจบริหารความเสี่ยงให้สอดคล้องกับวัตถุประสงค์องค์กร วัตถุประสงค์เชิงยุทธศาสตร์ และ Risk Appetite,Sipoc (SE-AM) ข้อ 3.4.xlsx,1. As-is  และ To-be Process,3.4-S04,S,กบค.,34,35,กล่องข้อความ คอลัมน์ C (แถว 34–35),,,,,
3.4,การจัดลำดับความเสี่ยง (Prioritizes Risks),กองบริหารความเสี่ยง,เพื่อกำหนดขอบเขตความเสี่ยงที่องค์กรสามารถรับได้ (Risk Boundary) กำหนดระดับความเสี่ยง (สูง ปานกลาง ต่ำ) และจัดลำดับความสำคัญของปัจจัยเสี่ยงอย่างเป็นระบบ พร้อมจัดทำแผนภาพความเสี่ยง (Risk Profile) เพื่อใช้ตัดสินใจบริหารความเสี่ยงให้สอดคล้องกับวัตถุประสงค์องค์กร วัตถุประสงค์เชิงยุทธศาสตร์ และ Risk Appetite,Sipoc (SE-AM) ข้อ 3.4.xlsx,1. As-is  และ To-be Process,3.4-S05,S,กบค.,40,41,กล่องข้อความ คอลัมน์ C (แถว 40–41),,,,,
3.4,การจัดลำดับความเสี่ยง (Prioritizes Risks),กองบริหารความเสี่ยง,เพื่อกำหนดขอบเขตความเสี่ยงที่องค์กรสามารถรับได้ (Risk Boundary) กำหนดระดับความเสี่ยง (สูง ปานกลาง ต่ำ) และจัดลำดับความสำคัญของปัจจัยเสี่ยงอย่างเป็นระบบ พร้อมจัดทำแผนภาพความเสี่ยง (Risk Profile) เพื่อใช้ตัดสินใจบริหารความเสี่ยงให้สอดคล้องกับวัตถุประสงค์องค์กร วัตถุประสงค์เชิงยุทธศาสตร์ และ Risk Appetite,Sipoc (SE-AM) ข้อ 3.4.xlsx,1. As-is  และ To-be Process,3.4-S06,S,กบค.ส่วนงาน /หน่วยงาน หรือเจ้าของปัจจัยเสี่ยง (Risk owner),59,64,กล่องข้อความ คอลัมน์ C (แถว 59–64),,,,,
3.4,การจัดลำดับความเสี่ยง (Prioritizes Risks),กองบริหารความเสี่ยง,เพื่อกำหนดขอบเขตความเสี่ยงที่องค์กรสามารถรับได้ (Risk Boundary) กำหนดระดับความเสี่ยง (สูง ปานกลาง ต่ำ) และจัดลำดับความสำคัญของปัจจัยเสี่ยงอย่างเป็นระบบ พร้อมจัดทำแผนภาพความเสี่ยง (Risk Profile) เพื่อใช้ตัดสินใจบริหารความเสี่ยงให้สอดคล้องกับวัตถุประสงค์องค์กร วัตถุประสงค์เชิงยุทธศาสตร์ และ Risk Appetite,Sipoc (SE-AM) ข้อ 3.4.xlsx,1. As-is  และ To-be Process,3.4-S07,S,กบค.,70,72,กล่องข้อความ คอลัมน์ C (แถว 70–72),,,,,
3.4,การจัดลำดับความเสี่ยง (Prioritizes Risks),กองบริหารความเสี่ยง,เพื่อกำหนดขอบเขตความเสี่ยงที่องค์กรสามารถรับได้ (Risk Boundary) กำหนดระดับความเสี่ยง (สูง ปานกลาง ต่ำ) และจัดลำดับความสำคัญของปัจจัยเสี่ยงอย่างเป็นระบบ พร้อมจัดทำแผนภาพความเสี่ยง (Risk Profile) เพื่อใช้ตัดสินใจบริหารความเสี่ยงให้สอดคล้องกับวัตถุประสงค์องค์กร วัตถุประสงค์เชิงยุทธศาสตร์ และ Risk Appetite,Sipoc (SE-AM) ข้อ 3.4.xlsx,1. As-is  และ To-be Process,3.4-S08,S,กบค.,77,78,กล่องข้อความ คอลัมน์ C (แถว 77–78),,,,,
3.4,การจัดลำดับความเสี่ยง (Prioritizes Risks),กองบริหารความเสี่ยง,เพื่อกำหนดขอบเขตความเสี่ยงที่องค์กรสามารถรับได้ (Risk Boundary) กำหนดระดับความเสี่ยง (สูง ปานกลาง ต่ำ) และจัดลำดับความสำคัญของปัจจัยเสี่ยงอย่างเป็นระบบ พร้อมจัดทำแผนภาพความเสี่ยง (Risk Profile) เพื่อใช้ตัดสินใจบริหารความเสี่ยงให้สอดคล้องกับวัตถุประสงค์องค์กร วัตถุประสงค์เชิงยุทธศาสตร์ และ Risk Appetite,Sipoc (SE-AM) ข้อ 3.4.xlsx,1. As-is  และ To-be Process,3.4-S09,S,กบค.ส่วนงาน /หน่วยงาน หรือเจ้าของปัจจัยเสี่ยง (Risk owner),83,88,กล่องข้อความ คอลัมน์ C (แถว 83–88),,,,,
3.4,การจัดลำดับความเสี่ยง (Prioritizes Risks),กองบริหารความเสี่ยง,เพื่อกำหนดขอบเขตความเสี่ยงที่องค์กรสามารถรับได้ (Risk Boundary) กำหนดระดับความเสี่ยง (สูง ปานกลาง ต่ำ) และจัดลำดับความสำคัญของปัจจัยเสี่ยงอย่างเป็นระบบ พร้อมจัดทำแผนภาพความเสี่ยง (Risk Profile) เพื่อใช้ตัดสินใจบริหารความเสี่ยงให้สอดคล้องกับวัตถุประสงค์องค์กร วัตถุประสงค์เชิงยุทธศาสตร์ และ Risk Appetite,Sipoc (SE-AM) ข้อ 3.4.xlsx,1. As-is  และ To-be Process,3.4-I01,I,- นโยบายบริหารความเสี่ยง- คู่มือบริหารความเสี่ยง- Risk Appetite- วัตถุประสงค์องค์กร/ยุทธศาสตร์,11,19,กล่องข้อความ คอลัมน์ D (แถว 11–19),,,,,
3.4,การจัดลำดับความเสี่ยง (Prioritizes Risks),กองบริหารความเสี่ยง,เพื่อกำหนดขอบเขตความเสี่ยงที่องค์กรสามารถรับได้ (Risk Boundary) กำหนดระดับความเสี่ยง (สูง ปานกลาง ต่ำ) และจัดลำดับความสำคัญของปัจจัยเสี่ยงอย่างเป็นระบบ พร้อมจัดทำแผนภาพความเสี่ยง (Risk Profile) เพื่อใช้ตัดสินใจบริหารความเสี่ยงให้สอดคล้องกับวัตถุประสงค์องค์กร วัตถุประสงค์เชิงยุทธศาสตร์ และ Risk Appetite,Sipoc (SE-AM) ข้อ 3.4.xlsx,1. As-is  และ To-be Process,3.4-I02,I,"- ร่างปัจจัยเสี่ยง- ผลการประเมินโอกาสและผลกระทบ- ข้อมูลปัจจัยภายใน/ภายนอก
เห็นชอบ
เห็นชอบ
เสี่ยง และแผน ี่ ความเสี",22,27,กล่องข้อความ คอลัมน์ D (แถว 22–27),,,,,
3.4,การจัดลำดับความเสี่ยง (Prioritizes Risks),กองบริหารความเสี่ยง,เพื่อกำหนดขอบเขตความเสี่ยงที่องค์กรสามารถรับได้ (Risk Boundary) กำหนดระดับความเสี่ยง (สูง ปานกลาง ต่ำ) และจัดลำดับความสำคัญของปัจจัยเสี่ยงอย่างเป็นระบบ พร้อมจัดทำแผนภาพความเสี่ยง (Risk Profile) เพื่อใช้ตัดสินใจบริหารความเสี่ยงให้สอดคล้องกับวัตถุประสงค์องค์กร วัตถุประสงค์เชิงยุทธศาสตร์ และ Risk Appetite,Sipoc (SE-AM) ข้อ 3.4.xlsx,1. As-is  และ To-be Process,3.4-I03,I,"Risk Appetite, Risk Tolerance, หลักเกณฑ์การยอมรับความเสี่ยง",29,33,กล่องข้อความ คอลัมน์ D (แถว 29–33),,,,,
3.4,การจัดลำดับความเสี่ยง (Prioritizes Risks),กองบริหารความเสี่ยง,เพื่อกำหนดขอบเขตความเสี่ยงที่องค์กรสามารถรับได้ (Risk Boundary) กำหนดระดับความเสี่ยง (สูง ปานกลาง ต่ำ) และจัดลำดับความสำคัญของปัจจัยเสี่ยงอย่างเป็นระบบ พร้อมจัดทำแผนภาพความเสี่ยง (Risk Profile) เพื่อใช้ตัดสินใจบริหารความเสี่ยงให้สอดคล้องกับวัตถุประสงค์องค์กร วัตถุประสงค์เชิงยุทธศาสตร์ และ Risk Appetite,Sipoc (SE-AM) ข้อ 3.4.xlsx,1. As-is  และ To-be Process,3.4-I04,I,"ผลการประเมินโอกาสและผลกระทบ, Risk Boundary",34,39,กล่องข้อความ คอลัมน์ D (แถว 34–39),,,,,
3.4,การจัดลำดับความเสี่ยง (Prioritizes Risks),กองบริหารความเสี่ยง,เพื่อกำหนดขอบเขตความเสี่ยงที่องค์กรสามารถรับได้ (Risk Boundary) กำหนดระดับความเสี่ยง (สูง ปานกลาง ต่ำ) และจัดลำดับความสำคัญของปัจจัยเสี่ยงอย่างเป็นระบบ พร้อมจัดทำแผนภาพความเสี่ยง (Risk Profile) เพื่อใช้ตัดสินใจบริหารความเสี่ยงให้สอดคล้องกับวัตถุประสงค์องค์กร วัตถุประสงค์เชิงยุทธศาสตร์ และ Risk Appetite,Sipoc (SE-AM) ข้อ 3.4.xlsx,1. As-is  และ To-be Process,3.4-I05,I,"Risk Profile, Risk Boundary, ข้อมูลความเชื่อมโยงกับวัตถุประสงค์",40,45,กล่องข้อความ คอลัมน์ D (แถว 40–45),,,,,
3.4,การจัดลำดับความเสี่ยง (Prioritizes Risks),กองบริหารความเสี่ยง,เพื่อกำหนดขอบเขตความเสี่ยงที่องค์กรสามารถรับได้ (Risk Boundary) กำหนดระดับความเสี่ยง (สูง ปานกลาง ต่ำ) และจัดลำดับความสำคัญของปัจจัยเสี่ยงอย่างเป็นระบบ พร้อมจัดทำแผนภาพความเสี่ยง (Risk Profile) เพื่อใช้ตัดสินใจบริหารความเสี่ยงให้สอดคล้องกับวัตถุประสงค์องค์กร วัตถุประสงค์เชิงยุทธศาสตร์ และ Risk Appetite,Sipoc (SE-AM) ข้อ 3.4.xlsx,1. As-is  และ To-be Process,3.4-I06,I,ผลลัพธ์ในกิจกรรมที่ 5,59,63,กล่องข้อความ คอลัมน์ D (แถว 59–63),,,,,3.4-I07
3.4,การจัดลำดับความเสี่ยง (Prioritizes Risks),กองบริหารความเสี่ยง,เพื่อกำหนดขอบเขตความเสี่ยงที่องค์กรสามารถรับได้ (Risk Boundary) กำหนดระดับความเสี่ยง (สูง ปานกลาง ต่ำ) และจัดลำดับความสำคัญของปัจจัยเสี่ยงอย่างเป็นระบบ พร้อมจัดทำแผนภาพความเสี่ยง (Risk Profile) เพื่อใช้ตัดสินใจบริหารความเสี่ยงให้สอดคล้องกับวัตถุประสงค์องค์กร วัตถุประสงค์เชิงยุทธศาสตร์ และ Risk Appetite,Sipoc (SE-AM) ข้อ 3.4.xlsx,1. As-is  และ To-be Process,3.4-I07,I,ผลลัพธ์ในกิจกรรมที่ 6,70,74,กล่องข้อความ คอลัมน์ D (แถว 70–74),,,,,
3.4,การจัดลำดับความเสี่ยง (Prioritizes Risks),กองบริหารความเสี่ยง,เพื่อกำหนดขอบเขตความเสี่ยงที่องค์กรสามารถรับได้ (Risk Boundary) กำหนดระดับความเสี่ยง (สูง ปานกลาง ต่ำ) และจัดลำดับความสำคัญของปัจจัยเสี่ยงอย่างเป็นระบบ พร้อมจัดทำแผนภาพความเสี่ยง (Risk Profile) เพื่อใช้ตัดสินใจบริหารความเสี่ยงให้สอดคล้องกับวัตถุประสงค์องค์กร วัตถุประสงค์เชิงยุทธศาสตร์ และ Risk Appetite,Sipoc (SE-AM) ข้อ 3.4.xlsx,1. As-is  และ To-be Process,3.4-I08,I,ผลลัพธ์ในกิจกรรมที่ 7,77,80,กล่องข้อความ คอลัมน์ D (แถว 77–80),,,,,
3.4,การจัดลำดับความเสี่ยง (Prioritizes Risks),กองบริหารความเสี่ยง,เพื่อกำหนดขอบเขตความเสี่ยงที่องค์กรสามารถรับได้ (Risk Boundary) กำหนดระดับความเสี่ยง (สูง ปานกลาง ต่ำ) และจัดลำดับความสำคัญของปัจจัยเสี่ยงอย่างเป็นระบบ พร้อมจัดทำแผนภาพความเสี่ยง (Risk Profile) เพื่อใช้ตัดสินใจบริหารความเสี่ยงให้สอดคล้องกับวัตถุประสงค์องค์กร วัตถุประสงค์เชิงยุทธศาสตร์ และ Risk Appetite,Sipoc (SE-AM) ข้อ 3.4.xlsx,1. As-is  และ To-be Process,3.4-I09,I,ผลการจัดลำดับความเสี่ยงผลการดำเนินงาน,83,88,กล่องข้อความ คอลัมน์ D (แถว 83–88),,,,,
3.4,การจัดลำดับความเสี่ยง (Prioritizes Risks),กองบริหารความเสี่ยง,เพื่อกำหนดขอบเขตความเสี่ยงที่องค์กรสามารถรับได้ (Risk Boundary) กำหนดระดับความเสี่ยง (สูง ปานกลาง ต่ำ) และจัดลำดับความสำคัญของปัจจัยเสี่ยงอย่างเป็นระบบ พร้อมจัดทำแผนภาพความเสี่ยง (Risk Profile) เพื่อใช้ตัดสินใจบริหารความเสี่ยงให้สอดคล้องกับวัตถุประสงค์องค์กร วัตถุประสงค์เชิงยุทธศาสตร์ และ Risk Appetite,Sipoc (SE-AM) ข้อ 3.4.xlsx,1. As-is  และ To-be Process,3.4-P01,P,1. ทบทวนนโยบาย หลักเกณฑ์ และบริบทองค์กร เพื่อกำหนดกรอบการจัดลำดับความเสี่ยงขององค์กร,13,17,กล่องข้อความ คอลัมน์ E (แถว 13–17),ส.ค.,ส.ค.,,10,
3.4,การจัดลำดับความเสี่ยง (Prioritizes Risks),กองบริหารความเสี่ยง,เพื่อกำหนดขอบเขตความเสี่ยงที่องค์กรสามารถรับได้ (Risk Boundary) กำหนดระดับความเสี่ยง (สูง ปานกลาง ต่ำ) และจัดลำดับความสำคัญของปัจจัยเสี่ยงอย่างเป็นระบบ พร้อมจัดทำแผนภาพความเสี่ยง (Risk Profile) เพื่อใช้ตัดสินใจบริหารความเสี่ยงให้สอดคล้องกับวัตถุประสงค์องค์กร วัตถุประสงค์เชิงยุทธศาสตร์ และ Risk Appetite,Sipoc (SE-AM) ข้อ 3.4.xlsx,1. As-is  และ To-be Process,3.4-P02,P,2. รวบรวมข้อมูลปัจจัยเสี่ยงและผลการประเมินความรุนแรงของแต่ละปัจจัยเสี่ยงเพื่อใช้ในการจัดลำดับ,22,26,กล่องข้อความ คอลัมน์ E (แถว 22–26),ส.ค.,ส.ค.,,10,
3.4,การจัดลำดับความเสี่ยง (Prioritizes Risks),กองบริหารความเสี่ยง,เพื่อกำหนดขอบเขตความเสี่ยงที่องค์กรสามารถรับได้ (Risk Boundary) กำหนดระดับความเสี่ยง (สูง ปานกลาง ต่ำ) และจัดลำดับความสำคัญของปัจจัยเสี่ยงอย่างเป็นระบบ พร้อมจัดทำแผนภาพความเสี่ยง (Risk Profile) เพื่อใช้ตัดสินใจบริหารความเสี่ยงให้สอดคล้องกับวัตถุประสงค์องค์กร วัตถุประสงค์เชิงยุทธศาสตร์ และ Risk Appetite,Sipoc (SE-AM) ข้อ 3.4.xlsx,1. As-is  และ To-be Process,3.4-P03,P,3. กำหนดขอบเขตความเสี่ยงที่องค์กรสามารถรับได้ (Risk Boundary) และเกณฑ์แบ่งระดับความเสี่ยง สูง/ค่อนข้างสูง/ปานกลาง/ค่อนข้างต่ำ/ต่ำ,28,32,กล่องข้อความ คอลัมน์ E (แถว 28–32),ส.ค.,ส.ค.,,10,
3.4,การจัดลำดับความเสี่ยง (Prioritizes Risks),กองบริหารความเสี่ยง,เพื่อกำหนดขอบเขตความเสี่ยงที่องค์กรสามารถรับได้ (Risk Boundary) กำหนดระดับความเสี่ยง (สูง ปานกลาง ต่ำ) และจัดลำดับความสำคัญของปัจจัยเสี่ยงอย่างเป็นระบบ พร้อมจัดทำแผนภาพความเสี่ยง (Risk Profile) เพื่อใช้ตัดสินใจบริหารความเสี่ยงให้สอดคล้องกับวัตถุประสงค์องค์กร วัตถุประสงค์เชิงยุทธศาสตร์ และ Risk Appetite,Sipoc (SE-AM) ข้อ 3.4.xlsx,1. As-is  และ To-be Process,3.4-P04,P,4. จัดทำแผนภาพความเสี่ยง (Risk Profile/Risk Map) โดยแสดงตำแหน่งของปัจจัยเสี่ยงเทียบกับโอกาสและผลกระทบ,33,37,กล่องข้อความ คอลัมน์ E (แถว 33–37),ส.ค.,ส.ค.,,10,
3.4,การจัดลำดับความเสี่ยง (Prioritizes Risks),กองบริหารความเสี่ยง,เพื่อกำหนดขอบเขตความเสี่ยงที่องค์กรสามารถรับได้ (Risk Boundary) กำหนดระดับความเสี่ยง (สูง ปานกลาง ต่ำ) และจัดลำดับความสำคัญของปัจจัยเสี่ยงอย่างเป็นระบบ พร้อมจัดทำแผนภาพความเสี่ยง (Risk Profile) เพื่อใช้ตัดสินใจบริหารความเสี่ยงให้สอดคล้องกับวัตถุประสงค์องค์กร วัตถุประสงค์เชิงยุทธศาสตร์ และ Risk Appetite,Sipoc (SE-AM) ข้อ 3.4.xlsx,1. As-is  และ To-be Process,3.4-P05,P,"5. วิเคราะห์และจัดลำดับความสำคัญของปัจจัยเสี่ยง แยกเป็นความเสี่ยงสูง/ค่อนข้างสูง/ปานกลาง/ค่อนข้างต่ำ/ต่ำ
และระบุความเสี่ยงที่สำคัญอันดับต้น",39,44,กล่องข้อความ คอลัมน์ E (แถว 39–44),ส.ค.,ส.ค.,,10,
3.4,การจัดลำดับความเสี่ยง (Prioritizes Risks),กองบริหารความเสี่ยง,เพื่อกำหนดขอบเขตความเสี่ยงที่องค์กรสามารถรับได้ (Risk Boundary) กำหนดระดับความเสี่ยง (สูง ปานกลาง ต่ำ) และจัดลำดับความสำคัญของปัจจัยเสี่ยงอย่างเป็นระบบ พร้อมจัดทำแผนภาพความเสี่ยง (Risk Profile) เพื่อใช้ตัดสินใจบริหารความเสี่ยงให้สอดคล้องกับวัตถุประสงค์องค์กร วัตถุประสงค์เชิงยุทธศาสตร์ และ Risk Appetite,Sipoc (SE-AM) ข้อ 3.4.xlsx,1. As-is  และ To-be Process,3.4-P06,P,6. เสนอคณะทำงานบริหารความเสี่ยงและควบคุมภายในของ กยท. (RIC) เพื่อทราบ,57,63,กล่องข้อความ คอลัมน์ E (แถว 57–63),ส.ค. - ก.ย.,ส.ค. - ก.ย.,,10|11,
3.4,การจัดลำดับความเสี่ยง (Prioritizes Risks),กองบริหารความเสี่ยง,เพื่อกำหนดขอบเขตความเสี่ยงที่องค์กรสามารถรับได้ (Risk Boundary) กำหนดระดับความเสี่ยง (สูง ปานกลาง ต่ำ) และจัดลำดับความสำคัญของปัจจัยเสี่ยงอย่างเป็นระบบ พร้อมจัดทำแผนภาพความเสี่ยง (Risk Profile) เพื่อใช้ตัดสินใจบริหารความเสี่ยงให้สอดคล้องกับวัตถุประสงค์องค์กร วัตถุประสงค์เชิงยุทธศาสตร์ และ Risk Appetite,Sipoc (SE-AM) ข้อ 3.4.xlsx,1. As-is  และ To-be Process,3.4-P07,P,7. เสนอคณะอนุกรรมการบริหารความเสี่ยงและควบคุมภายในของ กยท. (RMC) เพื่อทราบ,67,73,กล่องข้อความ คอลัมน์ E (แถว 67–73),ส.ค. - ก.ย.,ส.ค. - ก.ย.,,10|11,
3.4,การจัดลำดับความเสี่ยง (Prioritizes Risks),กองบริหารความเสี่ยง,เพื่อกำหนดขอบเขตความเสี่ยงที่องค์กรสามารถรับได้ (Risk Boundary) กำหนดระดับความเสี่ยง (สูง ปานกลาง ต่ำ) และจัดลำดับความสำคัญของปัจจัยเสี่ยงอย่างเป็นระบบ พร้อมจัดทำแผนภาพความเสี่ยง (Risk Profile) เพื่อใช้ตัดสินใจบริหารความเสี่ยงให้สอดคล้องกับวัตถุประสงค์องค์กร วัตถุประสงค์เชิงยุทธศาสตร์ และ Risk Appetite,Sipoc (SE-AM) ข้อ 3.4.xlsx,1. As-is  และ To-be Process,3.4-P08,P,8. สื่อสารผลการจัดลำดับความเสี่ยงแก่หน่วยงานที่เกี่ยวข้อง เพื่อนำไปจัดทำแผนบริหารความเสี่ยงและติดตามผล,77,81,กล่องข้อความ คอลัมน์ E (แถว 77–81),ก.ย. - ต.ค.,ก.ย. - ต.ค.,,0|11,
3.4,การจัดลำดับความเสี่ยง (Prioritizes Risks),กองบริหารความเสี่ยง,เพื่อกำหนดขอบเขตความเสี่ยงที่องค์กรสามารถรับได้ (Risk Boundary) กำหนดระดับความเสี่ยง (สูง ปานกลาง ต่ำ) และจัดลำดับความสำคัญของปัจจัยเสี่ยงอย่างเป็นระบบ พร้อมจัดทำแผนภาพความเสี่ยง (Risk Profile) เพื่อใช้ตัดสินใจบริหารความเสี่ยงให้สอดคล้องกับวัตถุประสงค์องค์กร วัตถุประสงค์เชิงยุทธศาสตร์ และ Risk Appetite,Sipoc (SE-AM) ข้อ 3.4.xlsx,1. As-is  และ To-be Process,3.4-P09,P,9. ประเมินประสิทธิผลของการกำหนด Risk Boundary การจัดลำดับความเสี่ยง และการจัดทำ Risk Profile พร้อมทบทวน/ปรับปรุงกระบวนการ,83,89,กล่องข้อความ คอลัมน์ E (แถว 83–89),รายไตรมาส,รายไตรมาส,,,
3.4,การจัดลำดับความเสี่ยง (Prioritizes Risks),กองบริหารความเสี่ยง,เพื่อกำหนดขอบเขตความเสี่ยงที่องค์กรสามารถรับได้ (Risk Boundary) กำหนดระดับความเสี่ยง (สูง ปานกลาง ต่ำ) และจัดลำดับความสำคัญของปัจจัยเสี่ยงอย่างเป็นระบบ พร้อมจัดทำแผนภาพความเสี่ยง (Risk Profile) เพื่อใช้ตัดสินใจบริหารความเสี่ยงให้สอดคล้องกับวัตถุประสงค์องค์กร วัตถุประสงค์เชิงยุทธศาสตร์ และ Risk Appetite,Sipoc (SE-AM) ข้อ 3.4.xlsx,1. As-is  และ To-be Process,3.4-O01,O,เกณฑ์การจัดลำดับความเสี่ยงและเบื้องต้น,14,18,กล่องข้อความ คอลัมน์ F (แถว 14–18),,,,,
3.4,การจัดลำดับความเสี่ยง (Prioritizes Risks),กองบริหารความเสี่ยง,เพื่อกำหนดขอบเขตความเสี่ยงที่องค์กรสามารถรับได้ (Risk Boundary) กำหนดระดับความเสี่ยง (สูง ปานกลาง ต่ำ) และจัดลำดับความสำคัญของปัจจัยเสี่ยงอย่างเป็นระบบ พร้อมจัดทำแผนภาพความเสี่ยง (Risk Profile) เพื่อใช้ตัดสินใจบริหารความเสี่ยงให้สอดคล้องกับวัตถุประสงค์องค์กร วัตถุประสงค์เชิงยุทธศาสตร์ และ Risk Appetite,Sipoc (SE-AM) ข้อ 3.4.xlsx,1. As-is  และ To-be Process,3.4-O02,O,ร่างปัจจัยเสี่ยง,22,26,กล่องข้อความ คอลัมน์ F (แถว 22–26),,,,,
3.4,การจัดลำดับความเสี่ยง (Prioritizes Risks),กองบริหารความเสี่ยง,เพื่อกำหนดขอบเขตความเสี่ยงที่องค์กรสามารถรับได้ (Risk Boundary) กำหนดระดับความเสี่ยง (สูง ปานกลาง ต่ำ) และจัดลำดับความสำคัญของปัจจัยเสี่ยงอย่างเป็นระบบ พร้อมจัดทำแผนภาพความเสี่ยง (Risk Profile) เพื่อใช้ตัดสินใจบริหารความเสี่ยงให้สอดคล้องกับวัตถุประสงค์องค์กร วัตถุประสงค์เชิงยุทธศาสตร์ และ Risk Appetite,Sipoc (SE-AM) ข้อ 3.4.xlsx,1. As-is  และ To-be Process,3.4-O03,O,Risk Boundary และเกณฑ์ระดับความเสี่ยง,28,33,กล่องข้อความ คอลัมน์ F (แถว 28–33),,,,,
3.4,การจัดลำดับความเสี่ยง (Prioritizes Risks),กองบริหารความเสี่ยง,เพื่อกำหนดขอบเขตความเสี่ยงที่องค์กรสามารถรับได้ (Risk Boundary) กำหนดระดับความเสี่ยง (สูง ปานกลาง ต่ำ) และจัดลำดับความสำคัญของปัจจัยเสี่ยงอย่างเป็นระบบ พร้อมจัดทำแผนภาพความเสี่ยง (Risk Profile) เพื่อใช้ตัดสินใจบริหารความเสี่ยงให้สอดคล้องกับวัตถุประสงค์องค์กร วัตถุประสงค์เชิงยุทธศาสตร์ และ Risk Appetite,Sipoc (SE-AM) ข้อ 3.4.xlsx,1. As-is  และ To-be Process,3.4-O04,O,แผนภาพความเสี่ยง (Risk Profile),33,39,กล่องข้อความ คอลัมน์ F (แถว 33–39),,,,,
3.4,การจัดลำดับความเสี่ยง (Prioritizes Risks),กองบริหารความเสี่ยง,เพื่อกำหนดขอบเขตความเสี่ยงที่องค์กรสามารถรับได้ (Risk Boundary) กำหนดระดับความเสี่ยง (สูง ปานกลาง ต่ำ) และจัดลำดับความสำคัญของปัจจัยเสี่ยงอย่างเป็นระบบ พร้อมจัดทำแผนภาพความเสี่ยง (Risk Profile) เพื่อใช้ตัดสินใจบริหารความเสี่ยงให้สอดคล้องกับวัตถุประสงค์องค์กร วัตถุประสงค์เชิงยุทธศาสตร์ และ Risk Appetite,Sipoc (SE-AM) ข้อ 3.4.xlsx,1. As-is  และ To-be Process,3.4-O05,O,รายการจัดลำดับความเสี่ยง,40,45,กล่องข้อความ คอลัมน์ F (แถว 40–45),,,,,
3.4,การจัดลำดับความเสี่ยง (Prioritizes Risks),กองบริหารความเสี่ยง,เพื่อกำหนดขอบเขตความเสี่ยงที่องค์กรสามารถรับได้ (Risk Boundary) กำหนดระดับความเสี่ยง (สูง ปานกลาง ต่ำ) และจัดลำดับความสำคัญของปัจจัยเสี่ยงอย่างเป็นระบบ พร้อมจัดทำแผนภาพความเสี่ยง (Risk Profile) เพื่อใช้ตัดสินใจบริหารความเสี่ยงให้สอดคล้องกับวัตถุประสงค์องค์กร วัตถุประสงค์เชิงยุทธศาสตร์ และ Risk Appetite,Sipoc (SE-AM) ข้อ 3.4.xlsx,1. As-is  และ To-be Process,3.4-O06,O,ผลการจัดลำดับความเสี่ยง,59,63,กล่องข้อความ คอลัมน์ F (แถว 59–63),,,,,3.4-O07
3.4,การจัดลำดับความเสี่ยง (Prioritizes Risks),กองบริหารความเสี่ยง,เพื่อกำหนดขอบเขตความเสี่ยงที่องค์กรสามารถรับได้ (Risk Boundary) กำหนดระดับความเสี่ยง (สูง ปานกลาง ต่ำ) และจัดลำดับความสำคัญของปัจจัยเสี่ยงอย่างเป็นระบบ พร้อมจัดทำแผนภาพความเสี่ยง (Risk Profile) เพื่อใช้ตัดสินใจบริหารความเสี่ยงให้สอดคล้องกับวัตถุประสงค์องค์กร วัตถุประสงค์เชิงยุทธศาสตร์ และ Risk Appetite,Sipoc (SE-AM) ข้อ 3.4.xlsx,1. As-is  และ To-be Process,3.4-O07,O,ผลการจัดลำดับความเสี่ยง,70,74,กล่องข้อความ คอลัมน์ F (แถว 70–74),,,,,3.4-O08
3.4,การจัดลำดับความเสี่ยง (Prioritizes Risks),กองบริหารความเสี่ยง,เพื่อกำหนดขอบเขตความเสี่ยงที่องค์กรสามารถรับได้ (Risk Boundary) กำหนดระดับความเสี่ยง (สูง ปานกลาง ต่ำ) และจัดลำดับความสำคัญของปัจจัยเสี่ยงอย่างเป็นระบบ พร้อมจัดทำแผนภาพความเสี่ยง (Risk Profile) เพื่อใช้ตัดสินใจบริหารความเสี่ยงให้สอดคล้องกับวัตถุประสงค์องค์กร วัตถุประสงค์เชิงยุทธศาสตร์ และ Risk Appetite,Sipoc (SE-AM) ข้อ 3.4.xlsx,1. As-is  และ To-be Process,3.4-O08,O,หน่วยงานรับทราบความเสี่ยงสำคัญและลำดับความสำคัญ,77,81,กล่องข้อความ คอลัมน์ F (แถว 77–81),,,,,
3.4,การจัดลำดับความเสี่ยง (Prioritizes Risks),กองบริหารความเสี่ยง,เพื่อกำหนดขอบเขตความเสี่ยงที่องค์กรสามารถรับได้ (Risk Boundary) กำหนดระดับความเสี่ยง (สูง ปานกลาง ต่ำ) และจัดลำดับความสำคัญของปัจจัยเสี่ยงอย่างเป็นระบบ พร้อมจัดทำแผนภาพความเสี่ยง (Risk Profile) เพื่อใช้ตัดสินใจบริหารความเสี่ยงให้สอดคล้องกับวัตถุประสงค์องค์กร วัตถุประสงค์เชิงยุทธศาสตร์ และ Risk Appetite,Sipoc (SE-AM) ข้อ 3.4.xlsx,1. As-is  และ To-be Process,3.4-O09,O,รายงานประเมินผลและข้อเสนอปรับปรุง,83,89,กล่องข้อความ คอลัมน์ F (แถว 83–89),,,,,
3.4,การจัดลำดับความเสี่ยง (Prioritizes Risks),กองบริหารความเสี่ยง,เพื่อกำหนดขอบเขตความเสี่ยงที่องค์กรสามารถรับได้ (Risk Boundary) กำหนดระดับความเสี่ยง (สูง ปานกลาง ต่ำ) และจัดลำดับความสำคัญของปัจจัยเสี่ยงอย่างเป็นระบบ พร้อมจัดทำแผนภาพความเสี่ยง (Risk Profile) เพื่อใช้ตัดสินใจบริหารความเสี่ยงให้สอดคล้องกับวัตถุประสงค์องค์กร วัตถุประสงค์เชิงยุทธศาสตร์ และ Risk Appetite,Sipoc (SE-AM) ข้อ 3.4.xlsx,1. As-is  และ To-be Process,3.4-C01,C,กบค.เจ้าของปัจจัยเสี่ยง,14,16,กล่องข้อความ คอลัมน์ G (แถว 14–16),,,,,
3.4,การจัดลำดับความเสี่ยง (Prioritizes Risks),กองบริหารความเสี่ยง,เพื่อกำหนดขอบเขตความเสี่ยงที่องค์กรสามารถรับได้ (Risk Boundary) กำหนดระดับความเสี่ยง (สูง ปานกลาง ต่ำ) และจัดลำดับความสำคัญของปัจจัยเสี่ยงอย่างเป็นระบบ พร้อมจัดทำแผนภาพความเสี่ยง (Risk Profile) เพื่อใช้ตัดสินใจบริหารความเสี่ยงให้สอดคล้องกับวัตถุประสงค์องค์กร วัตถุประสงค์เชิงยุทธศาสตร์ และ Risk Appetite,Sipoc (SE-AM) ข้อ 3.4.xlsx,1. As-is  และ To-be Process,3.4-C02,C,Risk Owner/ผู้บริหาร,23,25,กล่องข้อความ คอลัมน์ G (แถว 23–25),,,,,
3.4,การจัดลำดับความเสี่ยง (Prioritizes Risks),กองบริหารความเสี่ยง,เพื่อกำหนดขอบเขตความเสี่ยงที่องค์กรสามารถรับได้ (Risk Boundary) กำหนดระดับความเสี่ยง (สูง ปานกลาง ต่ำ) และจัดลำดับความสำคัญของปัจจัยเสี่ยงอย่างเป็นระบบ พร้อมจัดทำแผนภาพความเสี่ยง (Risk Profile) เพื่อใช้ตัดสินใจบริหารความเสี่ยงให้สอดคล้องกับวัตถุประสงค์องค์กร วัตถุประสงค์เชิงยุทธศาสตร์ และ Risk Appetite,Sipoc (SE-AM) ข้อ 3.4.xlsx,1. As-is  และ To-be Process,3.4-C03,C,Risk Owner/ผู้ประเมิน,28,33,กล่องข้อความ คอลัมน์ G (แถว 28–33),,,,,
3.4,การจัดลำดับความเสี่ยง (Prioritizes Risks),กองบริหารความเสี่ยง,เพื่อกำหนดขอบเขตความเสี่ยงที่องค์กรสามารถรับได้ (Risk Boundary) กำหนดระดับความเสี่ยง (สูง ปานกลาง ต่ำ) และจัดลำดับความสำคัญของปัจจัยเสี่ยงอย่างเป็นระบบ พร้อมจัดทำแผนภาพความเสี่ยง (Risk Profile) เพื่อใช้ตัดสินใจบริหารความเสี่ยงให้สอดคล้องกับวัตถุประสงค์องค์กร วัตถุประสงค์เชิงยุทธศาสตร์ และ Risk Appetite,Sipoc (SE-AM) ข้อ 3.4.xlsx,1. As-is  และ To-be Process,3.4-C04,C,Risk Owner/ผู้ประเมิน,33,38,กล่องข้อความ คอลัมน์ G (แถว 33–38),,,,,
3.4,การจัดลำดับความเสี่ยง (Prioritizes Risks),กองบริหารความเสี่ยง,เพื่อกำหนดขอบเขตความเสี่ยงที่องค์กรสามารถรับได้ (Risk Boundary) กำหนดระดับความเสี่ยง (สูง ปานกลาง ต่ำ) และจัดลำดับความสำคัญของปัจจัยเสี่ยงอย่างเป็นระบบ พร้อมจัดทำแผนภาพความเสี่ยง (Risk Profile) เพื่อใช้ตัดสินใจบริหารความเสี่ยงให้สอดคล้องกับวัตถุประสงค์องค์กร วัตถุประสงค์เชิงยุทธศาสตร์ และ Risk Appetite,Sipoc (SE-AM) ข้อ 3.4.xlsx,1. As-is  และ To-be Process,3.4-C05,C,กบค.ส่วนงาน/หน่วยงาน หรือเจ้าของปัจจัยเสี่ยง (Risk owner),39,44,กล่องข้อความ คอลัมน์ G (แถว 39–44),,,,,
3.4,การจัดลำดับความเสี่ยง (Prioritizes Risks),กองบริหารความเสี่ยง,เพื่อกำหนดขอบเขตความเสี่ยงที่องค์กรสามารถรับได้ (Risk Boundary) กำหนดระดับความเสี่ยง (สูง ปานกลาง ต่ำ) และจัดลำดับความสำคัญของปัจจัยเสี่ยงอย่างเป็นระบบ พร้อมจัดทำแผนภาพความเสี่ยง (Risk Profile) เพื่อใช้ตัดสินใจบริหารความเสี่ยงให้สอดคล้องกับวัตถุประสงค์องค์กร วัตถุประสงค์เชิงยุทธศาสตร์ และ Risk Appetite,Sipoc (SE-AM) ข้อ 3.4.xlsx,1. As-is  และ To-be Process,3.4-C06,C,กบค.,60,62,กล่องข้อความ คอลัมน์ G (แถว 60–62),,,,,
3.4,การจัดลำดับความเสี่ยง (Prioritizes Risks),กองบริหารความเสี่ยง,เพื่อกำหนดขอบเขตความเสี่ยงที่องค์กรสามารถรับได้ (Risk Boundary) กำหนดระดับความเสี่ยง (สูง ปานกลาง ต่ำ) และจัดลำดับความสำคัญของปัจจัยเสี่ยงอย่างเป็นระบบ พร้อมจัดทำแผนภาพความเสี่ยง (Risk Profile) เพื่อใช้ตัดสินใจบริหารความเสี่ยงให้สอดคล้องกับวัตถุประสงค์องค์กร วัตถุประสงค์เชิงยุทธศาสตร์ และ Risk Appetite,Sipoc (SE-AM) ข้อ 3.4.xlsx,1. As-is  และ To-be Process,3.4-C07,C,กบค.,70,72,กล่องข้อความ คอลัมน์ G (แถว 70–72),,,,,
3.4,การจัดลำดับความเสี่ยง (Prioritizes Risks),กองบริหารความเสี่ยง,เพื่อกำหนดขอบเขตความเสี่ยงที่องค์กรสามารถรับได้ (Risk Boundary) กำหนดระดับความเสี่ยง (สูง ปานกลาง ต่ำ) และจัดลำดับความสำคัญของปัจจัยเสี่ยงอย่างเป็นระบบ พร้อมจัดทำแผนภาพความเสี่ยง (Risk Profile) เพื่อใช้ตัดสินใจบริหารความเสี่ยงให้สอดคล้องกับวัตถุประสงค์องค์กร วัตถุประสงค์เชิงยุทธศาสตร์ และ Risk Appetite,Sipoc (SE-AM) ข้อ 3.4.xlsx,1. As-is  และ To-be Process,3.4-C08,C,กบค.ส่วนงาน /หน่วยงาน หรือเจ้าของปัจจัยเสี่ยง (Risk owner),76,81,กล่องข้อความ คอลัมน์ G (แถว 76–81),,,,,
3.4,การจัดลำดับความเสี่ยง (Prioritizes Risks),กองบริหารความเสี่ยง,เพื่อกำหนดขอบเขตความเสี่ยงที่องค์กรสามารถรับได้ (Risk Boundary) กำหนดระดับความเสี่ยง (สูง ปานกลาง ต่ำ) และจัดลำดับความสำคัญของปัจจัยเสี่ยงอย่างเป็นระบบ พร้อมจัดทำแผนภาพความเสี่ยง (Risk Profile) เพื่อใช้ตัดสินใจบริหารความเสี่ยงให้สอดคล้องกับวัตถุประสงค์องค์กร วัตถุประสงค์เชิงยุทธศาสตร์ และ Risk Appetite,Sipoc (SE-AM) ข้อ 3.4.xlsx,1. As-is  และ To-be Process,3.4-C09,C,กบค.ส่วนงาน /หน่วยงาน หรือเจ้าของปัจจัยเสี่ยง (Risk owner),83,88,กล่องข้อความ คอลัมน์ G (แถว 83–88),,,,,
3.5,กระบวนการกำหนด/คัดเลือกวิธีการจัดการต่อความเสี่ยงที่ระบุไว้ (Implements Risk Responses),กองบริหารความเสี่ยง,เพื่อกำหนดและคัดเลือกวิธีการจัดการความเสี่ยงที่เหมาะสมสำหรับความเสี่ยงที่ระบุไว้ โดยพิจารณาสาเหตุของความเสี่ยง ประสิทธิผลของการควบคุมเดิม ทางเลือกในการตอบสนองความเสี่ยง การวิเคราะห์ต้นทุนและผลประโยชน์ (Cost Benefit) ระดับความเสี่ยงที่ยอมรับได้ (Risk Appetite/Tolerance) และบูรณาการมาตรการกับระบบงาน/กระบวนการขององค์กร เพื่อให้ความเสี่ยงลดลงสู่ระดับเป้าหมาย,Sipoc (SE-AM) ข้อ 3.5.xlsx,1. As-is  และ To-be Process,3.5-S01,S,กบค. เจ้าของปัจจัยเสี่ยง,12,13,กล่องข้อความ คอลัมน์ C (แถว 12–13),,,,,
3.5,กระบวนการกำหนด/คัดเลือกวิธีการจัดการต่อความเสี่ยงที่ระบุไว้ (Implements Risk Responses),กองบริหารความเสี่ยง,เพื่อกำหนดและคัดเลือกวิธีการจัดการความเสี่ยงที่เหมาะสมสำหรับความเสี่ยงที่ระบุไว้ โดยพิจารณาสาเหตุของความเสี่ยง ประสิทธิผลของการควบคุมเดิม ทางเลือกในการตอบสนองความเสี่ยง การวิเคราะห์ต้นทุนและผลประโยชน์ (Cost Benefit) ระดับความเสี่ยงที่ยอมรับได้ (Risk Appetite/Tolerance) และบูรณาการมาตรการกับระบบงาน/กระบวนการขององค์กร เพื่อให้ความเสี่ยงลดลงสู่ระดับเป้าหมาย,Sipoc (SE-AM) ข้อ 3.5.xlsx,1. As-is  และ To-be Process,3.5-S02,S,กบค. เจ้าของปัจจัยเสี่ยง,22,24,กล่องข้อความ คอลัมน์ C (แถว 22–24),,,,,
3.5,กระบวนการกำหนด/คัดเลือกวิธีการจัดการต่อความเสี่ยงที่ระบุไว้ (Implements Risk Responses),กองบริหารความเสี่ยง,เพื่อกำหนดและคัดเลือกวิธีการจัดการความเสี่ยงที่เหมาะสมสำหรับความเสี่ยงที่ระบุไว้ โดยพิจารณาสาเหตุของความเสี่ยง ประสิทธิผลของการควบคุมเดิม ทางเลือกในการตอบสนองความเสี่ยง การวิเคราะห์ต้นทุนและผลประโยชน์ (Cost Benefit) ระดับความเสี่ยงที่ยอมรับได้ (Risk Appetite/Tolerance) และบูรณาการมาตรการกับระบบงาน/กระบวนการขององค์กร เพื่อให้ความเสี่ยงลดลงสู่ระดับเป้าหมาย,Sipoc (SE-AM) ข้อ 3.5.xlsx,1. As-is  และ To-be Process,3.5-S03,S,กบค. เจ้าของปัจจัยเสี่ยง,29,31,กล่องข้อความ คอลัมน์ C (แถว 29–31),,,,,
3.5,กระบวนการกำหนด/คัดเลือกวิธีการจัดการต่อความเสี่ยงที่ระบุไว้ (Implements Risk Responses),กองบริหารความเสี่ยง,เพื่อกำหนดและคัดเลือกวิธีการจัดการความเสี่ยงที่เหมาะสมสำหรับความเสี่ยงที่ระบุไว้ โดยพิจารณาสาเหตุของความเสี่ยง ประสิทธิผลของการควบคุมเดิม ทางเลือกในการตอบสนองความเสี่ยง การวิเคราะห์ต้นทุนและผลประโยชน์ (Cost Benefit) ระดับความเสี่ยงที่ยอมรับได้ (Risk Appetite/Tolerance) และบูรณาการมาตรการกับระบบงาน/กระบวนการขององค์กร เพื่อให้ความเสี่ยงลดลงสู่ระดับเป้าหมาย,Sipoc (SE-AM) ข้อ 3.5.xlsx,1. As-is  และ To-be Process,3.5-S04,S,กบค. เจ้าของปัจจัยเสี่ยง,34,36,กล่องข้อความ คอลัมน์ C (แถว 34–36),,,,,
3.5,กระบวนการกำหนด/คัดเลือกวิธีการจัดการต่อความเสี่ยงที่ระบุไว้ (Implements Risk Responses),กองบริหารความเสี่ยง,เพื่อกำหนดและคัดเลือกวิธีการจัดการความเสี่ยงที่เหมาะสมสำหรับความเสี่ยงที่ระบุไว้ โดยพิจารณาสาเหตุของความเสี่ยง ประสิทธิผลของการควบคุมเดิม ทางเลือกในการตอบสนองความเสี่ยง การวิเคราะห์ต้นทุนและผลประโยชน์ (Cost Benefit) ระดับความเสี่ยงที่ยอมรับได้ (Risk Appetite/Tolerance) และบูรณาการมาตรการกับระบบงาน/กระบวนการขององค์กร เพื่อให้ความเสี่ยงลดลงสู่ระดับเป้าหมาย,Sipoc (SE-AM) ข้อ 3.5.xlsx,1. As-is  และ To-be Process,3.5-S05,S,กบค.,40,41,กล่องข้อความ คอลัมน์ C (แถว 40–41),,,,,
3.5,กระบวนการกำหนด/คัดเลือกวิธีการจัดการต่อความเสี่ยงที่ระบุไว้ (Implements Risk Responses),กองบริหารความเสี่ยง,เพื่อกำหนดและคัดเลือกวิธีการจัดการความเสี่ยงที่เหมาะสมสำหรับความเสี่ยงที่ระบุไว้ โดยพิจารณาสาเหตุของความเสี่ยง ประสิทธิผลของการควบคุมเดิม ทางเลือกในการตอบสนองความเสี่ยง การวิเคราะห์ต้นทุนและผลประโยชน์ (Cost Benefit) ระดับความเสี่ยงที่ยอมรับได้ (Risk Appetite/Tolerance) และบูรณาการมาตรการกับระบบงาน/กระบวนการขององค์กร เพื่อให้ความเสี่ยงลดลงสู่ระดับเป้าหมาย,Sipoc (SE-AM) ข้อ 3.5.xlsx,1. As-is  และ To-be Process,3.5-S06,S,กบค.ส่วนงาน /หน่วยงาน หรือเจ้าของปัจจัยเสี่ยง (Risk owner),58,62,กล่องข้อความ คอลัมน์ C (แถว 58–62),,,,,
3.5,กระบวนการกำหนด/คัดเลือกวิธีการจัดการต่อความเสี่ยงที่ระบุไว้ (Implements Risk Responses),กองบริหารความเสี่ยง,เพื่อกำหนดและคัดเลือกวิธีการจัดการความเสี่ยงที่เหมาะสมสำหรับความเสี่ยงที่ระบุไว้ โดยพิจารณาสาเหตุของความเสี่ยง ประสิทธิผลของการควบคุมเดิม ทางเลือกในการตอบสนองความเสี่ยง การวิเคราะห์ต้นทุนและผลประโยชน์ (Cost Benefit) ระดับความเสี่ยงที่ยอมรับได้ (Risk Appetite/Tolerance) และบูรณาการมาตรการกับระบบงาน/กระบวนการขององค์กร เพื่อให้ความเสี่ยงลดลงสู่ระดับเป้าหมาย,Sipoc (SE-AM) ข้อ 3.5.xlsx,1. As-is  และ To-be Process,3.5-S07,S,กบค.,68,69,กล่องข้อความ คอลัมน์ C (แถว 68–69),,,,,
3.5,กระบวนการกำหนด/คัดเลือกวิธีการจัดการต่อความเสี่ยงที่ระบุไว้ (Implements Risk Responses),กองบริหารความเสี่ยง,เพื่อกำหนดและคัดเลือกวิธีการจัดการความเสี่ยงที่เหมาะสมสำหรับความเสี่ยงที่ระบุไว้ โดยพิจารณาสาเหตุของความเสี่ยง ประสิทธิผลของการควบคุมเดิม ทางเลือกในการตอบสนองความเสี่ยง การวิเคราะห์ต้นทุนและผลประโยชน์ (Cost Benefit) ระดับความเสี่ยงที่ยอมรับได้ (Risk Appetite/Tolerance) และบูรณาการมาตรการกับระบบงาน/กระบวนการขององค์กร เพื่อให้ความเสี่ยงลดลงสู่ระดับเป้าหมาย,Sipoc (SE-AM) ข้อ 3.5.xlsx,1. As-is  และ To-be Process,3.5-S08,S,กบค.,75,76,กล่องข้อความ คอลัมน์ C (แถว 75–76),,,,,
3.5,กระบวนการกำหนด/คัดเลือกวิธีการจัดการต่อความเสี่ยงที่ระบุไว้ (Implements Risk Responses),กองบริหารความเสี่ยง,เพื่อกำหนดและคัดเลือกวิธีการจัดการความเสี่ยงที่เหมาะสมสำหรับความเสี่ยงที่ระบุไว้ โดยพิจารณาสาเหตุของความเสี่ยง ประสิทธิผลของการควบคุมเดิม ทางเลือกในการตอบสนองความเสี่ยง การวิเคราะห์ต้นทุนและผลประโยชน์ (Cost Benefit) ระดับความเสี่ยงที่ยอมรับได้ (Risk Appetite/Tolerance) และบูรณาการมาตรการกับระบบงาน/กระบวนการขององค์กร เพื่อให้ความเสี่ยงลดลงสู่ระดับเป้าหมาย,Sipoc (SE-AM) ข้อ 3.5.xlsx,1. As-is  และ To-be Process,3.5-S09,S,กบค.,83,84,กล่องข้อความ คอลัมน์ C (แถว 83–84),,,,,
3.5,กระบวนการกำหนด/คัดเลือกวิธีการจัดการต่อความเสี่ยงที่ระบุไว้ (Implements Risk Responses),กองบริหารความเสี่ยง,เพื่อกำหนดและคัดเลือกวิธีการจัดการความเสี่ยงที่เหมาะสมสำหรับความเสี่ยงที่ระบุไว้ โดยพิจารณาสาเหตุของความเสี่ยง ประสิทธิผลของการควบคุมเดิม ทางเลือกในการตอบสนองความเสี่ยง การวิเคราะห์ต้นทุนและผลประโยชน์ (Cost Benefit) ระดับความเสี่ยงที่ยอมรับได้ (Risk Appetite/Tolerance) และบูรณาการมาตรการกับระบบงาน/กระบวนการขององค์กร เพื่อให้ความเสี่ยงลดลงสู่ระดับเป้าหมาย,Sipoc (SE-AM) ข้อ 3.5.xlsx,1. As-is  และ To-be Process,3.5-S10,S,กบค.,91,93,กล่องข้อความ คอลัมน์ C (แถว 91–93),,,,,
3.5,กระบวนการกำหนด/คัดเลือกวิธีการจัดการต่อความเสี่ยงที่ระบุไว้ (Implements Risk Responses),กองบริหารความเสี่ยง,เพื่อกำหนดและคัดเลือกวิธีการจัดการความเสี่ยงที่เหมาะสมสำหรับความเสี่ยงที่ระบุไว้ โดยพิจารณาสาเหตุของความเสี่ยง ประสิทธิผลของการควบคุมเดิม ทางเลือกในการตอบสนองความเสี่ยง การวิเคราะห์ต้นทุนและผลประโยชน์ (Cost Benefit) ระดับความเสี่ยงที่ยอมรับได้ (Risk Appetite/Tolerance) และบูรณาการมาตรการกับระบบงาน/กระบวนการขององค์กร เพื่อให้ความเสี่ยงลดลงสู่ระดับเป้าหมาย,Sipoc (SE-AM) ข้อ 3.5.xlsx,1. As-is  และ To-be Process,3.5-S11,S,กบค.ส่วนงาน /หน่วยงาน หรือเจ้าของปัจจัยเสี่ยง (Risk owner),99,104,กล่องข้อความ คอลัมน์ C (แถว 99–104),,,,,
3.5,กระบวนการกำหนด/คัดเลือกวิธีการจัดการต่อความเสี่ยงที่ระบุไว้ (Implements Risk Responses),กองบริหารความเสี่ยง,เพื่อกำหนดและคัดเลือกวิธีการจัดการความเสี่ยงที่เหมาะสมสำหรับความเสี่ยงที่ระบุไว้ โดยพิจารณาสาเหตุของความเสี่ยง ประสิทธิผลของการควบคุมเดิม ทางเลือกในการตอบสนองความเสี่ยง การวิเคราะห์ต้นทุนและผลประโยชน์ (Cost Benefit) ระดับความเสี่ยงที่ยอมรับได้ (Risk Appetite/Tolerance) และบูรณาการมาตรการกับระบบงาน/กระบวนการขององค์กร เพื่อให้ความเสี่ยงลดลงสู่ระดับเป้าหมาย,Sipoc (SE-AM) ข้อ 3.5.xlsx,1. As-is  และ To-be Process,3.5-I01,I,"- Risk Profile- Risk Appetite/Risk Tolerance, - ผลการประเมินความรุนแรง",11,19,กล่องข้อความ คอลัมน์ D (แถว 11–19),,,,,
3.5,กระบวนการกำหนด/คัดเลือกวิธีการจัดการต่อความเสี่ยงที่ระบุไว้ (Implements Risk Responses),กองบริหารความเสี่ยง,เพื่อกำหนดและคัดเลือกวิธีการจัดการความเสี่ยงที่เหมาะสมสำหรับความเสี่ยงที่ระบุไว้ โดยพิจารณาสาเหตุของความเสี่ยง ประสิทธิผลของการควบคุมเดิม ทางเลือกในการตอบสนองความเสี่ยง การวิเคราะห์ต้นทุนและผลประโยชน์ (Cost Benefit) ระดับความเสี่ยงที่ยอมรับได้ (Risk Appetite/Tolerance) และบูรณาการมาตรการกับระบบงาน/กระบวนการขององค์กร เพื่อให้ความเสี่ยงลดลงสู่ระดับเป้าหมาย,Sipoc (SE-AM) ข้อ 3.5.xlsx,1. As-is  และ To-be Process,3.5-I02,I,"- ข้อมูลสาเหตุความเสี่ยง- Risk Correlation- การควบคุมภายใน
เห็นชอบ
เห็นชอบ
เสี่ยง และแผน ี่ ความเสี",22,27,กล่องข้อความ คอลัมน์ D (แถว 22–27),,,,,
3.5,กระบวนการกำหนด/คัดเลือกวิธีการจัดการต่อความเสี่ยงที่ระบุไว้ (Implements Risk Responses),กองบริหารความเสี่ยง,เพื่อกำหนดและคัดเลือกวิธีการจัดการความเสี่ยงที่เหมาะสมสำหรับความเสี่ยงที่ระบุไว้ โดยพิจารณาสาเหตุของความเสี่ยง ประสิทธิผลของการควบคุมเดิม ทางเลือกในการตอบสนองความเสี่ยง การวิเคราะห์ต้นทุนและผลประโยชน์ (Cost Benefit) ระดับความเสี่ยงที่ยอมรับได้ (Risk Appetite/Tolerance) และบูรณาการมาตรการกับระบบงาน/กระบวนการขององค์กร เพื่อให้ความเสี่ยงลดลงสู่ระดับเป้าหมาย,Sipoc (SE-AM) ข้อ 3.5.xlsx,1. As-is  และ To-be Process,3.5-I03,I,"สาเหตุของความเสี่ยง
Risk Appetite/Risk Tolerance",29,33,กล่องข้อความ คอลัมน์ D (แถว 29–33),,,,,
3.5,กระบวนการกำหนด/คัดเลือกวิธีการจัดการต่อความเสี่ยงที่ระบุไว้ (Implements Risk Responses),กองบริหารความเสี่ยง,เพื่อกำหนดและคัดเลือกวิธีการจัดการความเสี่ยงที่เหมาะสมสำหรับความเสี่ยงที่ระบุไว้ โดยพิจารณาสาเหตุของความเสี่ยง ประสิทธิผลของการควบคุมเดิม ทางเลือกในการตอบสนองความเสี่ยง การวิเคราะห์ต้นทุนและผลประโยชน์ (Cost Benefit) ระดับความเสี่ยงที่ยอมรับได้ (Risk Appetite/Tolerance) และบูรณาการมาตรการกับระบบงาน/กระบวนการขององค์กร เพื่อให้ความเสี่ยงลดลงสู่ระดับเป้าหมาย,Sipoc (SE-AM) ข้อ 3.5.xlsx,1. As-is  และ To-be Process,3.5-I04,I,มาตรการการควบคุมภายใน,34,37,กล่องข้อความ คอลัมน์ D (แถว 34–37),,,,,
3.5,กระบวนการกำหนด/คัดเลือกวิธีการจัดการต่อความเสี่ยงที่ระบุไว้ (Implements Risk Responses),กองบริหารความเสี่ยง,เพื่อกำหนดและคัดเลือกวิธีการจัดการความเสี่ยงที่เหมาะสมสำหรับความเสี่ยงที่ระบุไว้ โดยพิจารณาสาเหตุของความเสี่ยง ประสิทธิผลของการควบคุมเดิม ทางเลือกในการตอบสนองความเสี่ยง การวิเคราะห์ต้นทุนและผลประโยชน์ (Cost Benefit) ระดับความเสี่ยงที่ยอมรับได้ (Risk Appetite/Tolerance) และบูรณาการมาตรการกับระบบงาน/กระบวนการขององค์กร เพื่อให้ความเสี่ยงลดลงสู่ระดับเป้าหมาย,Sipoc (SE-AM) ข้อ 3.5.xlsx,1. As-is  และ To-be Process,3.5-I05,I,- สาเหตุของความเสี่ยง- ทางเลือกในการตอบสนองความเสี่ยง - Work System/Work Process,40,45,กล่องข้อความ คอลัมน์ D (แถว 40–45),,,,,
3.5,กระบวนการกำหนด/คัดเลือกวิธีการจัดการต่อความเสี่ยงที่ระบุไว้ (Implements Risk Responses),กองบริหารความเสี่ยง,เพื่อกำหนดและคัดเลือกวิธีการจัดการความเสี่ยงที่เหมาะสมสำหรับความเสี่ยงที่ระบุไว้ โดยพิจารณาสาเหตุของความเสี่ยง ประสิทธิผลของการควบคุมเดิม ทางเลือกในการตอบสนองความเสี่ยง การวิเคราะห์ต้นทุนและผลประโยชน์ (Cost Benefit) ระดับความเสี่ยงที่ยอมรับได้ (Risk Appetite/Tolerance) และบูรณาการมาตรการกับระบบงาน/กระบวนการขององค์กร เพื่อให้ความเสี่ยงลดลงสู่ระดับเป้าหมาย,Sipoc (SE-AM) ข้อ 3.5.xlsx,1. As-is  และ To-be Process,3.5-I06,I,ผลลัพธ์ในกิจกรรมที่ 5,58,63,กล่องข้อความ คอลัมน์ D (แถว 58–63),,,,,
3.5,กระบวนการกำหนด/คัดเลือกวิธีการจัดการต่อความเสี่ยงที่ระบุไว้ (Implements Risk Responses),กองบริหารความเสี่ยง,เพื่อกำหนดและคัดเลือกวิธีการจัดการความเสี่ยงที่เหมาะสมสำหรับความเสี่ยงที่ระบุไว้ โดยพิจารณาสาเหตุของความเสี่ยง ประสิทธิผลของการควบคุมเดิม ทางเลือกในการตอบสนองความเสี่ยง การวิเคราะห์ต้นทุนและผลประโยชน์ (Cost Benefit) ระดับความเสี่ยงที่ยอมรับได้ (Risk Appetite/Tolerance) และบูรณาการมาตรการกับระบบงาน/กระบวนการขององค์กร เพื่อให้ความเสี่ยงลดลงสู่ระดับเป้าหมาย,Sipoc (SE-AM) ข้อ 3.5.xlsx,1. As-is  และ To-be Process,3.5-I07,I,ผลลัพธ์ในกิจกรรมที่ 6,67,71,กล่องข้อความ คอลัมน์ D (แถว 67–71),,,,,
3.5,กระบวนการกำหนด/คัดเลือกวิธีการจัดการต่อความเสี่ยงที่ระบุไว้ (Implements Risk Responses),กองบริหารความเสี่ยง,เพื่อกำหนดและคัดเลือกวิธีการจัดการความเสี่ยงที่เหมาะสมสำหรับความเสี่ยงที่ระบุไว้ โดยพิจารณาสาเหตุของความเสี่ยง ประสิทธิผลของการควบคุมเดิม ทางเลือกในการตอบสนองความเสี่ยง การวิเคราะห์ต้นทุนและผลประโยชน์ (Cost Benefit) ระดับความเสี่ยงที่ยอมรับได้ (Risk Appetite/Tolerance) และบูรณาการมาตรการกับระบบงาน/กระบวนการขององค์กร เพื่อให้ความเสี่ยงลดลงสู่ระดับเป้าหมาย,Sipoc (SE-AM) ข้อ 3.5.xlsx,1. As-is  และ To-be Process,3.5-I08,I,ผลลัพธ์ในกิจกรรมที่ 7,74,77,กล่องข้อความ คอลัมน์ D (แถว 74–77),,,,,
3.5,กระบวนการกำหนด/คัดเลือกวิธีการจัดการต่อความเสี่ยงที่ระบุไว้ (Implements Risk Responses),กองบริหารความเสี่ยง,เพื่อกำหนดและคัดเลือกวิธีการจัดการความเสี่ยงที่เหมาะสมสำหรับความเสี่ยงที่ระบุไว้ โดยพิจารณาสาเหตุของความเสี่ยง ประสิทธิผลของการควบคุมเดิม ทางเลือกในการตอบสนองความเสี่ยง การวิเคราะห์ต้นทุนและผลประโยชน์ (Cost Benefit) ระดับความเสี่ยงที่ยอมรับได้ (Risk Appetite/Tolerance) และบูรณาการมาตรการกับระบบงาน/กระบวนการขององค์กร เพื่อให้ความเสี่ยงลดลงสู่ระดับเป้าหมาย,Sipoc (SE-AM) ข้อ 3.5.xlsx,1. As-is  และ To-be Process,3.5-I09,I,"ผลลัพธ์ในกิจกรรมที่ 8
เห็นชอบ
เห็นชอบ
เสี่ยง และแผน ี่ ความเสี",81,86,กล่องข้อความ คอลัมน์ D (แถว 81–86),,,,,
3.5,กระบวนการกำหนด/คัดเลือกวิธีการจัดการต่อความเสี่ยงที่ระบุไว้ (Implements Risk Responses),กองบริหารความเสี่ยง,เพื่อกำหนดและคัดเลือกวิธีการจัดการความเสี่ยงที่เหมาะสมสำหรับความเสี่ยงที่ระบุไว้ โดยพิจารณาสาเหตุของความเสี่ยง ประสิทธิผลของการควบคุมเดิม ทางเลือกในการตอบสนองความเสี่ยง การวิเคราะห์ต้นทุนและผลประโยชน์ (Cost Benefit) ระดับความเสี่ยงที่ยอมรับได้ (Risk Appetite/Tolerance) และบูรณาการมาตรการกับระบบงาน/กระบวนการขององค์กร เพื่อให้ความเสี่ยงลดลงสู่ระดับเป้าหมาย,Sipoc (SE-AM) ข้อ 3.5.xlsx,1. As-is  และ To-be Process,3.5-I10,I,"ผลลัพธ์ในกิจกรรมที่ 9
เห็นชอบ
เห็นชอบ
เสี่ยง และแผน ี่ ความเสี",90,95,กล่องข้อความ คอลัมน์ D (แถว 90–95),,,,,
3.5,กระบวนการกำหนด/คัดเลือกวิธีการจัดการต่อความเสี่ยงที่ระบุไว้ (Implements Risk Responses),กองบริหารความเสี่ยง,เพื่อกำหนดและคัดเลือกวิธีการจัดการความเสี่ยงที่เหมาะสมสำหรับความเสี่ยงที่ระบุไว้ โดยพิจารณาสาเหตุของความเสี่ยง ประสิทธิผลของการควบคุมเดิม ทางเลือกในการตอบสนองความเสี่ยง การวิเคราะห์ต้นทุนและผลประโยชน์ (Cost Benefit) ระดับความเสี่ยงที่ยอมรับได้ (Risk Appetite/Tolerance) และบูรณาการมาตรการกับระบบงาน/กระบวนการขององค์กร เพื่อให้ความเสี่ยงลดลงสู่ระดับเป้าหมาย,Sipoc (SE-AM) ข้อ 3.5.xlsx,1. As-is  และ To-be Process,3.5-I11,I,ผลลัพธ์ในกิจกรรมที่ 10,99,104,กล่องข้อความ คอลัมน์ D (แถว 99–104),,,,,
3.5,กระบวนการกำหนด/คัดเลือกวิธีการจัดการต่อความเสี่ยงที่ระบุไว้ (Implements Risk Responses),กองบริหารความเสี่ยง,เพื่อกำหนดและคัดเลือกวิธีการจัดการความเสี่ยงที่เหมาะสมสำหรับความเสี่ยงที่ระบุไว้ โดยพิจารณาสาเหตุของความเสี่ยง ประสิทธิผลของการควบคุมเดิม ทางเลือกในการตอบสนองความเสี่ยง การวิเคราะห์ต้นทุนและผลประโยชน์ (Cost Benefit) ระดับความเสี่ยงที่ยอมรับได้ (Risk Appetite/Tolerance) และบูรณาการมาตรการกับระบบงาน/กระบวนการขององค์กร เพื่อให้ความเสี่ยงลดลงสู่ระดับเป้าหมาย,Sipoc (SE-AM) ข้อ 3.5.xlsx,1. As-is  และ To-be Process,3.5-P01,P,1. ทบทวนความเสี่ยงที่ต้องจัดทำแผนตอบสนอง พร้อมระดับความเสี่ยงปัจจุบันและระดับเป้าหมายที่ต้องการ,13,17,กล่องข้อความ คอลัมน์ E (แถว 13–17),ส.ค.,ส.ค.,,10,
3.5,กระบวนการกำหนด/คัดเลือกวิธีการจัดการต่อความเสี่ยงที่ระบุไว้ (Implements Risk Responses),กองบริหารความเสี่ยง,เพื่อกำหนดและคัดเลือกวิธีการจัดการความเสี่ยงที่เหมาะสมสำหรับความเสี่ยงที่ระบุไว้ โดยพิจารณาสาเหตุของความเสี่ยง ประสิทธิผลของการควบคุมเดิม ทางเลือกในการตอบสนองความเสี่ยง การวิเคราะห์ต้นทุนและผลประโยชน์ (Cost Benefit) ระดับความเสี่ยงที่ยอมรับได้ (Risk Appetite/Tolerance) และบูรณาการมาตรการกับระบบงาน/กระบวนการขององค์กร เพื่อให้ความเสี่ยงลดลงสู่ระดับเป้าหมาย,Sipoc (SE-AM) ข้อ 3.5.xlsx,1. As-is  และ To-be Process,3.5-P02,P,2. วิเคราะห์สาเหตุ (Root Cause) ผลกระทบ ความสัมพันธ์ระหว่างความเสี่ยง และมาตรการควบคุมเดิมของแต่ละปัจจัยเสี่ยง,22,26,กล่องข้อความ คอลัมน์ E (แถว 22–26),ส.ค.,ส.ค.,,10,
3.5,กระบวนการกำหนด/คัดเลือกวิธีการจัดการต่อความเสี่ยงที่ระบุไว้ (Implements Risk Responses),กองบริหารความเสี่ยง,เพื่อกำหนดและคัดเลือกวิธีการจัดการความเสี่ยงที่เหมาะสมสำหรับความเสี่ยงที่ระบุไว้ โดยพิจารณาสาเหตุของความเสี่ยง ประสิทธิผลของการควบคุมเดิม ทางเลือกในการตอบสนองความเสี่ยง การวิเคราะห์ต้นทุนและผลประโยชน์ (Cost Benefit) ระดับความเสี่ยงที่ยอมรับได้ (Risk Appetite/Tolerance) และบูรณาการมาตรการกับระบบงาน/กระบวนการขององค์กร เพื่อให้ความเสี่ยงลดลงสู่ระดับเป้าหมาย,Sipoc (SE-AM) ข้อ 3.5.xlsx,1. As-is  และ To-be Process,3.5-P03,P,3. ระบุทางเลือกในการตอบสนองความเสี่ยง เช่น หลีกเลี่ยง ลด/ควบคุม แบ่งปัน/โอน หรือยอมรับ และกำหนดแนวทาง Mitigation ที่เป็นไปได้มากกว่า 1 ทางเลือกเมื่อเหมาะสม,28,32,กล่องข้อความ คอลัมน์ E (แถว 28–32),,,,,
3.5,กระบวนการกำหนด/คัดเลือกวิธีการจัดการต่อความเสี่ยงที่ระบุไว้ (Implements Risk Responses),กองบริหารความเสี่ยง,เพื่อกำหนดและคัดเลือกวิธีการจัดการความเสี่ยงที่เหมาะสมสำหรับความเสี่ยงที่ระบุไว้ โดยพิจารณาสาเหตุของความเสี่ยง ประสิทธิผลของการควบคุมเดิม ทางเลือกในการตอบสนองความเสี่ยง การวิเคราะห์ต้นทุนและผลประโยชน์ (Cost Benefit) ระดับความเสี่ยงที่ยอมรับได้ (Risk Appetite/Tolerance) และบูรณาการมาตรการกับระบบงาน/กระบวนการขององค์กร เพื่อให้ความเสี่ยงลดลงสู่ระดับเป้าหมาย,Sipoc (SE-AM) ข้อ 3.5.xlsx,1. As-is  และ To-be Process,3.5-P04,P,4. ประเมินประสิทธิผลของการควบคุมเดิม (Existing Control) และวิเคราะห์มาตรการควบคุมภายในว่าเพียงพอต่อการลดโอกาส/ผลกระทบหรือไม่,33,37,กล่องข้อความ คอลัมน์ E (แถว 33–37),ส.ค.,ส.ค.,,10,
3.5,กระบวนการกำหนด/คัดเลือกวิธีการจัดการต่อความเสี่ยงที่ระบุไว้ (Implements Risk Responses),กองบริหารความเสี่ยง,เพื่อกำหนดและคัดเลือกวิธีการจัดการความเสี่ยงที่เหมาะสมสำหรับความเสี่ยงที่ระบุไว้ โดยพิจารณาสาเหตุของความเสี่ยง ประสิทธิผลของการควบคุมเดิม ทางเลือกในการตอบสนองความเสี่ยง การวิเคราะห์ต้นทุนและผลประโยชน์ (Cost Benefit) ระดับความเสี่ยงที่ยอมรับได้ (Risk Appetite/Tolerance) และบูรณาการมาตรการกับระบบงาน/กระบวนการขององค์กร เพื่อให้ความเสี่ยงลดลงสู่ระดับเป้าหมาย,Sipoc (SE-AM) ข้อ 3.5.xlsx,1. As-is  และ To-be Process,3.5-P05,P,5. ออกแบบมาตรการ/กิจกรรมตอบสนองความเสี่ยงให้แก้ที่สาเหตุ ลดโอกาสหรือผลกระทบ และเชื่อมโยงกับระบบงาน (Work System) และกระบวนการ (Work Process) ที่เกี่ยวข้อง,39,44,กล่องข้อความ คอลัมน์ E (แถว 39–44),ส.ค.,ส.ค.,,10,
3.5,กระบวนการกำหนด/คัดเลือกวิธีการจัดการต่อความเสี่ยงที่ระบุไว้ (Implements Risk Responses),กองบริหารความเสี่ยง,เพื่อกำหนดและคัดเลือกวิธีการจัดการความเสี่ยงที่เหมาะสมสำหรับความเสี่ยงที่ระบุไว้ โดยพิจารณาสาเหตุของความเสี่ยง ประสิทธิผลของการควบคุมเดิม ทางเลือกในการตอบสนองความเสี่ยง การวิเคราะห์ต้นทุนและผลประโยชน์ (Cost Benefit) ระดับความเสี่ยงที่ยอมรับได้ (Risk Appetite/Tolerance) และบูรณาการมาตรการกับระบบงาน/กระบวนการขององค์กร เพื่อให้ความเสี่ยงลดลงสู่ระดับเป้าหมาย,Sipoc (SE-AM) ข้อ 3.5.xlsx,1. As-is  และ To-be Process,3.5-P06,P,6. วิเคราะห์ต้นทุนและผลประโยชน์ (Cost Benefit) ของทางเลือก พร้อมประเมินผลต่อระดับความเสี่ยงคงเหลือ และเปรียบเทียบทางเลือกก่อนตัดสินใจ,57,63,กล่องข้อความ คอลัมน์ E (แถว 57–63),ส.ค.,ส.ค.,,10,
3.5,กระบวนการกำหนด/คัดเลือกวิธีการจัดการต่อความเสี่ยงที่ระบุไว้ (Implements Risk Responses),กองบริหารความเสี่ยง,เพื่อกำหนดและคัดเลือกวิธีการจัดการความเสี่ยงที่เหมาะสมสำหรับความเสี่ยงที่ระบุไว้ โดยพิจารณาสาเหตุของความเสี่ยง ประสิทธิผลของการควบคุมเดิม ทางเลือกในการตอบสนองความเสี่ยง การวิเคราะห์ต้นทุนและผลประโยชน์ (Cost Benefit) ระดับความเสี่ยงที่ยอมรับได้ (Risk Appetite/Tolerance) และบูรณาการมาตรการกับระบบงาน/กระบวนการขององค์กร เพื่อให้ความเสี่ยงลดลงสู่ระดับเป้าหมาย,Sipoc (SE-AM) ข้อ 3.5.xlsx,1. As-is  และ To-be Process,3.5-P07,P,7. คัดเลือกวิธีการจัดการความเสี่ยงโดยใช้เกณฑ์ที่กำหนด เช่น ความสามารถในการลดโอกาส/ผลกระทบ ความคุ้มค่า ความเป็นไปได้ ระยะเวลา และความสอดคล้องกับ Risk Appetite/Tolerance,67,72,กล่องข้อความ คอลัมน์ E (แถว 67–72),ส.ค.-ก.ย.,ส.ค.-ก.ย.,,10|11,
3.5,กระบวนการกำหนด/คัดเลือกวิธีการจัดการต่อความเสี่ยงที่ระบุไว้ (Implements Risk Responses),กองบริหารความเสี่ยง,เพื่อกำหนดและคัดเลือกวิธีการจัดการความเสี่ยงที่เหมาะสมสำหรับความเสี่ยงที่ระบุไว้ โดยพิจารณาสาเหตุของความเสี่ยง ประสิทธิผลของการควบคุมเดิม ทางเลือกในการตอบสนองความเสี่ยง การวิเคราะห์ต้นทุนและผลประโยชน์ (Cost Benefit) ระดับความเสี่ยงที่ยอมรับได้ (Risk Appetite/Tolerance) และบูรณาการมาตรการกับระบบงาน/กระบวนการขององค์กร เพื่อให้ความเสี่ยงลดลงสู่ระดับเป้าหมาย,Sipoc (SE-AM) ข้อ 3.5.xlsx,1. As-is  และ To-be Process,3.5-P08,P,8. จัดทำแผนบริหารความเสี่ยง (Mitigation Plan),74,78,กล่องข้อความ คอลัมน์ E (แถว 74–78),ส.ค.-ก.ย.,ส.ค.-ก.ย.,,10|11,
3.5,กระบวนการกำหนด/คัดเลือกวิธีการจัดการต่อความเสี่ยงที่ระบุไว้ (Implements Risk Responses),กองบริหารความเสี่ยง,เพื่อกำหนดและคัดเลือกวิธีการจัดการความเสี่ยงที่เหมาะสมสำหรับความเสี่ยงที่ระบุไว้ โดยพิจารณาสาเหตุของความเสี่ยง ประสิทธิผลของการควบคุมเดิม ทางเลือกในการตอบสนองความเสี่ยง การวิเคราะห์ต้นทุนและผลประโยชน์ (Cost Benefit) ระดับความเสี่ยงที่ยอมรับได้ (Risk Appetite/Tolerance) และบูรณาการมาตรการกับระบบงาน/กระบวนการขององค์กร เพื่อให้ความเสี่ยงลดลงสู่ระดับเป้าหมาย,Sipoc (SE-AM) ข้อ 3.5.xlsx,1. As-is  และ To-be Process,3.5-P09,P,9. เสนอคณะทำงานบริหารความเสี่ยงและควบคุมภายในของ กยท. (RIC) พิจารณา,80,88,กล่องข้อความ คอลัมน์ E (แถว 80–88),ส.ค.-ก.ย.,ส.ค.-ก.ย.,,10|11,
3.5,กระบวนการกำหนด/คัดเลือกวิธีการจัดการต่อความเสี่ยงที่ระบุไว้ (Implements Risk Responses),กองบริหารความเสี่ยง,เพื่อกำหนดและคัดเลือกวิธีการจัดการความเสี่ยงที่เหมาะสมสำหรับความเสี่ยงที่ระบุไว้ โดยพิจารณาสาเหตุของความเสี่ยง ประสิทธิผลของการควบคุมเดิม ทางเลือกในการตอบสนองความเสี่ยง การวิเคราะห์ต้นทุนและผลประโยชน์ (Cost Benefit) ระดับความเสี่ยงที่ยอมรับได้ (Risk Appetite/Tolerance) และบูรณาการมาตรการกับระบบงาน/กระบวนการขององค์กร เพื่อให้ความเสี่ยงลดลงสู่ระดับเป้าหมาย,Sipoc (SE-AM) ข้อ 3.5.xlsx,1. As-is  และ To-be Process,3.5-P10,P,10. เสนอคณะอนุกรรมการบริหารความเสี่ยงและควบคุมภายในของ กยท. (RMC) พิจารณา,89,98,กล่องข้อความ คอลัมน์ E (แถว 89–98),,,,,
3.5,กระบวนการกำหนด/คัดเลือกวิธีการจัดการต่อความเสี่ยงที่ระบุไว้ (Implements Risk Responses),กองบริหารความเสี่ยง,เพื่อกำหนดและคัดเลือกวิธีการจัดการความเสี่ยงที่เหมาะสมสำหรับความเสี่ยงที่ระบุไว้ โดยพิจารณาสาเหตุของความเสี่ยง ประสิทธิผลของการควบคุมเดิม ทางเลือกในการตอบสนองความเสี่ยง การวิเคราะห์ต้นทุนและผลประโยชน์ (Cost Benefit) ระดับความเสี่ยงที่ยอมรับได้ (Risk Appetite/Tolerance) และบูรณาการมาตรการกับระบบงาน/กระบวนการขององค์กร เพื่อให้ความเสี่ยงลดลงสู่ระดับเป้าหมาย,Sipoc (SE-AM) ข้อ 3.5.xlsx,1. As-is  และ To-be Process,3.5-P11,P,11. ติดตามผลและประเมินประสิทธิผลของวิธีการ/แผนจัดการความเสี่ยง ระดับความเสี่ยงปัจจุบันและระดับเป้าหมายที่ต้องการวิเคราะห์ Gap และปรับปรุงมาตรการเมื่อผลไม่เป็นไปตามเป้าหมาย,99,105,กล่องข้อความ คอลัมน์ E (แถว 99–105),รายไตรมาส,รายไตรมาส,,,
3.5,กระบวนการกำหนด/คัดเลือกวิธีการจัดการต่อความเสี่ยงที่ระบุไว้ (Implements Risk Responses),กองบริหารความเสี่ยง,เพื่อกำหนดและคัดเลือกวิธีการจัดการความเสี่ยงที่เหมาะสมสำหรับความเสี่ยงที่ระบุไว้ โดยพิจารณาสาเหตุของความเสี่ยง ประสิทธิผลของการควบคุมเดิม ทางเลือกในการตอบสนองความเสี่ยง การวิเคราะห์ต้นทุนและผลประโยชน์ (Cost Benefit) ระดับความเสี่ยงที่ยอมรับได้ (Risk Appetite/Tolerance) และบูรณาการมาตรการกับระบบงาน/กระบวนการขององค์กร เพื่อให้ความเสี่ยงลดลงสู่ระดับเป้าหมาย,Sipoc (SE-AM) ข้อ 3.5.xlsx,1. As-is  และ To-be Process,3.5-O01,O,รายการความเสี่ยงที่ต้องจัดทำ Mitigation Plan พร้อมระดับความเสี่ยงปัจจุบันและระดับเป้าหมายที่ต้องการ,13,18,กล่องข้อความ คอลัมน์ F (แถว 13–18),,,,,
3.5,กระบวนการกำหนด/คัดเลือกวิธีการจัดการต่อความเสี่ยงที่ระบุไว้ (Implements Risk Responses),กองบริหารความเสี่ยง,เพื่อกำหนดและคัดเลือกวิธีการจัดการความเสี่ยงที่เหมาะสมสำหรับความเสี่ยงที่ระบุไว้ โดยพิจารณาสาเหตุของความเสี่ยง ประสิทธิผลของการควบคุมเดิม ทางเลือกในการตอบสนองความเสี่ยง การวิเคราะห์ต้นทุนและผลประโยชน์ (Cost Benefit) ระดับความเสี่ยงที่ยอมรับได้ (Risk Appetite/Tolerance) และบูรณาการมาตรการกับระบบงาน/กระบวนการขององค์กร เพื่อให้ความเสี่ยงลดลงสู่ระดับเป้าหมาย,Sipoc (SE-AM) ข้อ 3.5.xlsx,1. As-is  และ To-be Process,3.5-O02,O,สาเหตุของความเสี่ยง,22,26,กล่องข้อความ คอลัมน์ F (แถว 22–26),,,,,
3.5,กระบวนการกำหนด/คัดเลือกวิธีการจัดการต่อความเสี่ยงที่ระบุไว้ (Implements Risk Responses),กองบริหารความเสี่ยง,เพื่อกำหนดและคัดเลือกวิธีการจัดการความเสี่ยงที่เหมาะสมสำหรับความเสี่ยงที่ระบุไว้ โดยพิจารณาสาเหตุของความเสี่ยง ประสิทธิผลของการควบคุมเดิม ทางเลือกในการตอบสนองความเสี่ยง การวิเคราะห์ต้นทุนและผลประโยชน์ (Cost Benefit) ระดับความเสี่ยงที่ยอมรับได้ (Risk Appetite/Tolerance) และบูรณาการมาตรการกับระบบงาน/กระบวนการขององค์กร เพื่อให้ความเสี่ยงลดลงสู่ระดับเป้าหมาย,Sipoc (SE-AM) ข้อ 3.5.xlsx,1. As-is  และ To-be Process,3.5-O03,O,ทางเลือกในการตอบสนองความเสี่ยง,28,33,กล่องข้อความ คอลัมน์ F (แถว 28–33),,,,,
3.5,กระบวนการกำหนด/คัดเลือกวิธีการจัดการต่อความเสี่ยงที่ระบุไว้ (Implements Risk Responses),กองบริหารความเสี่ยง,เพื่อกำหนดและคัดเลือกวิธีการจัดการความเสี่ยงที่เหมาะสมสำหรับความเสี่ยงที่ระบุไว้ โดยพิจารณาสาเหตุของความเสี่ยง ประสิทธิผลของการควบคุมเดิม ทางเลือกในการตอบสนองความเสี่ยง การวิเคราะห์ต้นทุนและผลประโยชน์ (Cost Benefit) ระดับความเสี่ยงที่ยอมรับได้ (Risk Appetite/Tolerance) และบูรณาการมาตรการกับระบบงาน/กระบวนการขององค์กร เพื่อให้ความเสี่ยงลดลงสู่ระดับเป้าหมาย,Sipoc (SE-AM) ข้อ 3.5.xlsx,1. As-is  และ To-be Process,3.5-O04,O,ผลการประเมินประสิทธิผลของการควบคุมภายใน,33,38,กล่องข้อความ คอลัมน์ F (แถว 33–38),,,,,
3.5,กระบวนการกำหนด/คัดเลือกวิธีการจัดการต่อความเสี่ยงที่ระบุไว้ (Implements Risk Responses),กองบริหารความเสี่ยง,เพื่อกำหนดและคัดเลือกวิธีการจัดการความเสี่ยงที่เหมาะสมสำหรับความเสี่ยงที่ระบุไว้ โดยพิจารณาสาเหตุของความเสี่ยง ประสิทธิผลของการควบคุมเดิม ทางเลือกในการตอบสนองความเสี่ยง การวิเคราะห์ต้นทุนและผลประโยชน์ (Cost Benefit) ระดับความเสี่ยงที่ยอมรับได้ (Risk Appetite/Tolerance) และบูรณาการมาตรการกับระบบงาน/กระบวนการขององค์กร เพื่อให้ความเสี่ยงลดลงสู่ระดับเป้าหมาย,Sipoc (SE-AM) ข้อ 3.5.xlsx,1. As-is  และ To-be Process,3.5-O05,O,ร่าง Mitigation Measures/Activities ที่เชื่อมโยงกับสาเหตุและกระบวนการ,40,45,กล่องข้อความ คอลัมน์ F (แถว 40–45),,,,,
3.5,กระบวนการกำหนด/คัดเลือกวิธีการจัดการต่อความเสี่ยงที่ระบุไว้ (Implements Risk Responses),กองบริหารความเสี่ยง,เพื่อกำหนดและคัดเลือกวิธีการจัดการความเสี่ยงที่เหมาะสมสำหรับความเสี่ยงที่ระบุไว้ โดยพิจารณาสาเหตุของความเสี่ยง ประสิทธิผลของการควบคุมเดิม ทางเลือกในการตอบสนองความเสี่ยง การวิเคราะห์ต้นทุนและผลประโยชน์ (Cost Benefit) ระดับความเสี่ยงที่ยอมรับได้ (Risk Appetite/Tolerance) และบูรณาการมาตรการกับระบบงาน/กระบวนการขององค์กร เพื่อให้ความเสี่ยงลดลงสู่ระดับเป้าหมาย,Sipoc (SE-AM) ข้อ 3.5.xlsx,1. As-is  และ To-be Process,3.5-O06,O,ผล Cost-Benefit Analysis และประมาณการ Residual Risk ของแต่ละทางเลือก,58,62,กล่องข้อความ คอลัมน์ F (แถว 58–62),,,,,3.5-O07
3.5,กระบวนการกำหนด/คัดเลือกวิธีการจัดการต่อความเสี่ยงที่ระบุไว้ (Implements Risk Responses),กองบริหารความเสี่ยง,เพื่อกำหนดและคัดเลือกวิธีการจัดการความเสี่ยงที่เหมาะสมสำหรับความเสี่ยงที่ระบุไว้ โดยพิจารณาสาเหตุของความเสี่ยง ประสิทธิผลของการควบคุมเดิม ทางเลือกในการตอบสนองความเสี่ยง การวิเคราะห์ต้นทุนและผลประโยชน์ (Cost Benefit) ระดับความเสี่ยงที่ยอมรับได้ (Risk Appetite/Tolerance) และบูรณาการมาตรการกับระบบงาน/กระบวนการขององค์กร เพื่อให้ความเสี่ยงลดลงสู่ระดับเป้าหมาย,Sipoc (SE-AM) ข้อ 3.5.xlsx,1. As-is  และ To-be Process,3.5-O07,O,วิธีการจัดการความเสี่ยงที่ผ่านการคัดเลือกพร้อมเหตุผล,67,71,กล่องข้อความ คอลัมน์ F (แถว 67–71),,,,,
3.5,กระบวนการกำหนด/คัดเลือกวิธีการจัดการต่อความเสี่ยงที่ระบุไว้ (Implements Risk Responses),กองบริหารความเสี่ยง,เพื่อกำหนดและคัดเลือกวิธีการจัดการความเสี่ยงที่เหมาะสมสำหรับความเสี่ยงที่ระบุไว้ โดยพิจารณาสาเหตุของความเสี่ยง ประสิทธิผลของการควบคุมเดิม ทางเลือกในการตอบสนองความเสี่ยง การวิเคราะห์ต้นทุนและผลประโยชน์ (Cost Benefit) ระดับความเสี่ยงที่ยอมรับได้ (Risk Appetite/Tolerance) และบูรณาการมาตรการกับระบบงาน/กระบวนการขององค์กร เพื่อให้ความเสี่ยงลดลงสู่ระดับเป้าหมาย,Sipoc (SE-AM) ข้อ 3.5.xlsx,1. As-is  และ To-be Process,3.5-O08,O,ร่างแผนบริหารความเสี่ยง,74,78,กล่องข้อความ คอลัมน์ F (แถว 74–78),,,,,
3.5,กระบวนการกำหนด/คัดเลือกวิธีการจัดการต่อความเสี่ยงที่ระบุไว้ (Implements Risk Responses),กองบริหารความเสี่ยง,เพื่อกำหนดและคัดเลือกวิธีการจัดการความเสี่ยงที่เหมาะสมสำหรับความเสี่ยงที่ระบุไว้ โดยพิจารณาสาเหตุของความเสี่ยง ประสิทธิผลของการควบคุมเดิม ทางเลือกในการตอบสนองความเสี่ยง การวิเคราะห์ต้นทุนและผลประโยชน์ (Cost Benefit) ระดับความเสี่ยงที่ยอมรับได้ (Risk Appetite/Tolerance) และบูรณาการมาตรการกับระบบงาน/กระบวนการขององค์กร เพื่อให้ความเสี่ยงลดลงสู่ระดับเป้าหมาย,Sipoc (SE-AM) ข้อ 3.5.xlsx,1. As-is  และ To-be Process,3.5-O09,O,ร่างแผนบริหารความเสี่ยง,81,86,กล่องข้อความ คอลัมน์ F (แถว 81–86),,,,,
3.5,กระบวนการกำหนด/คัดเลือกวิธีการจัดการต่อความเสี่ยงที่ระบุไว้ (Implements Risk Responses),กองบริหารความเสี่ยง,เพื่อกำหนดและคัดเลือกวิธีการจัดการความเสี่ยงที่เหมาะสมสำหรับความเสี่ยงที่ระบุไว้ โดยพิจารณาสาเหตุของความเสี่ยง ประสิทธิผลของการควบคุมเดิม ทางเลือกในการตอบสนองความเสี่ยง การวิเคราะห์ต้นทุนและผลประโยชน์ (Cost Benefit) ระดับความเสี่ยงที่ยอมรับได้ (Risk Appetite/Tolerance) และบูรณาการมาตรการกับระบบงาน/กระบวนการขององค์กร เพื่อให้ความเสี่ยงลดลงสู่ระดับเป้าหมาย,Sipoc (SE-AM) ข้อ 3.5.xlsx,1. As-is  และ To-be Process,3.5-O10,O,ร่างแผนบริหารความเสี่ยงที่ได้รับการพิจารณาเห็นชอบจากคณะทำงานฯ,81,85,กล่องข้อความ คอลัมน์ F (แถว 81–85),,,,,
3.5,กระบวนการกำหนด/คัดเลือกวิธีการจัดการต่อความเสี่ยงที่ระบุไว้ (Implements Risk Responses),กองบริหารความเสี่ยง,เพื่อกำหนดและคัดเลือกวิธีการจัดการความเสี่ยงที่เหมาะสมสำหรับความเสี่ยงที่ระบุไว้ โดยพิจารณาสาเหตุของความเสี่ยง ประสิทธิผลของการควบคุมเดิม ทางเลือกในการตอบสนองความเสี่ยง การวิเคราะห์ต้นทุนและผลประโยชน์ (Cost Benefit) ระดับความเสี่ยงที่ยอมรับได้ (Risk Appetite/Tolerance) และบูรณาการมาตรการกับระบบงาน/กระบวนการขององค์กร เพื่อให้ความเสี่ยงลดลงสู่ระดับเป้าหมาย,Sipoc (SE-AM) ข้อ 3.5.xlsx,1. As-is  และ To-be Process,3.5-O11,O,ร่างแผนบริหารความเสี่ยง,89,95,กล่องข้อความ คอลัมน์ F (แถว 89–95),,,,,
3.5,กระบวนการกำหนด/คัดเลือกวิธีการจัดการต่อความเสี่ยงที่ระบุไว้ (Implements Risk Responses),กองบริหารความเสี่ยง,เพื่อกำหนดและคัดเลือกวิธีการจัดการความเสี่ยงที่เหมาะสมสำหรับความเสี่ยงที่ระบุไว้ โดยพิจารณาสาเหตุของความเสี่ยง ประสิทธิผลของการควบคุมเดิม ทางเลือกในการตอบสนองความเสี่ยง การวิเคราะห์ต้นทุนและผลประโยชน์ (Cost Benefit) ระดับความเสี่ยงที่ยอมรับได้ (Risk Appetite/Tolerance) และบูรณาการมาตรการกับระบบงาน/กระบวนการขององค์กร เพื่อให้ความเสี่ยงลดลงสู่ระดับเป้าหมาย,Sipoc (SE-AM) ข้อ 3.5.xlsx,1. As-is  และ To-be Process,3.5-O12,O,แผนบริหารความเสี่ยงที่ได้รับการพิจารณาเห็นชอบจากคณะอนุกรรมการฯ,90,93,กล่องข้อความ คอลัมน์ F (แถว 90–93),,,,,
3.5,กระบวนการกำหนด/คัดเลือกวิธีการจัดการต่อความเสี่ยงที่ระบุไว้ (Implements Risk Responses),กองบริหารความเสี่ยง,เพื่อกำหนดและคัดเลือกวิธีการจัดการความเสี่ยงที่เหมาะสมสำหรับความเสี่ยงที่ระบุไว้ โดยพิจารณาสาเหตุของความเสี่ยง ประสิทธิผลของการควบคุมเดิม ทางเลือกในการตอบสนองความเสี่ยง การวิเคราะห์ต้นทุนและผลประโยชน์ (Cost Benefit) ระดับความเสี่ยงที่ยอมรับได้ (Risk Appetite/Tolerance) และบูรณาการมาตรการกับระบบงาน/กระบวนการขององค์กร เพื่อให้ความเสี่ยงลดลงสู่ระดับเป้าหมาย,Sipoc (SE-AM) ข้อ 3.5.xlsx,1. As-is  และ To-be Process,3.5-O13,O,"ผลประเมินประสิทธิผล, Residual Riskและแผนที่ปรับปรุง",99,105,กล่องข้อความ คอลัมน์ F (แถว 99–105),,,,,
3.5,กระบวนการกำหนด/คัดเลือกวิธีการจัดการต่อความเสี่ยงที่ระบุไว้ (Implements Risk Responses),กองบริหารความเสี่ยง,เพื่อกำหนดและคัดเลือกวิธีการจัดการความเสี่ยงที่เหมาะสมสำหรับความเสี่ยงที่ระบุไว้ โดยพิจารณาสาเหตุของความเสี่ยง ประสิทธิผลของการควบคุมเดิม ทางเลือกในการตอบสนองความเสี่ยง การวิเคราะห์ต้นทุนและผลประโยชน์ (Cost Benefit) ระดับความเสี่ยงที่ยอมรับได้ (Risk Appetite/Tolerance) และบูรณาการมาตรการกับระบบงาน/กระบวนการขององค์กร เพื่อให้ความเสี่ยงลดลงสู่ระดับเป้าหมาย,Sipoc (SE-AM) ข้อ 3.5.xlsx,1. As-is  และ To-be Process,3.5-C01,C,เจ้าของปัจจัยเสี่ยง,14,16,กล่องข้อความ คอลัมน์ G (แถว 14–16),,,,,
3.5,กระบวนการกำหนด/คัดเลือกวิธีการจัดการต่อความเสี่ยงที่ระบุไว้ (Implements Risk Responses),กองบริหารความเสี่ยง,เพื่อกำหนดและคัดเลือกวิธีการจัดการความเสี่ยงที่เหมาะสมสำหรับความเสี่ยงที่ระบุไว้ โดยพิจารณาสาเหตุของความเสี่ยง ประสิทธิผลของการควบคุมเดิม ทางเลือกในการตอบสนองความเสี่ยง การวิเคราะห์ต้นทุนและผลประโยชน์ (Cost Benefit) ระดับความเสี่ยงที่ยอมรับได้ (Risk Appetite/Tolerance) และบูรณาการมาตรการกับระบบงาน/กระบวนการขององค์กร เพื่อให้ความเสี่ยงลดลงสู่ระดับเป้าหมาย,Sipoc (SE-AM) ข้อ 3.5.xlsx,1. As-is  และ To-be Process,3.5-C02,C,กบค.,23,25,กล่องข้อความ คอลัมน์ G (แถว 23–25),,,,,
3.5,กระบวนการกำหนด/คัดเลือกวิธีการจัดการต่อความเสี่ยงที่ระบุไว้ (Implements Risk Responses),กองบริหารความเสี่ยง,เพื่อกำหนดและคัดเลือกวิธีการจัดการความเสี่ยงที่เหมาะสมสำหรับความเสี่ยงที่ระบุไว้ โดยพิจารณาสาเหตุของความเสี่ยง ประสิทธิผลของการควบคุมเดิม ทางเลือกในการตอบสนองความเสี่ยง การวิเคราะห์ต้นทุนและผลประโยชน์ (Cost Benefit) ระดับความเสี่ยงที่ยอมรับได้ (Risk Appetite/Tolerance) และบูรณาการมาตรการกับระบบงาน/กระบวนการขององค์กร เพื่อให้ความเสี่ยงลดลงสู่ระดับเป้าหมาย,Sipoc (SE-AM) ข้อ 3.5.xlsx,1. As-is  และ To-be Process,3.5-C03,C,กบค. เจ้าของปัจจัยเสี่ยง,28,33,กล่องข้อความ คอลัมน์ G (แถว 28–33),,,,,
3.5,กระบวนการกำหนด/คัดเลือกวิธีการจัดการต่อความเสี่ยงที่ระบุไว้ (Implements Risk Responses),กองบริหารความเสี่ยง,เพื่อกำหนดและคัดเลือกวิธีการจัดการความเสี่ยงที่เหมาะสมสำหรับความเสี่ยงที่ระบุไว้ โดยพิจารณาสาเหตุของความเสี่ยง ประสิทธิผลของการควบคุมเดิม ทางเลือกในการตอบสนองความเสี่ยง การวิเคราะห์ต้นทุนและผลประโยชน์ (Cost Benefit) ระดับความเสี่ยงที่ยอมรับได้ (Risk Appetite/Tolerance) และบูรณาการมาตรการกับระบบงาน/กระบวนการขององค์กร เพื่อให้ความเสี่ยงลดลงสู่ระดับเป้าหมาย,Sipoc (SE-AM) ข้อ 3.5.xlsx,1. As-is  และ To-be Process,3.5-C04,C,Risk Owner/ผู้ประเมิน,33,38,กล่องข้อความ คอลัมน์ G (แถว 33–38),,,,,
3.5,กระบวนการกำหนด/คัดเลือกวิธีการจัดการต่อความเสี่ยงที่ระบุไว้ (Implements Risk Responses),กองบริหารความเสี่ยง,เพื่อกำหนดและคัดเลือกวิธีการจัดการความเสี่ยงที่เหมาะสมสำหรับความเสี่ยงที่ระบุไว้ โดยพิจารณาสาเหตุของความเสี่ยง ประสิทธิผลของการควบคุมเดิม ทางเลือกในการตอบสนองความเสี่ยง การวิเคราะห์ต้นทุนและผลประโยชน์ (Cost Benefit) ระดับความเสี่ยงที่ยอมรับได้ (Risk Appetite/Tolerance) และบูรณาการมาตรการกับระบบงาน/กระบวนการขององค์กร เพื่อให้ความเสี่ยงลดลงสู่ระดับเป้าหมาย,Sipoc (SE-AM) ข้อ 3.5.xlsx,1. As-is  และ To-be Process,3.5-C05,C,กบค.ส่วนงาน/หน่วยงาน หรือเจ้าของปัจจัยเสี่ยง (Risk owner),39,44,กล่องข้อความ คอลัมน์ G (แถว 39–44),,,,,
3.5,กระบวนการกำหนด/คัดเลือกวิธีการจัดการต่อความเสี่ยงที่ระบุไว้ (Implements Risk Responses),กองบริหารความเสี่ยง,เพื่อกำหนดและคัดเลือกวิธีการจัดการความเสี่ยงที่เหมาะสมสำหรับความเสี่ยงที่ระบุไว้ โดยพิจารณาสาเหตุของความเสี่ยง ประสิทธิผลของการควบคุมเดิม ทางเลือกในการตอบสนองความเสี่ยง การวิเคราะห์ต้นทุนและผลประโยชน์ (Cost Benefit) ระดับความเสี่ยงที่ยอมรับได้ (Risk Appetite/Tolerance) และบูรณาการมาตรการกับระบบงาน/กระบวนการขององค์กร เพื่อให้ความเสี่ยงลดลงสู่ระดับเป้าหมาย,Sipoc (SE-AM) ข้อ 3.5.xlsx,1. As-is  และ To-be Process,3.5-C06,C,กบค.,60,62,กล่องข้อความ คอลัมน์ G (แถว 60–62),,,,,
3.5,กระบวนการกำหนด/คัดเลือกวิธีการจัดการต่อความเสี่ยงที่ระบุไว้ (Implements Risk Responses),กองบริหารความเสี่ยง,เพื่อกำหนดและคัดเลือกวิธีการจัดการความเสี่ยงที่เหมาะสมสำหรับความเสี่ยงที่ระบุไว้ โดยพิจารณาสาเหตุของความเสี่ยง ประสิทธิผลของการควบคุมเดิม ทางเลือกในการตอบสนองความเสี่ยง การวิเคราะห์ต้นทุนและผลประโยชน์ (Cost Benefit) ระดับความเสี่ยงที่ยอมรับได้ (Risk Appetite/Tolerance) และบูรณาการมาตรการกับระบบงาน/กระบวนการขององค์กร เพื่อให้ความเสี่ยงลดลงสู่ระดับเป้าหมาย,Sipoc (SE-AM) ข้อ 3.5.xlsx,1. As-is  และ To-be Process,3.5-C07,C,กบค.,68,69,กล่องข้อความ คอลัมน์ G (แถว 68–69),,,,,
3.5,กระบวนการกำหนด/คัดเลือกวิธีการจัดการต่อความเสี่ยงที่ระบุไว้ (Implements Risk Responses),กองบริหารความเสี่ยง,เพื่อกำหนดและคัดเลือกวิธีการจัดการความเสี่ยงที่เหมาะสมสำหรับความเสี่ยงที่ระบุไว้ โดยพิจารณาสาเหตุของความเสี่ยง ประสิทธิผลของการควบคุมเดิม ทางเลือกในการตอบสนองความเสี่ยง การวิเคราะห์ต้นทุนและผลประโยชน์ (Cost Benefit) ระดับความเสี่ยงที่ยอมรับได้ (Risk Appetite/Tolerance) และบูรณาการมาตรการกับระบบงาน/กระบวนการขององค์กร เพื่อให้ความเสี่ยงลดลงสู่ระดับเป้าหมาย,Sipoc (SE-AM) ข้อ 3.5.xlsx,1. As-is  และ To-be Process,3.5-C08,C,กบค.ส่วนงาน /หน่วยงาน หรือเจ้าของปัจจัยเสี่ยง (Risk owner),74,79,กล่องข้อความ คอลัมน์ G (แถว 74–79),,,,,
3.5,กระบวนการกำหนด/คัดเลือกวิธีการจัดการต่อความเสี่ยงที่ระบุไว้ (Implements Risk Responses),กองบริหารความเสี่ยง,เพื่อกำหนดและคัดเลือกวิธีการจัดการความเสี่ยงที่เหมาะสมสำหรับความเสี่ยงที่ระบุไว้ โดยพิจารณาสาเหตุของความเสี่ยง ประสิทธิผลของการควบคุมเดิม ทางเลือกในการตอบสนองความเสี่ยง การวิเคราะห์ต้นทุนและผลประโยชน์ (Cost Benefit) ระดับความเสี่ยงที่ยอมรับได้ (Risk Appetite/Tolerance) และบูรณาการมาตรการกับระบบงาน/กระบวนการขององค์กร เพื่อให้ความเสี่ยงลดลงสู่ระดับเป้าหมาย,Sipoc (SE-AM) ข้อ 3.5.xlsx,1. As-is  และ To-be Process,3.5-C09,C,คณะอนุกรรมการฯ RMC,83,84,กล่องข้อความ คอลัมน์ G (แถว 83–84),,,,,
3.5,กระบวนการกำหนด/คัดเลือกวิธีการจัดการต่อความเสี่ยงที่ระบุไว้ (Implements Risk Responses),กองบริหารความเสี่ยง,เพื่อกำหนดและคัดเลือกวิธีการจัดการความเสี่ยงที่เหมาะสมสำหรับความเสี่ยงที่ระบุไว้ โดยพิจารณาสาเหตุของความเสี่ยง ประสิทธิผลของการควบคุมเดิม ทางเลือกในการตอบสนองความเสี่ยง การวิเคราะห์ต้นทุนและผลประโยชน์ (Cost Benefit) ระดับความเสี่ยงที่ยอมรับได้ (Risk Appetite/Tolerance) และบูรณาการมาตรการกับระบบงาน/กระบวนการขององค์กร เพื่อให้ความเสี่ยงลดลงสู่ระดับเป้าหมาย,Sipoc (SE-AM) ข้อ 3.5.xlsx,1. As-is  และ To-be Process,3.5-C10,C,กบค.ส่วนงาน /หน่วยงาน หรือเจ้าของปัจจัยเสี่ยง (Risk owner),90,94,กล่องข้อความ คอลัมน์ G (แถว 90–94),,,,,
3.5,กระบวนการกำหนด/คัดเลือกวิธีการจัดการต่อความเสี่ยงที่ระบุไว้ (Implements Risk Responses),กองบริหารความเสี่ยง,เพื่อกำหนดและคัดเลือกวิธีการจัดการความเสี่ยงที่เหมาะสมสำหรับความเสี่ยงที่ระบุไว้ โดยพิจารณาสาเหตุของความเสี่ยง ประสิทธิผลของการควบคุมเดิม ทางเลือกในการตอบสนองความเสี่ยง การวิเคราะห์ต้นทุนและผลประโยชน์ (Cost Benefit) ระดับความเสี่ยงที่ยอมรับได้ (Risk Appetite/Tolerance) และบูรณาการมาตรการกับระบบงาน/กระบวนการขององค์กร เพื่อให้ความเสี่ยงลดลงสู่ระดับเป้าหมาย,Sipoc (SE-AM) ข้อ 3.5.xlsx,1. As-is  และ To-be Process,3.5-C11,C,กบค.ส่วนงาน /หน่วยงาน หรือเจ้าของปัจจัยเสี่ยง (Risk owner),99,104,กล่องข้อความ คอลัมน์ G (แถว 99–104),,,,,
4.1,กระบวนการทบทวนและปรับปรุงผลการบริหารความเสี่ยงปัจจัยเสี่ยงระดับองค์กร,กองบริหารความเสี่ยง,เพื่อดำเนินการทบทวนและปรับปรุงกระบวนการบริหารความเสี่ยงและควบคุมภายในอย่างสม่ำเสมอ ตามสภาพแวดล้อมที่เปลี่ยนแปลงไป,Sipoc (SE-AM ข้อ 4.1).xlsx,1. As-is และTo-be Proces,4.1-S01,S,กบค.,12,13,กล่องข้อความ คอลัมน์ C (แถว 12–13),,,,,
4.1,กระบวนการทบทวนและปรับปรุงผลการบริหารความเสี่ยงปัจจัยเสี่ยงระดับองค์กร,กองบริหารความเสี่ยง,เพื่อดำเนินการทบทวนและปรับปรุงกระบวนการบริหารความเสี่ยงและควบคุมภายในอย่างสม่ำเสมอ ตามสภาพแวดล้อมที่เปลี่ยนแปลงไป,Sipoc (SE-AM ข้อ 4.1).xlsx,1. As-is และTo-be Proces,4.1-S02,S,กบค.,30,32,กล่องข้อความ คอลัมน์ C (แถว 30–32),,,,,
4.1,กระบวนการทบทวนและปรับปรุงผลการบริหารความเสี่ยงปัจจัยเสี่ยงระดับองค์กร,กองบริหารความเสี่ยง,เพื่อดำเนินการทบทวนและปรับปรุงกระบวนการบริหารความเสี่ยงและควบคุมภายในอย่างสม่ำเสมอ ตามสภาพแวดล้อมที่เปลี่ยนแปลงไป,Sipoc (SE-AM ข้อ 4.1).xlsx,1. As-is และTo-be Proces,4.1-S03,S,กบค.,37,38,กล่องข้อความ คอลัมน์ C (แถว 37–38),,,,,
4.1,กระบวนการทบทวนและปรับปรุงผลการบริหารความเสี่ยงปัจจัยเสี่ยงระดับองค์กร,กองบริหารความเสี่ยง,เพื่อดำเนินการทบทวนและปรับปรุงกระบวนการบริหารความเสี่ยงและควบคุมภายในอย่างสม่ำเสมอ ตามสภาพแวดล้อมที่เปลี่ยนแปลงไป,Sipoc (SE-AM ข้อ 4.1).xlsx,1. As-is และTo-be Proces,4.1-S04,S,กบค.,55,57,กล่องข้อความ คอลัมน์ C (แถว 55–57),,,,,
4.1,กระบวนการทบทวนและปรับปรุงผลการบริหารความเสี่ยงปัจจัยเสี่ยงระดับองค์กร,กองบริหารความเสี่ยง,เพื่อดำเนินการทบทวนและปรับปรุงกระบวนการบริหารความเสี่ยงและควบคุมภายในอย่างสม่ำเสมอ ตามสภาพแวดล้อมที่เปลี่ยนแปลงไป,Sipoc (SE-AM ข้อ 4.1).xlsx,1. As-is และTo-be Proces,4.1-S05,S,กบค.,66,67,กล่องข้อความ คอลัมน์ C (แถว 66–67),,,,,
4.1,กระบวนการทบทวนและปรับปรุงผลการบริหารความเสี่ยงปัจจัยเสี่ยงระดับองค์กร,กองบริหารความเสี่ยง,เพื่อดำเนินการทบทวนและปรับปรุงกระบวนการบริหารความเสี่ยงและควบคุมภายในอย่างสม่ำเสมอ ตามสภาพแวดล้อมที่เปลี่ยนแปลงไป,Sipoc (SE-AM ข้อ 4.1).xlsx,1. As-is และTo-be Proces,4.1-S06,S,กบค.,79,80,กล่องข้อความ คอลัมน์ C (แถว 79–80),,,,,
4.1,กระบวนการทบทวนและปรับปรุงผลการบริหารความเสี่ยงปัจจัยเสี่ยงระดับองค์กร,กองบริหารความเสี่ยง,เพื่อดำเนินการทบทวนและปรับปรุงกระบวนการบริหารความเสี่ยงและควบคุมภายในอย่างสม่ำเสมอ ตามสภาพแวดล้อมที่เปลี่ยนแปลงไป,Sipoc (SE-AM ข้อ 4.1).xlsx,1. As-is และTo-be Proces,4.1-I01,I,"- ผลการบริหารความเสี่ยงและควบคุมภายใน
- ปัจจัยเสี่ยงระดับองค์กรและระดับสายงานระดับส่วนงาน
- คู่มือบริหารความเสี่ยงและควบคุมภายใน
- รายงานการประชุม
- ปัจจัยเสี่ยงที่ต้องนำมาบริหารความเสี่ยง",11,23,กล่องข้อความ คอลัมน์ D (แถว 11–23),,,,,
4.1,กระบวนการทบทวนและปรับปรุงผลการบริหารความเสี่ยงปัจจัยเสี่ยงระดับองค์กร,กองบริหารความเสี่ยง,เพื่อดำเนินการทบทวนและปรับปรุงกระบวนการบริหารความเสี่ยงและควบคุมภายในอย่างสม่ำเสมอ ตามสภาพแวดล้อมที่เปลี่ยนแปลงไป,Sipoc (SE-AM ข้อ 4.1).xlsx,1. As-is และTo-be Proces,4.1-I02,I,"ผลการบริหารความเสี่ยง
ของปัจจัยเสี่ยงที่ต้องดำเนินการปรับปรุงหรือทบทวนฯ",30,35,กล่องข้อความ คอลัมน์ D (แถว 30–35),,,,,
4.1,กระบวนการทบทวนและปรับปรุงผลการบริหารความเสี่ยงปัจจัยเสี่ยงระดับองค์กร,กองบริหารความเสี่ยง,เพื่อดำเนินการทบทวนและปรับปรุงกระบวนการบริหารความเสี่ยงและควบคุมภายในอย่างสม่ำเสมอ ตามสภาพแวดล้อมที่เปลี่ยนแปลงไป,Sipoc (SE-AM ข้อ 4.1).xlsx,1. As-is และTo-be Proces,4.1-I03,I,กระบวนการและผลการดำเนินงานของปัจจัยเสี่ยงด้านการบริหารความเสี่ยงและควบคุมภายใน,37,42,กล่องข้อความ คอลัมน์ D (แถว 37–42),,,,,
4.1,กระบวนการทบทวนและปรับปรุงผลการบริหารความเสี่ยงปัจจัยเสี่ยงระดับองค์กร,กองบริหารความเสี่ยง,เพื่อดำเนินการทบทวนและปรับปรุงกระบวนการบริหารความเสี่ยงและควบคุมภายในอย่างสม่ำเสมอ ตามสภาพแวดล้อมที่เปลี่ยนแปลงไป,Sipoc (SE-AM ข้อ 4.1).xlsx,1. As-is และTo-be Proces,4.1-I04,I,ผลลัพธ์ในกิจกรรมที่ 3,55,59,กล่องข้อความ คอลัมน์ D (แถว 55–59),,,,,
4.1,กระบวนการทบทวนและปรับปรุงผลการบริหารความเสี่ยงปัจจัยเสี่ยงระดับองค์กร,กองบริหารความเสี่ยง,เพื่อดำเนินการทบทวนและปรับปรุงกระบวนการบริหารความเสี่ยงและควบคุมภายในอย่างสม่ำเสมอ ตามสภาพแวดล้อมที่เปลี่ยนแปลงไป,Sipoc (SE-AM ข้อ 4.1).xlsx,1. As-is และTo-be Proces,4.1-I05,I,วาระการประชุมคณะทำงานบริหารความเสี่ยงและควบคุมภายในของ กยท. (RIC) วาระเพื่อพิจารณา เรื่อง ทบทวนแผนบริหารความเสี่ยง ปัจจัยเสี่ยงระดับองค์กร ตามสภาพแวดล้อมที่เปลี่ยนแปลงไป,63,71,กล่องข้อความ คอลัมน์ D (แถว 63–71),,,,,
4.1,กระบวนการทบทวนและปรับปรุงผลการบริหารความเสี่ยงปัจจัยเสี่ยงระดับองค์กร,กองบริหารความเสี่ยง,เพื่อดำเนินการทบทวนและปรับปรุงกระบวนการบริหารความเสี่ยงและควบคุมภายในอย่างสม่ำเสมอ ตามสภาพแวดล้อมที่เปลี่ยนแปลงไป,Sipoc (SE-AM ข้อ 4.1).xlsx,1. As-is และTo-be Proces,4.1-I06,I,วาระการประชุมคณะอนุกรรมการบริหารความเสี่ยงและควบคุมภายในของ กยท. (RMC) วาระเพื่อทราบ เรื่อง ทบทวนแผนบริหารความเสี่ยง ปัจจัยเสี่ยงระดับองค์กรตามสภาพแวดล้อมที่เปลี่ยนแปลงไป,76,84,กล่องข้อความ คอลัมน์ D (แถว 76–84),,,,,
4.1,กระบวนการทบทวนและปรับปรุงผลการบริหารความเสี่ยงปัจจัยเสี่ยงระดับองค์กร,กองบริหารความเสี่ยง,เพื่อดำเนินการทบทวนและปรับปรุงกระบวนการบริหารความเสี่ยงและควบคุมภายในอย่างสม่ำเสมอ ตามสภาพแวดล้อมที่เปลี่ยนแปลงไป,Sipoc (SE-AM ข้อ 4.1).xlsx,1. As-is และTo-be Proces,4.1-P01,P,1. ติดตามผลการดำเนินงานด้านการบริหารความเสี่ยงปัจจัยเสี่ยงระดับองค์กร,11,14,กล่องข้อความ คอลัมน์ E (แถว 11–14),ติดตามผลภายใน 5 วันหลังการรายงานผล,"รายงานผลการบริหารความเสี่ยง
ไตรมาสละ 1 ฉบับ",ติดตามการรายงานผลการดำเนินงานภายในระยะเวลาที่กำหนด,,
4.1,กระบวนการทบทวนและปรับปรุงผลการบริหารความเสี่ยงปัจจัยเสี่ยงระดับองค์กร,กองบริหารความเสี่ยง,เพื่อดำเนินการทบทวนและปรับปรุงกระบวนการบริหารความเสี่ยงและควบคุมภายในอย่างสม่ำเสมอ ตามสภาพแวดล้อมที่เปลี่ยนแปลงไป,Sipoc (SE-AM ข้อ 4.1).xlsx,1. As-is และTo-be Proces,4.1-P02,P,2. หารือร่วมกันกับเจ้าของปัจจัยเสี่ยง (Risk owner),30,33,กล่องข้อความ คอลัมน์ E (แถว 30–33),ทบทวนอย่างน้อย 1 ครั้งภายในปีงบประมาณ,แผนจัดการความเสี่ยงที่มีการปรับปรุง 1 ฉบับ,ความมีส่วนร่วมของ Risk Owner ในการให้ข้อมูลและแสดงความคิดเห็น,,
4.1,กระบวนการทบทวนและปรับปรุงผลการบริหารความเสี่ยงปัจจัยเสี่ยงระดับองค์กร,กองบริหารความเสี่ยง,เพื่อดำเนินการทบทวนและปรับปรุงกระบวนการบริหารความเสี่ยงและควบคุมภายในอย่างสม่ำเสมอ ตามสภาพแวดล้อมที่เปลี่ยนแปลงไป,Sipoc (SE-AM ข้อ 4.1).xlsx,1. As-is และTo-be Proces,4.1-P03,P,3. ทบทวนแผนการบริหารความเสี่ยง ปัจจัยเสี่ยงระดับองค์กร ตามสภาพแวดล้อมที่เปลี่ยนแปลงไป,37,40,กล่องข้อความ คอลัมน์ E (แถว 37–40),ทบทวนอย่างน้อย 1 ครั้งภายในปีงบประมาณ,ร่างแผนจัดการความเสี่ยงที่มีการปรับปรุง 1 ฉบับ,แผนจัดการความเสี่ยงที่ได้รับการทบทวน/ปรับปรุง ตามระยะเวลาที่กำหนด,,
4.1,กระบวนการทบทวนและปรับปรุงผลการบริหารความเสี่ยงปัจจัยเสี่ยงระดับองค์กร,กองบริหารความเสี่ยง,เพื่อดำเนินการทบทวนและปรับปรุงกระบวนการบริหารความเสี่ยงและควบคุมภายในอย่างสม่ำเสมอ ตามสภาพแวดล้อมที่เปลี่ยนแปลงไป,Sipoc (SE-AM ข้อ 4.1).xlsx,1. As-is และTo-be Proces,4.1-P04,P,"4. จัดทำวาระการประชุม เรื่อง การทบทวนแผนบริหารความเสี่ยง ปัจจัยเสี่ยงระดับองค์กร
ตามสภาพแวดล้อมที่เปลี่ยนแปลงไป เพื่อเสนอ",55,59,กล่องข้อความ คอลัมน์ E (แถว 55–59),จัดทำวาระฯ ก่อนการประชุม 5 วัน,วาระ เรื่อง ทบทวนแผนฯ 1 ฉบับ,เอกสารวาระฯมีข้อมูลที่ถูกต้อง ครบถ้วน ตามระยะเวลาที่กำหนด,,
4.1,กระบวนการทบทวนและปรับปรุงผลการบริหารความเสี่ยงปัจจัยเสี่ยงระดับองค์กร,กองบริหารความเสี่ยง,เพื่อดำเนินการทบทวนและปรับปรุงกระบวนการบริหารความเสี่ยงและควบคุมภายในอย่างสม่ำเสมอ ตามสภาพแวดล้อมที่เปลี่ยนแปลงไป,Sipoc (SE-AM ข้อ 4.1).xlsx,1. As-is และTo-be Proces,4.1-P05,P,"5. เสนอคณะทำงานบริหารความเสี่ยงและควบคุมภายในของ กยท. (RIC) พิจารณาการทบทวนแผนบริหารความเสี่ยงปัจจัยเสี่ยงระดับองค์กร
ตามสภาพแวดล้อมที่เปลี่ยนแปลงไป",61,72,กล่องข้อความ คอลัมน์ E (แถว 61–72),จัดทำรายงานการประชุมฯ ภายใน 7 วันหลังการประชุม,"รายงานการประชุม RIC
1 ฉบับ",รายงานการประชุม ถูกต้อง ครบถ้วน ตามมติที่ประชุมคณะทำงานฯ RIC ตามระยะเวลาที่กำหนด,,
4.1,กระบวนการทบทวนและปรับปรุงผลการบริหารความเสี่ยงปัจจัยเสี่ยงระดับองค์กร,กองบริหารความเสี่ยง,เพื่อดำเนินการทบทวนและปรับปรุงกระบวนการบริหารความเสี่ยงและควบคุมภายในอย่างสม่ำเสมอ ตามสภาพแวดล้อมที่เปลี่ยนแปลงไป,Sipoc (SE-AM ข้อ 4.1).xlsx,1. As-is และTo-be Proces,4.1-P06,P,"6. เสนอคณะอนุกรรมการบริหารความเสี่ยงและควบคุมภายในของ กยท. (RMC) พิจารณาการทบทวนแผนบริหารความเสี่ยง ปัจจัยเสี่ยงระดับองค์กร
ตามสภาพแวดล้อมที่เปลี่ยนแปลงไป",74,86,กล่องข้อความ คอลัมน์ E (แถว 74–86),จัดทำรายงานการประชุมฯ ภายใน 7 วันหลังการประชุม,รายงานการประชุม RMC 1 ฉบับ,รายงานการประชุม ถูกต้อง ครบถ้วน ตามมติที่ประชุมคณะทำงานฯ RMC ตามระยะเวลาที่กำหนด,,
4.1,กระบวนการทบทวนและปรับปรุงผลการบริหารความเสี่ยงปัจจัยเสี่ยงระดับองค์กร,กองบริหารความเสี่ยง,เพื่อดำเนินการทบทวนและปรับปรุงกระบวนการบริหารความเสี่ยงและควบคุมภายในอย่างสม่ำเสมอ ตามสภาพแวดล้อมที่เปลี่ยนแปลงไป,Sipoc (SE-AM ข้อ 4.1).xlsx,1. As-is และTo-be Proces,4.1-O01,O,"ผลการบริหารความเสี่ยง
(ปัจจัยเสี่ยงที่ต้อง/ไม่ต้องดำเนินการปรับปรุงหรือทบทวนฯ)",11,17,กล่องข้อความ คอลัมน์ F (แถว 11–17),,,,,
4.1,กระบวนการทบทวนและปรับปรุงผลการบริหารความเสี่ยงปัจจัยเสี่ยงระดับองค์กร,กองบริหารความเสี่ยง,เพื่อดำเนินการทบทวนและปรับปรุงกระบวนการบริหารความเสี่ยงและควบคุมภายในอย่างสม่ำเสมอ ตามสภาพแวดล้อมที่เปลี่ยนแปลงไป,Sipoc (SE-AM ข้อ 4.1).xlsx,1. As-is และTo-be Proces,4.1-O02,O,แผนจัดการความเสี่ยงที่ปรับปรุง/ทบทวน,30,33,กล่องข้อความ คอลัมน์ F (แถว 30–33),,,,,
4.1,กระบวนการทบทวนและปรับปรุงผลการบริหารความเสี่ยงปัจจัยเสี่ยงระดับองค์กร,กองบริหารความเสี่ยง,เพื่อดำเนินการทบทวนและปรับปรุงกระบวนการบริหารความเสี่ยงและควบคุมภายในอย่างสม่ำเสมอ ตามสภาพแวดล้อมที่เปลี่ยนแปลงไป,Sipoc (SE-AM ข้อ 4.1).xlsx,1. As-is และTo-be Proces,4.1-O03,O,แผนจัดการความเสี่ยงที่ปรับปรุง/ทบทวน,37,40,กล่องข้อความ คอลัมน์ F (แถว 37–40),,,,,
4.1,กระบวนการทบทวนและปรับปรุงผลการบริหารความเสี่ยงปัจจัยเสี่ยงระดับองค์กร,กองบริหารความเสี่ยง,เพื่อดำเนินการทบทวนและปรับปรุงกระบวนการบริหารความเสี่ยงและควบคุมภายในอย่างสม่ำเสมอ ตามสภาพแวดล้อมที่เปลี่ยนแปลงไป,Sipoc (SE-AM ข้อ 4.1).xlsx,1. As-is และTo-be Proces,4.1-O04,O,วาระทบทวนแผนบริหารความเสี่ยง,55,59,กล่องข้อความ คอลัมน์ F (แถว 55–59),,,,,
4.1,กระบวนการทบทวนและปรับปรุงผลการบริหารความเสี่ยงปัจจัยเสี่ยงระดับองค์กร,กองบริหารความเสี่ยง,เพื่อดำเนินการทบทวนและปรับปรุงกระบวนการบริหารความเสี่ยงและควบคุมภายในอย่างสม่ำเสมอ ตามสภาพแวดล้อมที่เปลี่ยนแปลงไป,Sipoc (SE-AM ข้อ 4.1).xlsx,1. As-is และTo-be Proces,4.1-O05,O,มติที่ประชุม/ข้อเสนอแนะจากคณะทำงานฯ RIC พิจารณาการทบทวนแผนบริหารความเสี่ยง ตามสภาพแวดล้อมที่เปลี่ยนแปลงไป,63,72,กล่องข้อความ คอลัมน์ F (แถว 63–72),,,,,
4.1,กระบวนการทบทวนและปรับปรุงผลการบริหารความเสี่ยงปัจจัยเสี่ยงระดับองค์กร,กองบริหารความเสี่ยง,เพื่อดำเนินการทบทวนและปรับปรุงกระบวนการบริหารความเสี่ยงและควบคุมภายในอย่างสม่ำเสมอ ตามสภาพแวดล้อมที่เปลี่ยนแปลงไป,Sipoc (SE-AM ข้อ 4.1).xlsx,1. As-is และTo-be Proces,4.1-O06,O,มติที่ประชุม/ข้อเสนอแนะจากคณะอนุกรรมการฯ RMC พิจารณาการทบทวนแผนบริหารความเสี่ยง ตามสภาพแวดล้อมที่เปลี่ยนแปลงไป,76,85,กล่องข้อความ คอลัมน์ F (แถว 76–85),,,,,
4.1,กระบวนการทบทวนและปรับปรุงผลการบริหารความเสี่ยงปัจจัยเสี่ยงระดับองค์กร,กองบริหารความเสี่ยง,เพื่อดำเนินการทบทวนและปรับปรุงกระบวนการบริหารความเสี่ยงและควบคุมภายในอย่างสม่ำเสมอ ตามสภาพแวดล้อมที่เปลี่ยนแปลงไป,Sipoc (SE-AM ข้อ 4.1).xlsx,1. As-is และTo-be Proces,4.1-C01,C,กบค.,12,14,กล่องข้อความ คอลัมน์ G (แถว 12–14),,,,,
4.1,กระบวนการทบทวนและปรับปรุงผลการบริหารความเสี่ยงปัจจัยเสี่ยงระดับองค์กร,กองบริหารความเสี่ยง,เพื่อดำเนินการทบทวนและปรับปรุงกระบวนการบริหารความเสี่ยงและควบคุมภายในอย่างสม่ำเสมอ ตามสภาพแวดล้อมที่เปลี่ยนแปลงไป,Sipoc (SE-AM ข้อ 4.1).xlsx,1. As-is และTo-be Proces,4.1-C02,C,กบค.ส่วนงาน/หน่วยงาน หรือเจ้าของปัจจัยเสี่ยง (Risk owner),29,35,กล่องข้อความ คอลัมน์ G (แถว 29–35),,,,,
4.1,กระบวนการทบทวนและปรับปรุงผลการบริหารความเสี่ยงปัจจัยเสี่ยงระดับองค์กร,กองบริหารความเสี่ยง,เพื่อดำเนินการทบทวนและปรับปรุงกระบวนการบริหารความเสี่ยงและควบคุมภายในอย่างสม่ำเสมอ ตามสภาพแวดล้อมที่เปลี่ยนแปลงไป,Sipoc (SE-AM ข้อ 4.1).xlsx,1. As-is และTo-be Proces,4.1-C03,C,กบค.ส่วนงาน/หน่วยงาน หรือเจ้าของปัจจัยเสี่ยง (Risk owner),37,41,กล่องข้อความ คอลัมน์ G (แถว 37–41),,,,,
4.1,กระบวนการทบทวนและปรับปรุงผลการบริหารความเสี่ยงปัจจัยเสี่ยงระดับองค์กร,กองบริหารความเสี่ยง,เพื่อดำเนินการทบทวนและปรับปรุงกระบวนการบริหารความเสี่ยงและควบคุมภายในอย่างสม่ำเสมอ ตามสภาพแวดล้อมที่เปลี่ยนแปลงไป,Sipoc (SE-AM ข้อ 4.1).xlsx,1. As-is และTo-be Proces,4.1-C04,C,กบค.,55,57,กล่องข้อความ คอลัมน์ G (แถว 55–57),,,,,
4.1,กระบวนการทบทวนและปรับปรุงผลการบริหารความเสี่ยงปัจจัยเสี่ยงระดับองค์กร,กองบริหารความเสี่ยง,เพื่อดำเนินการทบทวนและปรับปรุงกระบวนการบริหารความเสี่ยงและควบคุมภายในอย่างสม่ำเสมอ ตามสภาพแวดล้อมที่เปลี่ยนแปลงไป,Sipoc (SE-AM ข้อ 4.1).xlsx,1. As-is และTo-be Proces,4.1-C05,C,กบค.,65,67,กล่องข้อความ คอลัมน์ G (แถว 65–67),,,,,
4.1,กระบวนการทบทวนและปรับปรุงผลการบริหารความเสี่ยงปัจจัยเสี่ยงระดับองค์กร,กองบริหารความเสี่ยง,เพื่อดำเนินการทบทวนและปรับปรุงกระบวนการบริหารความเสี่ยงและควบคุมภายในอย่างสม่ำเสมอ ตามสภาพแวดล้อมที่เปลี่ยนแปลงไป,Sipoc (SE-AM ข้อ 4.1).xlsx,1. As-is และTo-be Proces,4.1-C06,C,กบค.,79,81,กล่องข้อความ คอลัมน์ G (แถว 79–81),,,,,
4.2,การกำหนดแนวทางในการปรับปรุงกระบวนการบริหารความเสี่ยง,กองบริหารความเสี่ยง,เพื่อเพิ่มประสิทธิภาพและประสิทธิผลของกระบวนการกำหนดแนวทางเพื่อลดขั้นตอนที่ไม่จำเป็น ทำให้กระบวนการบริหารความเสี่ยงมีความกระชับ รวดเร็ว,Sipoc (SE-AM ข้อ 4.2).xlsx,1. As-is  และ To-be Process,4.2-S01,S,กบค.,12,13,กล่องข้อความ คอลัมน์ C (แถว 12–13),,,,,
4.2,การกำหนดแนวทางในการปรับปรุงกระบวนการบริหารความเสี่ยง,กองบริหารความเสี่ยง,เพื่อเพิ่มประสิทธิภาพและประสิทธิผลของกระบวนการกำหนดแนวทางเพื่อลดขั้นตอนที่ไม่จำเป็น ทำให้กระบวนการบริหารความเสี่ยงมีความกระชับ รวดเร็ว,Sipoc (SE-AM ข้อ 4.2).xlsx,1. As-is  และ To-be Process,4.2-S02,S,กบค.,30,32,กล่องข้อความ คอลัมน์ C (แถว 30–32),,,,,
4.2,การกำหนดแนวทางในการปรับปรุงกระบวนการบริหารความเสี่ยง,กองบริหารความเสี่ยง,เพื่อเพิ่มประสิทธิภาพและประสิทธิผลของกระบวนการกำหนดแนวทางเพื่อลดขั้นตอนที่ไม่จำเป็น ทำให้กระบวนการบริหารความเสี่ยงมีความกระชับ รวดเร็ว,Sipoc (SE-AM ข้อ 4.2).xlsx,1. As-is  และ To-be Process,4.2-S03,S,กบค.,37,39,กล่องข้อความ คอลัมน์ C (แถว 37–39),,,,,
4.2,การกำหนดแนวทางในการปรับปรุงกระบวนการบริหารความเสี่ยง,กองบริหารความเสี่ยง,เพื่อเพิ่มประสิทธิภาพและประสิทธิผลของกระบวนการกำหนดแนวทางเพื่อลดขั้นตอนที่ไม่จำเป็น ทำให้กระบวนการบริหารความเสี่ยงมีความกระชับ รวดเร็ว,Sipoc (SE-AM ข้อ 4.2).xlsx,1. As-is  และ To-be Process,4.2-S04,S,กบค.,56,56,กล่องข้อความ คอลัมน์ C (แถว 56),,,,,
4.2,การกำหนดแนวทางในการปรับปรุงกระบวนการบริหารความเสี่ยง,กองบริหารความเสี่ยง,เพื่อเพิ่มประสิทธิภาพและประสิทธิผลของกระบวนการกำหนดแนวทางเพื่อลดขั้นตอนที่ไม่จำเป็น ทำให้กระบวนการบริหารความเสี่ยงมีความกระชับ รวดเร็ว,Sipoc (SE-AM ข้อ 4.2).xlsx,1. As-is  และ To-be Process,4.2-S05,S,กบค.,59,60,กล่องข้อความ คอลัมน์ C (แถว 59–60),,,,,
4.2,การกำหนดแนวทางในการปรับปรุงกระบวนการบริหารความเสี่ยง,กองบริหารความเสี่ยง,เพื่อเพิ่มประสิทธิภาพและประสิทธิผลของกระบวนการกำหนดแนวทางเพื่อลดขั้นตอนที่ไม่จำเป็น ทำให้กระบวนการบริหารความเสี่ยงมีความกระชับ รวดเร็ว,Sipoc (SE-AM ข้อ 4.2).xlsx,1. As-is  และ To-be Process,4.2-S06,S,กบค.,72,73,กล่องข้อความ คอลัมน์ C (แถว 72–73),,,,,
4.2,การกำหนดแนวทางในการปรับปรุงกระบวนการบริหารความเสี่ยง,กองบริหารความเสี่ยง,เพื่อเพิ่มประสิทธิภาพและประสิทธิผลของกระบวนการกำหนดแนวทางเพื่อลดขั้นตอนที่ไม่จำเป็น ทำให้กระบวนการบริหารความเสี่ยงมีความกระชับ รวดเร็ว,Sipoc (SE-AM ข้อ 4.2).xlsx,1. As-is  และ To-be Process,4.2-S07,S,กบค.,87,88,กล่องข้อความ คอลัมน์ C (แถว 87–88),,,,,
4.2,การกำหนดแนวทางในการปรับปรุงกระบวนการบริหารความเสี่ยง,กองบริหารความเสี่ยง,เพื่อเพิ่มประสิทธิภาพและประสิทธิผลของกระบวนการกำหนดแนวทางเพื่อลดขั้นตอนที่ไม่จำเป็น ทำให้กระบวนการบริหารความเสี่ยงมีความกระชับ รวดเร็ว,Sipoc (SE-AM ข้อ 4.2).xlsx,1. As-is  และ To-be Process,4.2-S08,S,กบค.,114,116,กล่องข้อความ คอลัมน์ C (แถว 114–116),,,,,
4.2,การกำหนดแนวทางในการปรับปรุงกระบวนการบริหารความเสี่ยง,กองบริหารความเสี่ยง,เพื่อเพิ่มประสิทธิภาพและประสิทธิผลของกระบวนการกำหนดแนวทางเพื่อลดขั้นตอนที่ไม่จำเป็น ทำให้กระบวนการบริหารความเสี่ยงมีความกระชับ รวดเร็ว,Sipoc (SE-AM ข้อ 4.2).xlsx,1. As-is  และ To-be Process,4.2-I01,I,"- คู่มือบริหารความเสี่ยงและควบคุมภายใน
- ผลการดำเนินงาน Core Business Enablers จาก สคร. (feedback paper )
- รายงานการประชุม - หลักเกณฑ์ แนวปฏิบัติและคู่มือปฏิบัติเกี่ยวกับการบริหารความเสี่ยงฯ (สคร.) ปี2568- แบบสำรวจต่างๆ เกี่ยวกับการบริหารความเสี่ยงฯ- การประเมินประสิทธิผลการบริหารความเสี่ยงฯ",12,28,กล่องข้อความ คอลัมน์ D (แถว 12–28),,,,,
4.2,การกำหนดแนวทางในการปรับปรุงกระบวนการบริหารความเสี่ยง,กองบริหารความเสี่ยง,เพื่อเพิ่มประสิทธิภาพและประสิทธิผลของกระบวนการกำหนดแนวทางเพื่อลดขั้นตอนที่ไม่จำเป็น ทำให้กระบวนการบริหารความเสี่ยงมีความกระชับ รวดเร็ว,Sipoc (SE-AM ข้อ 4.2).xlsx,1. As-is  และ To-be Process,4.2-I02,I,ผลลัพธ์ในกิจกรรมที่ 1,30,33,กล่องข้อความ คอลัมน์ D (แถว 30–33),,,,,
4.2,การกำหนดแนวทางในการปรับปรุงกระบวนการบริหารความเสี่ยง,กองบริหารความเสี่ยง,เพื่อเพิ่มประสิทธิภาพและประสิทธิผลของกระบวนการกำหนดแนวทางเพื่อลดขั้นตอนที่ไม่จำเป็น ทำให้กระบวนการบริหารความเสี่ยงมีความกระชับ รวดเร็ว,Sipoc (SE-AM ข้อ 4.2).xlsx,1. As-is  และ To-be Process,4.2-I03,I,ผลลัพธ์ในกิจกรรมที่ 2,37,40,กล่องข้อความ คอลัมน์ D (แถว 37–40),,,,,
4.2,การกำหนดแนวทางในการปรับปรุงกระบวนการบริหารความเสี่ยง,กองบริหารความเสี่ยง,เพื่อเพิ่มประสิทธิภาพและประสิทธิผลของกระบวนการกำหนดแนวทางเพื่อลดขั้นตอนที่ไม่จำเป็น ทำให้กระบวนการบริหารความเสี่ยงมีความกระชับ รวดเร็ว,Sipoc (SE-AM ข้อ 4.2).xlsx,1. As-is  และ To-be Process,4.2-I04,I,ผลลัพธ์ในกิจกรรมที่ 3,56,57,กล่องข้อความ คอลัมน์ D (แถว 56–57),,,,,
4.2,การกำหนดแนวทางในการปรับปรุงกระบวนการบริหารความเสี่ยง,กองบริหารความเสี่ยง,เพื่อเพิ่มประสิทธิภาพและประสิทธิผลของกระบวนการกำหนดแนวทางเพื่อลดขั้นตอนที่ไม่จำเป็น ทำให้กระบวนการบริหารความเสี่ยงมีความกระชับ รวดเร็ว,Sipoc (SE-AM ข้อ 4.2).xlsx,1. As-is  และ To-be Process,4.2-I05,I,ผลลัพธ์ในกิจกรรมที่ 4,59,63,กล่องข้อความ คอลัมน์ D (แถว 59–63),,,,,
4.2,การกำหนดแนวทางในการปรับปรุงกระบวนการบริหารความเสี่ยง,กองบริหารความเสี่ยง,เพื่อเพิ่มประสิทธิภาพและประสิทธิผลของกระบวนการกำหนดแนวทางเพื่อลดขั้นตอนที่ไม่จำเป็น ทำให้กระบวนการบริหารความเสี่ยงมีความกระชับ รวดเร็ว,Sipoc (SE-AM ข้อ 4.2).xlsx,1. As-is  และ To-be Process,4.2-I06,I,ผลลัพธ์ในกิจกรรมที่ 5,72,77,กล่องข้อความ คอลัมน์ D (แถว 72–77),,,,,
4.2,การกำหนดแนวทางในการปรับปรุงกระบวนการบริหารความเสี่ยง,กองบริหารความเสี่ยง,เพื่อเพิ่มประสิทธิภาพและประสิทธิผลของกระบวนการกำหนดแนวทางเพื่อลดขั้นตอนที่ไม่จำเป็น ทำให้กระบวนการบริหารความเสี่ยงมีความกระชับ รวดเร็ว,Sipoc (SE-AM ข้อ 4.2).xlsx,1. As-is  และ To-be Process,4.2-I07,I,ผลลัพธ์ในกิจกรรมที่ 6,87,91,กล่องข้อความ คอลัมน์ D (แถว 87–91),,,,,
4.2,การกำหนดแนวทางในการปรับปรุงกระบวนการบริหารความเสี่ยง,กองบริหารความเสี่ยง,เพื่อเพิ่มประสิทธิภาพและประสิทธิผลของกระบวนการกำหนดแนวทางเพื่อลดขั้นตอนที่ไม่จำเป็น ทำให้กระบวนการบริหารความเสี่ยงมีความกระชับ รวดเร็ว,Sipoc (SE-AM ข้อ 4.2).xlsx,1. As-is  และ To-be Process,4.2-I08,I,- ผลลัพธ์ในกิจกรรมที่ 4- ผลลัพธ์ในกิจกรรมที่ 6- ผลลัพธ์ในกิจกรรมที่ 7,98,102,กล่องข้อความ คอลัมน์ D (แถว 98–102),,,,,
4.2,การกำหนดแนวทางในการปรับปรุงกระบวนการบริหารความเสี่ยง,กองบริหารความเสี่ยง,เพื่อเพิ่มประสิทธิภาพและประสิทธิผลของกระบวนการกำหนดแนวทางเพื่อลดขั้นตอนที่ไม่จำเป็น ทำให้กระบวนการบริหารความเสี่ยงมีความกระชับ รวดเร็ว,Sipoc (SE-AM ข้อ 4.2).xlsx,1. As-is  และ To-be Process,4.2-I09,I,ผลลัพธ์ในกิจกรรมที่ 8,105,108,กล่องข้อความ คอลัมน์ D (แถว 105–108),,,,,
4.2,การกำหนดแนวทางในการปรับปรุงกระบวนการบริหารความเสี่ยง,กองบริหารความเสี่ยง,เพื่อเพิ่มประสิทธิภาพและประสิทธิผลของกระบวนการกำหนดแนวทางเพื่อลดขั้นตอนที่ไม่จำเป็น ทำให้กระบวนการบริหารความเสี่ยงมีความกระชับ รวดเร็ว,Sipoc (SE-AM ข้อ 4.2).xlsx,1. As-is  และ To-be Process,4.2-I10,I,- คู่มือการบริหารความเสี่ยงและควบคุมภายใน- คู่มือกระบวนการดำเนินงานด้านการบริหารความเสี่ยงและควบคุมภายใน,114,122,กล่องข้อความ คอลัมน์ D (แถว 114–122),,,,,
4.2,การกำหนดแนวทางในการปรับปรุงกระบวนการบริหารความเสี่ยง,กองบริหารความเสี่ยง,เพื่อเพิ่มประสิทธิภาพและประสิทธิผลของกระบวนการกำหนดแนวทางเพื่อลดขั้นตอนที่ไม่จำเป็น ทำให้กระบวนการบริหารความเสี่ยงมีความกระชับ รวดเร็ว,Sipoc (SE-AM ข้อ 4.2).xlsx,1. As-is  และ To-be Process,4.2-P01,P,1. พิจารณากระบวนการบริหารความเสี่ยง,11,16,กล่องข้อความ คอลัมน์ E (แถว 11–16),ภายในวันที่ 30 มิ.ย.,กระบวนการที่ต้องปรับปรุง 1 ฉบับ,ข้อบกพร่องที่พบจากการทบทวนกระบวนการบริหารความเสี่ยง,8,
4.2,การกำหนดแนวทางในการปรับปรุงกระบวนการบริหารความเสี่ยง,กองบริหารความเสี่ยง,เพื่อเพิ่มประสิทธิภาพและประสิทธิผลของกระบวนการกำหนดแนวทางเพื่อลดขั้นตอนที่ไม่จำเป็น ทำให้กระบวนการบริหารความเสี่ยงมีความกระชับ รวดเร็ว,Sipoc (SE-AM ข้อ 4.2).xlsx,1. As-is  และ To-be Process,4.2-P02,P,2. หาสาเหตุกระบวนการบริหารความเสี่ยงที่ต้องดำเนินการปรับปรุง,30,33,กล่องข้อความ คอลัมน์ E (แถว 30–33),ภายในวันที่ 30 มิ.ย.,แนวทางการปรับปรุง 1 ฉบับ,สามารถวิเคราะห์สาเหตุได้ภายในระยะเวลาที่กำหนด,8,
4.2,การกำหนดแนวทางในการปรับปรุงกระบวนการบริหารความเสี่ยง,กองบริหารความเสี่ยง,เพื่อเพิ่มประสิทธิภาพและประสิทธิผลของกระบวนการกำหนดแนวทางเพื่อลดขั้นตอนที่ไม่จำเป็น ทำให้กระบวนการบริหารความเสี่ยงมีความกระชับ รวดเร็ว,Sipoc (SE-AM ข้อ 4.2).xlsx,1. As-is  และ To-be Process,4.2-P03,P,3. ปรับปรุงและทบทวนกระบวนการบริหารความเสี่ยงและควบคุมภายใน,37,39,กล่องข้อความ คอลัมน์ E (แถว 37–39),ภายในวันที่ 30 มิ.ย.,ผลการปรับปรุงกระบวนการฯ 1 ฉบับ,กระบวนการที่ได้รับการทบทวนและปรับปรุงมีประสิทธิภาพมากขึ้น,8,
4.2,การกำหนดแนวทางในการปรับปรุงกระบวนการบริหารความเสี่ยง,กองบริหารความเสี่ยง,เพื่อเพิ่มประสิทธิภาพและประสิทธิผลของกระบวนการกำหนดแนวทางเพื่อลดขั้นตอนที่ไม่จำเป็น ทำให้กระบวนการบริหารความเสี่ยงมีความกระชับ รวดเร็ว,Sipoc (SE-AM ข้อ 4.2).xlsx,1. As-is  และ To-be Process,4.2-P04,P,4. จัดทำร่างคู่มือการบริหารความเสี่ยงและควบคุมภายใน,56,56,กล่องข้อความ คอลัมน์ E (แถว 56),ภายในวันที่ 30 มิ.ย.,"ร่างคู่มือฯ ฉบับทบทวน
1 เล่ม",จัดทำร่างคู่มือได้ภายในระยะเวลาที่กำหนด,8,
4.2,การกำหนดแนวทางในการปรับปรุงกระบวนการบริหารความเสี่ยง,กองบริหารความเสี่ยง,เพื่อเพิ่มประสิทธิภาพและประสิทธิผลของกระบวนการกำหนดแนวทางเพื่อลดขั้นตอนที่ไม่จำเป็น ทำให้กระบวนการบริหารความเสี่ยงมีความกระชับ รวดเร็ว,Sipoc (SE-AM ข้อ 4.2).xlsx,1. As-is  และ To-be Process,4.2-P05,P,5. จัดทำวาระ เรื่อง ทบทวนร่างคู่มือการบริหารความเสี่ยงและควบคุมภายใน เพื่อเสนอ,59,62,กล่องข้อความ คอลัมน์ E (แถว 59–62),จัดทำวาระฯ ก่อนการประชุม 5 วัน,วาระทบทวนร่างคู่มือฯ 1 ฉบับ,เอกสารวาระฯมีข้อมูลที่ถูกต้อง ครบถ้วน ตามระยะเวลาที่กำหนด,,
4.2,การกำหนดแนวทางในการปรับปรุงกระบวนการบริหารความเสี่ยง,กองบริหารความเสี่ยง,เพื่อเพิ่มประสิทธิภาพและประสิทธิผลของกระบวนการกำหนดแนวทางเพื่อลดขั้นตอนที่ไม่จำเป็น ทำให้กระบวนการบริหารความเสี่ยงมีความกระชับ รวดเร็ว,Sipoc (SE-AM ข้อ 4.2).xlsx,1. As-is  และ To-be Process,4.2-P06,P,6. เสนอคณะทำงานบริหารความเสี่ยงและควบคุมภายในของ กยท. (RIC) พิจารณาการทบทวนคู่มือการบริหารความเสี่ยงและควบคุมภายใน,67,79,กล่องข้อความ คอลัมน์ E (แถว 67–79),จัดทำรายงานการประชุมฯ ภายใน 7 วันหลังการประชุม,"รายงานการประชุม RIC
1 ฉบับ",รายงานการประชุม ถูกต้อง ครบถ้วน ตามมติที่ประชุมคณะทำงานฯ RIC ตามระยะเวลาที่กำหนด,,
4.2,การกำหนดแนวทางในการปรับปรุงกระบวนการบริหารความเสี่ยง,กองบริหารความเสี่ยง,เพื่อเพิ่มประสิทธิภาพและประสิทธิผลของกระบวนการกำหนดแนวทางเพื่อลดขั้นตอนที่ไม่จำเป็น ทำให้กระบวนการบริหารความเสี่ยงมีความกระชับ รวดเร็ว,Sipoc (SE-AM ข้อ 4.2).xlsx,1. As-is  และ To-be Process,4.2-P07,P,7. เสนอคณะอนุกรรมการบริหารความเสี่ยงและควบคุมภายในของ กยท. (RMC) พิจารณาการทบทวนคู่มือการบริหารความเสี่ยงและควบคุมภายใน,82,96,กล่องข้อความ คอลัมน์ E (แถว 82–96),จัดทำรายงานการประชุมฯ ภายใน 7 วันหลังการประชุม,รายงานการประชุม RMC 1 ฉบับ,รายงานการประชุม ถูกต้อง ครบถ้วน ตามมติที่ประชุมคณะทำงานฯ RMC ตามระยะเวลาที่กำหนด,,
4.2,การกำหนดแนวทางในการปรับปรุงกระบวนการบริหารความเสี่ยง,กองบริหารความเสี่ยง,เพื่อเพิ่มประสิทธิภาพและประสิทธิผลของกระบวนการกำหนดแนวทางเพื่อลดขั้นตอนที่ไม่จำเป็น ทำให้กระบวนการบริหารความเสี่ยงมีความกระชับ รวดเร็ว,Sipoc (SE-AM ข้อ 4.2).xlsx,1. As-is  และ To-be Process,4.2-P08,P,8. จัดทำคู่มือการบริหารความเสี่ยงและควบคุมภายใน,98,101,กล่องข้อความ คอลัมน์ E (แถว 98–101),ภายในวันที่ 30 ก.ค.,คู่มือการบริหารความเสี่ยง ฉบับทบทวน 1 เล่ม,คู่มือมีเนื้อหาครอบคลุมตามเกณฑ์ SE-AM และมาตรฐาน COSO,9,
4.2,การกำหนดแนวทางในการปรับปรุงกระบวนการบริหารความเสี่ยง,กองบริหารความเสี่ยง,เพื่อเพิ่มประสิทธิภาพและประสิทธิผลของกระบวนการกำหนดแนวทางเพื่อลดขั้นตอนที่ไม่จำเป็น ทำให้กระบวนการบริหารความเสี่ยงมีความกระชับ รวดเร็ว,Sipoc (SE-AM ข้อ 4.2).xlsx,1. As-is  และ To-be Process,4.2-P09,P,9. จัดทำหนังสือแจ้งเวียนให้ส่วนงาน/หน่วยงานรับทราบ คู่มือการบริหารความเสี่ยงและควบคุมภายใน ประจำปี 2570 และมีการเผยแพร่ทางช่องทางต่างๆ,105,109,กล่องข้อความ คอลัมน์ E (แถว 105–109),ภายในวันที่ 30 ก.ค.,หนังสือแจ้งเวียน 1 ฉบับ,ส่วนงาน/หน่วยงานใน ได้รับแจ้งเวียนและเข้าถึงคู่มือการบริหารความเสี่ยงฯ 100%,9,
4.2,การกำหนดแนวทางในการปรับปรุงกระบวนการบริหารความเสี่ยง,กองบริหารความเสี่ยง,เพื่อเพิ่มประสิทธิภาพและประสิทธิผลของกระบวนการกำหนดแนวทางเพื่อลดขั้นตอนที่ไม่จำเป็น ทำให้กระบวนการบริหารความเสี่ยงมีความกระชับ รวดเร็ว,Sipoc (SE-AM ข้อ 4.2).xlsx,1. As-is  และ To-be Process,4.2-P10,P,10. กำกับและติดตามให้กับพนักงานและลูกจ้าง ของ กยท. เข้าใจและรับทราบเกี่ยวกับความเสี่ยงและควบคุมภายใน,114,118,กล่องข้อความ คอลัมน์ E (แถว 114–118),ภายในวันที่ 30 ก.ค.,แบบสำรวจความรู้ความเข้าใจคู่มือฯ 1 ฉบับ,พนักงาน/ลูกจ้าง ของ กยท. ที่ผ่านเกณฑ์ 70 % แบบสำรวจความรู้ความเข้าใจเกี่ยวกับการบริหารความเสี่ยง,9,
4.2,การกำหนดแนวทางในการปรับปรุงกระบวนการบริหารความเสี่ยง,กองบริหารความเสี่ยง,เพื่อเพิ่มประสิทธิภาพและประสิทธิผลของกระบวนการกำหนดแนวทางเพื่อลดขั้นตอนที่ไม่จำเป็น ทำให้กระบวนการบริหารความเสี่ยงมีความกระชับ รวดเร็ว,Sipoc (SE-AM ข้อ 4.2).xlsx,1. As-is  และ To-be Process,4.2-O01,O,กระบวนการบริหารความเสี่ยงที่ต้องดำเนินการปรับปรุง,11,17,กล่องข้อความ คอลัมน์ F (แถว 11–17),,,,,
4.2,การกำหนดแนวทางในการปรับปรุงกระบวนการบริหารความเสี่ยง,กองบริหารความเสี่ยง,เพื่อเพิ่มประสิทธิภาพและประสิทธิผลของกระบวนการกำหนดแนวทางเพื่อลดขั้นตอนที่ไม่จำเป็น ทำให้กระบวนการบริหารความเสี่ยงมีความกระชับ รวดเร็ว,Sipoc (SE-AM ข้อ 4.2).xlsx,1. As-is  และ To-be Process,4.2-O02,O,แนวทางการปรับปรุงกระบวนการบริหารความเสี่ยง,29,33,กล่องข้อความ คอลัมน์ F (แถว 29–33),,,,,
4.2,การกำหนดแนวทางในการปรับปรุงกระบวนการบริหารความเสี่ยง,กองบริหารความเสี่ยง,เพื่อเพิ่มประสิทธิภาพและประสิทธิผลของกระบวนการกำหนดแนวทางเพื่อลดขั้นตอนที่ไม่จำเป็น ทำให้กระบวนการบริหารความเสี่ยงมีความกระชับ รวดเร็ว,Sipoc (SE-AM ข้อ 4.2).xlsx,1. As-is  และ To-be Process,4.2-O03,O,- ผลการปรับปรุงกระบวนการบริหารความเสี่ยง - คู่มือบริหารความเสี่ยงและควบคุมภายใน- แผน BCP / คู่มือ BCM- เกณฑ์การบริหารความเสี่ยง- ประเมิน Risk Universe- แบบประเมินประสิทธิผลการบริหารความเสี่ยงและควบคุมภายใน- แบบสำรวจต่างๆ,37,53,กล่องข้อความ คอลัมน์ F (แถว 37–53),,,,,
4.2,การกำหนดแนวทางในการปรับปรุงกระบวนการบริหารความเสี่ยง,กองบริหารความเสี่ยง,เพื่อเพิ่มประสิทธิภาพและประสิทธิผลของกระบวนการกำหนดแนวทางเพื่อลดขั้นตอนที่ไม่จำเป็น ทำให้กระบวนการบริหารความเสี่ยงมีความกระชับ รวดเร็ว,Sipoc (SE-AM ข้อ 4.2).xlsx,1. As-is  และ To-be Process,4.2-O04,O,ร่างคู่มือการบริหารความเสี่ยงและควบคุมภายใน,56,57,กล่องข้อความ คอลัมน์ F (แถว 56–57),,,,,
4.2,การกำหนดแนวทางในการปรับปรุงกระบวนการบริหารความเสี่ยง,กองบริหารความเสี่ยง,เพื่อเพิ่มประสิทธิภาพและประสิทธิผลของกระบวนการกำหนดแนวทางเพื่อลดขั้นตอนที่ไม่จำเป็น ทำให้กระบวนการบริหารความเสี่ยงมีความกระชับ รวดเร็ว,Sipoc (SE-AM ข้อ 4.2).xlsx,1. As-is  และ To-be Process,4.2-O05,O,วาระทบทวนร่างคู่มือการบริหารความเสี่ยงและควบคุมภายใน,59,63,กล่องข้อความ คอลัมน์ F (แถว 59–63),,,,,
4.2,การกำหนดแนวทางในการปรับปรุงกระบวนการบริหารความเสี่ยง,กองบริหารความเสี่ยง,เพื่อเพิ่มประสิทธิภาพและประสิทธิผลของกระบวนการกำหนดแนวทางเพื่อลดขั้นตอนที่ไม่จำเป็น ทำให้กระบวนการบริหารความเสี่ยงมีความกระชับ รวดเร็ว,Sipoc (SE-AM ข้อ 4.2).xlsx,1. As-is  และ To-be Process,4.2-O06,O,มติที่ประชุม/ข้อเสนอแนะจาก คณะทำงานฯ RIC พิจารณาการทบทวนคู่มือการบริหารความเสี่ยงและควบคุมภายใน,72,80,กล่องข้อความ คอลัมน์ F (แถว 72–80),,,,,
4.2,การกำหนดแนวทางในการปรับปรุงกระบวนการบริหารความเสี่ยง,กองบริหารความเสี่ยง,เพื่อเพิ่มประสิทธิภาพและประสิทธิผลของกระบวนการกำหนดแนวทางเพื่อลดขั้นตอนที่ไม่จำเป็น ทำให้กระบวนการบริหารความเสี่ยงมีความกระชับ รวดเร็ว,Sipoc (SE-AM ข้อ 4.2).xlsx,1. As-is  และ To-be Process,4.2-O07,O,มติที่ประชุม/ข้อเสนอแนะจาก คณะอนุกรรมการฯ RMC พิจารณาการทบทวนคู่มือการบริหารความเสี่ยงและควบคุมภายใน,84,92,กล่องข้อความ คอลัมน์ F (แถว 84–92),,,,,
4.2,การกำหนดแนวทางในการปรับปรุงกระบวนการบริหารความเสี่ยง,กองบริหารความเสี่ยง,เพื่อเพิ่มประสิทธิภาพและประสิทธิผลของกระบวนการกำหนดแนวทางเพื่อลดขั้นตอนที่ไม่จำเป็น ทำให้กระบวนการบริหารความเสี่ยงมีความกระชับ รวดเร็ว,Sipoc (SE-AM ข้อ 4.2).xlsx,1. As-is  และ To-be Process,4.2-O08,O,คู่มือการบริหารความเสี่ยงและควบคุมภายใน,98,102,กล่องข้อความ คอลัมน์ F (แถว 98–102),,,,,
4.2,การกำหนดแนวทางในการปรับปรุงกระบวนการบริหารความเสี่ยง,กองบริหารความเสี่ยง,เพื่อเพิ่มประสิทธิภาพและประสิทธิผลของกระบวนการกำหนดแนวทางเพื่อลดขั้นตอนที่ไม่จำเป็น ทำให้กระบวนการบริหารความเสี่ยงมีความกระชับ รวดเร็ว,Sipoc (SE-AM ข้อ 4.2).xlsx,1. As-is  และ To-be Process,4.2-O09,O,"หนังสือแจ้งเวียนครบทุก
ส่วนงาน/หน่วยงาน ของ กยท. เพื่อรับทราบคู่มือฯ อย่างทั่วถึง",105,110,กล่องข้อความ คอลัมน์ F (แถว 105–110),,,,,
4.2,การกำหนดแนวทางในการปรับปรุงกระบวนการบริหารความเสี่ยง,กองบริหารความเสี่ยง,เพื่อเพิ่มประสิทธิภาพและประสิทธิผลของกระบวนการกำหนดแนวทางเพื่อลดขั้นตอนที่ไม่จำเป็น ทำให้กระบวนการบริหารความเสี่ยงมีความกระชับ รวดเร็ว,Sipoc (SE-AM ข้อ 4.2).xlsx,1. As-is  และ To-be Process,4.2-O10,O,- แบบสำรวจความรู้ความเข้าใจคู่มือการบริหารความเสี่ยงและควบคุมภายใน ปี 2569 ผ่านเกณฑ์ 70 %- ผลการดำเนินงานด้านการบริหารความเสี่ยงและควบคุมภายในมีประสิทธิภาพมากขึ้น,114,125,กล่องข้อความ คอลัมน์ F (แถว 114–125),,,,,
4.2,การกำหนดแนวทางในการปรับปรุงกระบวนการบริหารความเสี่ยง,กองบริหารความเสี่ยง,เพื่อเพิ่มประสิทธิภาพและประสิทธิผลของกระบวนการกำหนดแนวทางเพื่อลดขั้นตอนที่ไม่จำเป็น ทำให้กระบวนการบริหารความเสี่ยงมีความกระชับ รวดเร็ว,Sipoc (SE-AM ข้อ 4.2).xlsx,1. As-is  และ To-be Process,4.2-C01,C,กบค.,12,13,กล่องข้อความ คอลัมน์ G (แถว 12–13),,,,,
4.2,การกำหนดแนวทางในการปรับปรุงกระบวนการบริหารความเสี่ยง,กองบริหารความเสี่ยง,เพื่อเพิ่มประสิทธิภาพและประสิทธิผลของกระบวนการกำหนดแนวทางเพื่อลดขั้นตอนที่ไม่จำเป็น ทำให้กระบวนการบริหารความเสี่ยงมีความกระชับ รวดเร็ว,Sipoc (SE-AM ข้อ 4.2).xlsx,1. As-is  และ To-be Process,4.2-C02,C,กบค.,30,31,กล่องข้อความ คอลัมน์ G (แถว 30–31),,,,,
4.2,การกำหนดแนวทางในการปรับปรุงกระบวนการบริหารความเสี่ยง,กองบริหารความเสี่ยง,เพื่อเพิ่มประสิทธิภาพและประสิทธิผลของกระบวนการกำหนดแนวทางเพื่อลดขั้นตอนที่ไม่จำเป็น ทำให้กระบวนการบริหารความเสี่ยงมีความกระชับ รวดเร็ว,Sipoc (SE-AM ข้อ 4.2).xlsx,1. As-is  และ To-be Process,4.2-C03,C,กบค.,37,39,กล่องข้อความ คอลัมน์ G (แถว 37–39),,,,,
4.2,การกำหนดแนวทางในการปรับปรุงกระบวนการบริหารความเสี่ยง,กองบริหารความเสี่ยง,เพื่อเพิ่มประสิทธิภาพและประสิทธิผลของกระบวนการกำหนดแนวทางเพื่อลดขั้นตอนที่ไม่จำเป็น ทำให้กระบวนการบริหารความเสี่ยงมีความกระชับ รวดเร็ว,Sipoc (SE-AM ข้อ 4.2).xlsx,1. As-is  และ To-be Process,4.2-C04,C,กบค.,56,56,กล่องข้อความ คอลัมน์ G (แถว 56),,,,,
4.2,การกำหนดแนวทางในการปรับปรุงกระบวนการบริหารความเสี่ยง,กองบริหารความเสี่ยง,เพื่อเพิ่มประสิทธิภาพและประสิทธิผลของกระบวนการกำหนดแนวทางเพื่อลดขั้นตอนที่ไม่จำเป็น ทำให้กระบวนการบริหารความเสี่ยงมีความกระชับ รวดเร็ว,Sipoc (SE-AM ข้อ 4.2).xlsx,1. As-is  และ To-be Process,4.2-C05,C,กบค.,60,62,กล่องข้อความ คอลัมน์ G (แถว 60–62),,,,,
4.2,การกำหนดแนวทางในการปรับปรุงกระบวนการบริหารความเสี่ยง,กองบริหารความเสี่ยง,เพื่อเพิ่มประสิทธิภาพและประสิทธิผลของกระบวนการกำหนดแนวทางเพื่อลดขั้นตอนที่ไม่จำเป็น ทำให้กระบวนการบริหารความเสี่ยงมีความกระชับ รวดเร็ว,Sipoc (SE-AM ข้อ 4.2).xlsx,1. As-is  และ To-be Process,4.2-C06,C,กบค.,72,74,กล่องข้อความ คอลัมน์ G (แถว 72–74),,,,,
4.2,การกำหนดแนวทางในการปรับปรุงกระบวนการบริหารความเสี่ยง,กองบริหารความเสี่ยง,เพื่อเพิ่มประสิทธิภาพและประสิทธิผลของกระบวนการกำหนดแนวทางเพื่อลดขั้นตอนที่ไม่จำเป็น ทำให้กระบวนการบริหารความเสี่ยงมีความกระชับ รวดเร็ว,Sipoc (SE-AM ข้อ 4.2).xlsx,1. As-is  และ To-be Process,4.2-C07,C,กบค.,88,89,กล่องข้อความ คอลัมน์ G (แถว 88–89),,,,,
4.2,การกำหนดแนวทางในการปรับปรุงกระบวนการบริหารความเสี่ยง,กองบริหารความเสี่ยง,เพื่อเพิ่มประสิทธิภาพและประสิทธิผลของกระบวนการกำหนดแนวทางเพื่อลดขั้นตอนที่ไม่จำเป็น ทำให้กระบวนการบริหารความเสี่ยงมีความกระชับ รวดเร็ว,Sipoc (SE-AM ข้อ 4.2).xlsx,1. As-is  และ To-be Process,4.2-C08,C,กบค.,99,100,กล่องข้อความ คอลัมน์ G (แถว 99–100),,,,,
4.2,การกำหนดแนวทางในการปรับปรุงกระบวนการบริหารความเสี่ยง,กองบริหารความเสี่ยง,เพื่อเพิ่มประสิทธิภาพและประสิทธิผลของกระบวนการกำหนดแนวทางเพื่อลดขั้นตอนที่ไม่จำเป็น ทำให้กระบวนการบริหารความเสี่ยงมีความกระชับ รวดเร็ว,Sipoc (SE-AM ข้อ 4.2).xlsx,1. As-is  และ To-be Process,4.2-C09,C,กบค.,106,107,กล่องข้อความ คอลัมน์ G (แถว 106–107),,,,,
4.2,การกำหนดแนวทางในการปรับปรุงกระบวนการบริหารความเสี่ยง,กองบริหารความเสี่ยง,เพื่อเพิ่มประสิทธิภาพและประสิทธิผลของกระบวนการกำหนดแนวทางเพื่อลดขั้นตอนที่ไม่จำเป็น ทำให้กระบวนการบริหารความเสี่ยงมีความกระชับ รวดเร็ว,Sipoc (SE-AM ข้อ 4.2).xlsx,1. As-is  และ To-be Process,4.2-C10,C,กบค.,115,116,กล่องข้อความ คอลัมน์ G (แถว 115–116),,,,,
5.1,การสื่อสารการบริหารความเสี่ยงองค์กร,กองบริหารความเสี่ยง,เพื่อกำหนดกระบวนการและช่องทางการสื่อสารการบริหารความเสี่ยงองค์กร โดยมีผลของระดับความรู้ความเข้าใจและความตระหนักเป็นไปตามเป้าหมายกำหนดและดีกว่าที่ผ่านมา,Sipoc (SE-AM ข้อ 5.1).xlsx,1. As-is  และ To-be Process,5.1-S01,S,กบค.,16,17,กล่องข้อความ คอลัมน์ C (แถว 16–17),,,,,
5.1,การสื่อสารการบริหารความเสี่ยงองค์กร,กองบริหารความเสี่ยง,เพื่อกำหนดกระบวนการและช่องทางการสื่อสารการบริหารความเสี่ยงองค์กร โดยมีผลของระดับความรู้ความเข้าใจและความตระหนักเป็นไปตามเป้าหมายกำหนดและดีกว่าที่ผ่านมา,Sipoc (SE-AM ข้อ 5.1).xlsx,1. As-is  และ To-be Process,5.1-S02,S,กบค.,31,32,กล่องข้อความ คอลัมน์ C (แถว 31–32),,,,,
5.1,การสื่อสารการบริหารความเสี่ยงองค์กร,กองบริหารความเสี่ยง,เพื่อกำหนดกระบวนการและช่องทางการสื่อสารการบริหารความเสี่ยงองค์กร โดยมีผลของระดับความรู้ความเข้าใจและความตระหนักเป็นไปตามเป้าหมายกำหนดและดีกว่าที่ผ่านมา,Sipoc (SE-AM ข้อ 5.1).xlsx,1. As-is  และ To-be Process,5.1-S03,S,กบค.,40,41,กล่องข้อความ คอลัมน์ C (แถว 40–41),,,,,
5.1,การสื่อสารการบริหารความเสี่ยงองค์กร,กองบริหารความเสี่ยง,เพื่อกำหนดกระบวนการและช่องทางการสื่อสารการบริหารความเสี่ยงองค์กร โดยมีผลของระดับความรู้ความเข้าใจและความตระหนักเป็นไปตามเป้าหมายกำหนดและดีกว่าที่ผ่านมา,Sipoc (SE-AM ข้อ 5.1).xlsx,1. As-is  และ To-be Process,5.1-S04,S,กบค.,48,50,กล่องข้อความ คอลัมน์ C (แถว 48–50),,,,,
5.1,การสื่อสารการบริหารความเสี่ยงองค์กร,กองบริหารความเสี่ยง,เพื่อกำหนดกระบวนการและช่องทางการสื่อสารการบริหารความเสี่ยงองค์กร โดยมีผลของระดับความรู้ความเข้าใจและความตระหนักเป็นไปตามเป้าหมายกำหนดและดีกว่าที่ผ่านมา,Sipoc (SE-AM ข้อ 5.1).xlsx,1. As-is  และ To-be Process,5.1-S05,S,กบค.,64,66,กล่องข้อความ คอลัมน์ C (แถว 64–66),,,,,
5.1,การสื่อสารการบริหารความเสี่ยงองค์กร,กองบริหารความเสี่ยง,เพื่อกำหนดกระบวนการและช่องทางการสื่อสารการบริหารความเสี่ยงองค์กร โดยมีผลของระดับความรู้ความเข้าใจและความตระหนักเป็นไปตามเป้าหมายกำหนดและดีกว่าที่ผ่านมา,Sipoc (SE-AM ข้อ 5.1).xlsx,1. As-is  และ To-be Process,5.1-S06,S,กบค.,72,74,กล่องข้อความ คอลัมน์ C (แถว 72–74),,,,,
5.1,การสื่อสารการบริหารความเสี่ยงองค์กร,กองบริหารความเสี่ยง,เพื่อกำหนดกระบวนการและช่องทางการสื่อสารการบริหารความเสี่ยงองค์กร โดยมีผลของระดับความรู้ความเข้าใจและความตระหนักเป็นไปตามเป้าหมายกำหนดและดีกว่าที่ผ่านมา,Sipoc (SE-AM ข้อ 5.1).xlsx,1. As-is  และ To-be Process,5.1-I01,I,"- หลักเกณฑ์ แนวปฏิบัติ และคู่มือปฏิบัติเกี่ยวกับ
การบริหารความเสี่ยงและควบคุมภายในสำหรับรัฐวิสาหกิจ ปี 2568
- รายงานแบบสำรวจการรับรู้ ความตระหนัก และทัศนคติของพนักงานฯ ในปีที่ผ่านมา
- รายงานแบบสำรวจความรู้ความเข้าใจด้าน RM&IC และความรู้วามเข้าใจในคู่มือ RM&IC ในปีที่ผ่านมา",12,29,กล่องข้อความ คอลัมน์ D (แถว 12–29),,,,,
5.1,การสื่อสารการบริหารความเสี่ยงองค์กร,กองบริหารความเสี่ยง,เพื่อกำหนดกระบวนการและช่องทางการสื่อสารการบริหารความเสี่ยงองค์กร โดยมีผลของระดับความรู้ความเข้าใจและความตระหนักเป็นไปตามเป้าหมายกำหนดและดีกว่าที่ผ่านมา,Sipoc (SE-AM ข้อ 5.1).xlsx,1. As-is  และ To-be Process,5.1-I02,I,ผลลัพธ์ในกิจกรรมที่ 1,29,33,กล่องข้อความ คอลัมน์ D (แถว 29–33),,,,,
5.1,การสื่อสารการบริหารความเสี่ยงองค์กร,กองบริหารความเสี่ยง,เพื่อกำหนดกระบวนการและช่องทางการสื่อสารการบริหารความเสี่ยงองค์กร โดยมีผลของระดับความรู้ความเข้าใจและความตระหนักเป็นไปตามเป้าหมายกำหนดและดีกว่าที่ผ่านมา,Sipoc (SE-AM ข้อ 5.1).xlsx,1. As-is  และ To-be Process,5.1-I03,I,ผลลัพธ์ในกิจกรรมที่ 2,39,43,กล่องข้อความ คอลัมน์ D (แถว 39–43),,,,,
5.1,การสื่อสารการบริหารความเสี่ยงองค์กร,กองบริหารความเสี่ยง,เพื่อกำหนดกระบวนการและช่องทางการสื่อสารการบริหารความเสี่ยงองค์กร โดยมีผลของระดับความรู้ความเข้าใจและความตระหนักเป็นไปตามเป้าหมายกำหนดและดีกว่าที่ผ่านมา,Sipoc (SE-AM ข้อ 5.1).xlsx,1. As-is  และ To-be Process,5.1-I04,I,"ผลลัพธ์ในกิจกรรมที่ 3
ที่คณะทำงานฯ RIC ทราบ และให้ข้อเสนอแนะ",48,52,กล่องข้อความ คอลัมน์ D (แถว 48–52),,,,,
5.1,การสื่อสารการบริหารความเสี่ยงองค์กร,กองบริหารความเสี่ยง,เพื่อกำหนดกระบวนการและช่องทางการสื่อสารการบริหารความเสี่ยงองค์กร โดยมีผลของระดับความรู้ความเข้าใจและความตระหนักเป็นไปตามเป้าหมายกำหนดและดีกว่าที่ผ่านมา,Sipoc (SE-AM ข้อ 5.1).xlsx,1. As-is  และ To-be Process,5.1-I05,I,"ผลลัพธ์ในกิจกรรมที่ 4
ที่คณะอนุกรรมการฯ RMCทราบ และให้ข้อเสนอแนะ",64,68,กล่องข้อความ คอลัมน์ D (แถว 64–68),,,,,
5.1,การสื่อสารการบริหารความเสี่ยงองค์กร,กองบริหารความเสี่ยง,เพื่อกำหนดกระบวนการและช่องทางการสื่อสารการบริหารความเสี่ยงองค์กร โดยมีผลของระดับความรู้ความเข้าใจและความตระหนักเป็นไปตามเป้าหมายกำหนดและดีกว่าที่ผ่านมา,Sipoc (SE-AM ข้อ 5.1).xlsx,1. As-is  และ To-be Process,5.1-I06,I,ผลลัพธ์ในกิจกรรมที่ 5,72,75,กล่องข้อความ คอลัมน์ D (แถว 72–75),,,,,
5.1,การสื่อสารการบริหารความเสี่ยงองค์กร,กองบริหารความเสี่ยง,เพื่อกำหนดกระบวนการและช่องทางการสื่อสารการบริหารความเสี่ยงองค์กร โดยมีผลของระดับความรู้ความเข้าใจและความตระหนักเป็นไปตามเป้าหมายกำหนดและดีกว่าที่ผ่านมา,Sipoc (SE-AM ข้อ 5.1).xlsx,1. As-is  และ To-be Process,5.1-P01,P,"1.1 จัดทำแบบสำรวจการรับรู้ ความตระหนัก
และทัศนคติของพนักงานฯ
1.2 จัดทำแบบสำรวจความรู้ความเข้าใจด้าน RM&IC และความรู้วามเข้าใจในคู่มือ RM&IC",14,19,กล่องข้อความ คอลัมน์ E (แถว 14–19),ส.ค.,"- แบบสำรวจการรับรู้ ความตระหนัก และทัศนคติของพนักงานฯ 1ฉบับ
- แบบสำรวจความรู้ความเข้าใจด้าน RM&IC และความรู้วามเข้าใจในคู่มือ RM&IC 1ฉบับ",,10,
5.1,การสื่อสารการบริหารความเสี่ยงองค์กร,กองบริหารความเสี่ยง,เพื่อกำหนดกระบวนการและช่องทางการสื่อสารการบริหารความเสี่ยงองค์กร โดยมีผลของระดับความรู้ความเข้าใจและความตระหนักเป็นไปตามเป้าหมายกำหนดและดีกว่าที่ผ่านมา,Sipoc (SE-AM ข้อ 5.1).xlsx,1. As-is  และ To-be Process,5.1-P02,P,"2.1 จัดทำรายผลงานแบบสำรวจการรับรู้
ความตระหนัก และทัศนคติของพนักงานฯ
2.2 จัดทำแบบสำรวจความรู้ความเข้าใจ
ด้าน RM&IC และความรู้วามเข้าใจ
ในคู่มือ RM&IC",29,35,กล่องข้อความ คอลัมน์ E (แถว 29–35),ส.ค.,"- รายงานแบบสำรวจการรับรู้ ความตระหนัก และทัศนคติของพนักงานฯ 1เล่ม
- รายงานแบบสำรวจความรู้ความเข้าใจด้าน RM&IC และความรู้วามเข้าใจในคู่มือ RM&IC 1 เล่ม",,10,
5.1,การสื่อสารการบริหารความเสี่ยงองค์กร,กองบริหารความเสี่ยง,เพื่อกำหนดกระบวนการและช่องทางการสื่อสารการบริหารความเสี่ยงองค์กร โดยมีผลของระดับความรู้ความเข้าใจและความตระหนักเป็นไปตามเป้าหมายกำหนดและดีกว่าที่ผ่านมา,Sipoc (SE-AM ข้อ 5.1).xlsx,1. As-is  และ To-be Process,5.1-P03,P,3. เสนอคณะทำงานบริหารความเสี่ยงและควบคุมภายในของ กยท. (RIC) ทราบ,37,45,กล่องข้อความ คอลัมน์ E (แถว 37–45),ส.ค.,-รายงานการประชุมคณะทำงาน RIC 1 ฉบับ,,10,
5.1,การสื่อสารการบริหารความเสี่ยงองค์กร,กองบริหารความเสี่ยง,เพื่อกำหนดกระบวนการและช่องทางการสื่อสารการบริหารความเสี่ยงองค์กร โดยมีผลของระดับความรู้ความเข้าใจและความตระหนักเป็นไปตามเป้าหมายกำหนดและดีกว่าที่ผ่านมา,Sipoc (SE-AM ข้อ 5.1).xlsx,1. As-is  และ To-be Process,5.1-P04,P,4. เสนออนุกรรมการบริหารความเสี่ยงและควบคุมภายในของ กยท. (RMC) ทราบ,46,54,กล่องข้อความ คอลัมน์ E (แถว 46–54),ส.ค.,-รายงานการประชุมคณะอนุกรรมการ RMC 1 ฉบับ,,10,
5.1,การสื่อสารการบริหารความเสี่ยงองค์กร,กองบริหารความเสี่ยง,เพื่อกำหนดกระบวนการและช่องทางการสื่อสารการบริหารความเสี่ยงองค์กร โดยมีผลของระดับความรู้ความเข้าใจและความตระหนักเป็นไปตามเป้าหมายกำหนดและดีกว่าที่ผ่านมา,Sipoc (SE-AM ข้อ 5.1).xlsx,1. As-is  และ To-be Process,5.1-P05,P,"5. ทบทวนปรับปรุงช่องทางการสื่อสาร
ที่มีความเชื่อมโยงกับกระบวนการพัฒนาบุคลากร และการพัฒนาเทคโนโลยีดิจิทัล",63,68,กล่องข้อความ คอลัมน์ E (แถว 63–68),ส.ค.,- ผลของการปรับปรุงช่องทางการสื่อสาร 1 ผล,,10,
5.1,การสื่อสารการบริหารความเสี่ยงองค์กร,กองบริหารความเสี่ยง,เพื่อกำหนดกระบวนการและช่องทางการสื่อสารการบริหารความเสี่ยงองค์กร โดยมีผลของระดับความรู้ความเข้าใจและความตระหนักเป็นไปตามเป้าหมายกำหนดและดีกว่าที่ผ่านมา,Sipoc (SE-AM ข้อ 5.1).xlsx,1. As-is  และ To-be Process,5.1-P06,P,"6. การประเมินประสิทธิผลของขั้นตอนการสื่อสารการบริหารความเสี่ยงองค์กรและได้ประสิทธิผลตามที่กำหนด
(ความครบถ้วนของปัจจัย กระบวนการ ผลผลิต และ ระยะเวลาที่แล้วเสร็จ)",71,77,กล่องข้อความ คอลัมน์ E (แถว 71–77),ส.ค.,- ผลการประเมินประสิทธิผลของขั้นตอนการสื่อสารการบริหารความเสี่ยงองค์กร 1 ขั้นตอน,,10,
5.1,การสื่อสารการบริหารความเสี่ยงองค์กร,กองบริหารความเสี่ยง,เพื่อกำหนดกระบวนการและช่องทางการสื่อสารการบริหารความเสี่ยงองค์กร โดยมีผลของระดับความรู้ความเข้าใจและความตระหนักเป็นไปตามเป้าหมายกำหนดและดีกว่าที่ผ่านมา,Sipoc (SE-AM ข้อ 5.1).xlsx,1. As-is  และ To-be Process,5.1-O01,O,"- แบบสำรวจการรับรู้ ความตระหนัก และทัศนคติของพนักงานฯ
- แบบสำรวจความรู้ความเข้าใจด้าน RM&IC และความรู้วามเข้าใจในคู่มือ RM&IC",14,22,กล่องข้อความ คอลัมน์ F (แถว 14–22),,,,,
5.1,การสื่อสารการบริหารความเสี่ยงองค์กร,กองบริหารความเสี่ยง,เพื่อกำหนดกระบวนการและช่องทางการสื่อสารการบริหารความเสี่ยงองค์กร โดยมีผลของระดับความรู้ความเข้าใจและความตระหนักเป็นไปตามเป้าหมายกำหนดและดีกว่าที่ผ่านมา,Sipoc (SE-AM ข้อ 5.1).xlsx,1. As-is  และ To-be Process,5.1-O02,O,"- รายงานแบบสำรวจการรับรู้ ความตระหนัก และทัศนคติของพนักงานฯ
- รายงานแบบสำรวจความรู้ความเข้าใจด้าน RM&IC และความรู้วามเข้าใจในคู่มือ RM&IC",29,38,กล่องข้อความ คอลัมน์ F (แถว 29–38),,,,,
5.1,การสื่อสารการบริหารความเสี่ยงองค์กร,กองบริหารความเสี่ยง,เพื่อกำหนดกระบวนการและช่องทางการสื่อสารการบริหารความเสี่ยงองค์กร โดยมีผลของระดับความรู้ความเข้าใจและความตระหนักเป็นไปตามเป้าหมายกำหนดและดีกว่าที่ผ่านมา,Sipoc (SE-AM ข้อ 5.1).xlsx,1. As-is  และ To-be Process,5.1-O03,O,- มติที่ประชุม/ ข้อเสนอแนะจากคณะทำงาน RIC เพื่อทราบ,39,47,กล่องข้อความ คอลัมน์ F (แถว 39–47),,,,,
5.1,การสื่อสารการบริหารความเสี่ยงองค์กร,กองบริหารความเสี่ยง,เพื่อกำหนดกระบวนการและช่องทางการสื่อสารการบริหารความเสี่ยงองค์กร โดยมีผลของระดับความรู้ความเข้าใจและความตระหนักเป็นไปตามเป้าหมายกำหนดและดีกว่าที่ผ่านมา,Sipoc (SE-AM ข้อ 5.1).xlsx,1. As-is  และ To-be Process,5.1-O04,O,- มติที่ประชุม/ ข้อเสนอแนะจากคณะอนุกรรมการ RMC เพื่อทราบ,48,57,กล่องข้อความ คอลัมน์ F (แถว 48–57),,,,,
5.1,การสื่อสารการบริหารความเสี่ยงองค์กร,กองบริหารความเสี่ยง,เพื่อกำหนดกระบวนการและช่องทางการสื่อสารการบริหารความเสี่ยงองค์กร โดยมีผลของระดับความรู้ความเข้าใจและความตระหนักเป็นไปตามเป้าหมายกำหนดและดีกว่าที่ผ่านมา,Sipoc (SE-AM ข้อ 5.1).xlsx,1. As-is  และ To-be Process,5.1-O05,O,ผลของการปรับปรุงช่องทางการสื่อสาร,64,67,กล่องข้อความ คอลัมน์ F (แถว 64–67),,,,,
5.1,การสื่อสารการบริหารความเสี่ยงองค์กร,กองบริหารความเสี่ยง,เพื่อกำหนดกระบวนการและช่องทางการสื่อสารการบริหารความเสี่ยงองค์กร โดยมีผลของระดับความรู้ความเข้าใจและความตระหนักเป็นไปตามเป้าหมายกำหนดและดีกว่าที่ผ่านมา,Sipoc (SE-AM ข้อ 5.1).xlsx,1. As-is  และ To-be Process,5.1-O06,O,"ผลการประเมินประสิทธิผลของขั้นตอนการสื่อสารการบริหารความเสี่ยงองค์กร
และได้ประสิทธิผล
ตามที่กำหนด",71,77,กล่องข้อความ คอลัมน์ F (แถว 71–77),,,,,
5.1,การสื่อสารการบริหารความเสี่ยงองค์กร,กองบริหารความเสี่ยง,เพื่อกำหนดกระบวนการและช่องทางการสื่อสารการบริหารความเสี่ยงองค์กร โดยมีผลของระดับความรู้ความเข้าใจและความตระหนักเป็นไปตามเป้าหมายกำหนดและดีกว่าที่ผ่านมา,Sipoc (SE-AM ข้อ 5.1).xlsx,1. As-is  และ To-be Process,5.1-C01,C,ผู้บริหาร/พนักงานกยท.,14,16,กล่องข้อความ คอลัมน์ G (แถว 14–16),,,,,
5.1,การสื่อสารการบริหารความเสี่ยงองค์กร,กองบริหารความเสี่ยง,เพื่อกำหนดกระบวนการและช่องทางการสื่อสารการบริหารความเสี่ยงองค์กร โดยมีผลของระดับความรู้ความเข้าใจและความตระหนักเป็นไปตามเป้าหมายกำหนดและดีกว่าที่ผ่านมา,Sipoc (SE-AM ข้อ 5.1).xlsx,1. As-is  และ To-be Process,5.1-C02,C,คณะทำงานฯRIC,31,33,กล่องข้อความ คอลัมน์ G (แถว 31–33),,,,,
5.1,การสื่อสารการบริหารความเสี่ยงองค์กร,กองบริหารความเสี่ยง,เพื่อกำหนดกระบวนการและช่องทางการสื่อสารการบริหารความเสี่ยงองค์กร โดยมีผลของระดับความรู้ความเข้าใจและความตระหนักเป็นไปตามเป้าหมายกำหนดและดีกว่าที่ผ่านมา,Sipoc (SE-AM ข้อ 5.1).xlsx,1. As-is  และ To-be Process,5.1-C03,C,คณะอนุกรรมการฯ RMC,40,42,กล่องข้อความ คอลัมน์ G (แถว 40–42),,,,,
5.1,การสื่อสารการบริหารความเสี่ยงองค์กร,กองบริหารความเสี่ยง,เพื่อกำหนดกระบวนการและช่องทางการสื่อสารการบริหารความเสี่ยงองค์กร โดยมีผลของระดับความรู้ความเข้าใจและความตระหนักเป็นไปตามเป้าหมายกำหนดและดีกว่าที่ผ่านมา,Sipoc (SE-AM ข้อ 5.1).xlsx,1. As-is  และ To-be Process,5.1-C04,C,กบค.,49,51,กล่องข้อความ คอลัมน์ G (แถว 49–51),,,,,
5.1,การสื่อสารการบริหารความเสี่ยงองค์กร,กองบริหารความเสี่ยง,เพื่อกำหนดกระบวนการและช่องทางการสื่อสารการบริหารความเสี่ยงองค์กร โดยมีผลของระดับความรู้ความเข้าใจและความตระหนักเป็นไปตามเป้าหมายกำหนดและดีกว่าที่ผ่านมา,Sipoc (SE-AM ข้อ 5.1).xlsx,1. As-is  และ To-be Process,5.1-C05,C,กบค.,65,66,กล่องข้อความ คอลัมน์ G (แถว 65–66),,,,,
5.1,การสื่อสารการบริหารความเสี่ยงองค์กร,กองบริหารความเสี่ยง,เพื่อกำหนดกระบวนการและช่องทางการสื่อสารการบริหารความเสี่ยงองค์กร โดยมีผลของระดับความรู้ความเข้าใจและความตระหนักเป็นไปตามเป้าหมายกำหนดและดีกว่าที่ผ่านมา,Sipoc (SE-AM ข้อ 5.1).xlsx,1. As-is  และ To-be Process,5.1-C06,C,กบค.,72,74,กล่องข้อความ คอลัมน์ G (แถว 72–74),,,,,
5.2,กระบวนการรายงานผลการบริหารความเสี่ยงและควบคุมภายใน,กองบริหารความเสี่ยง,เพื่อให้การติดตามและรายงานผลปัจจัยความเสี่ยงขององค์กรเป็นไปอย่างมีประสิทธิภาพผ่านระบบสารสนเทศ และนำเสนอต่อผู้บริหารตามลำดับ,Sipoc (SE-AM ข้อ 5.2).xlsx,1. As-is  และ To-be Process,5.2-S01,S,ผู้รับผิดชอบของส่วนงาน/หน่วยงาน และสายงาน,14,19,กล่องข้อความ คอลัมน์ C (แถว 14–19),,,,,
5.2,กระบวนการรายงานผลการบริหารความเสี่ยงและควบคุมภายใน,กองบริหารความเสี่ยง,เพื่อให้การติดตามและรายงานผลปัจจัยความเสี่ยงขององค์กรเป็นไปอย่างมีประสิทธิภาพผ่านระบบสารสนเทศ และนำเสนอต่อผู้บริหารตามลำดับ,Sipoc (SE-AM ข้อ 5.2).xlsx,1. As-is  และ To-be Process,5.2-S02,S,กบค.,31,32,กล่องข้อความ คอลัมน์ C (แถว 31–32),,,,,
5.2,กระบวนการรายงานผลการบริหารความเสี่ยงและควบคุมภายใน,กองบริหารความเสี่ยง,เพื่อให้การติดตามและรายงานผลปัจจัยความเสี่ยงขององค์กรเป็นไปอย่างมีประสิทธิภาพผ่านระบบสารสนเทศ และนำเสนอต่อผู้บริหารตามลำดับ,Sipoc (SE-AM ข้อ 5.2).xlsx,1. As-is  และ To-be Process,5.2-S03,S,กบค.,42,43,กล่องข้อความ คอลัมน์ C (แถว 42–43),,,,,
5.2,กระบวนการรายงานผลการบริหารความเสี่ยงและควบคุมภายใน,กองบริหารความเสี่ยง,เพื่อให้การติดตามและรายงานผลปัจจัยความเสี่ยงขององค์กรเป็นไปอย่างมีประสิทธิภาพผ่านระบบสารสนเทศ และนำเสนอต่อผู้บริหารตามลำดับ,Sipoc (SE-AM ข้อ 5.2).xlsx,1. As-is  และ To-be Process,5.2-S04,S,กบค.,50,51,กล่องข้อความ คอลัมน์ C (แถว 50–51),,,,,
5.2,กระบวนการรายงานผลการบริหารความเสี่ยงและควบคุมภายใน,กองบริหารความเสี่ยง,เพื่อให้การติดตามและรายงานผลปัจจัยความเสี่ยงขององค์กรเป็นไปอย่างมีประสิทธิภาพผ่านระบบสารสนเทศ และนำเสนอต่อผู้บริหารตามลำดับ,Sipoc (SE-AM ข้อ 5.2).xlsx,1. As-is  และ To-be Process,5.2-S05,S,กบค.,67,68,กล่องข้อความ คอลัมน์ C (แถว 67–68),,,,,
5.2,กระบวนการรายงานผลการบริหารความเสี่ยงและควบคุมภายใน,กองบริหารความเสี่ยง,เพื่อให้การติดตามและรายงานผลปัจจัยความเสี่ยงขององค์กรเป็นไปอย่างมีประสิทธิภาพผ่านระบบสารสนเทศ และนำเสนอต่อผู้บริหารตามลำดับ,Sipoc (SE-AM ข้อ 5.2).xlsx,1. As-is  และ To-be Process,5.2-S06,S,กบค.,75,77,กล่องข้อความ คอลัมน์ C (แถว 75–77),,,,,
5.2,กระบวนการรายงานผลการบริหารความเสี่ยงและควบคุมภายใน,กองบริหารความเสี่ยง,เพื่อให้การติดตามและรายงานผลปัจจัยความเสี่ยงขององค์กรเป็นไปอย่างมีประสิทธิภาพผ่านระบบสารสนเทศ และนำเสนอต่อผู้บริหารตามลำดับ,Sipoc (SE-AM ข้อ 5.2).xlsx,1. As-is  และ To-be Process,5.2-S07,S,กบค.,84,86,กล่องข้อความ คอลัมน์ C (แถว 84–86),,,,,
5.2,กระบวนการรายงานผลการบริหารความเสี่ยงและควบคุมภายใน,กองบริหารความเสี่ยง,เพื่อให้การติดตามและรายงานผลปัจจัยความเสี่ยงขององค์กรเป็นไปอย่างมีประสิทธิภาพผ่านระบบสารสนเทศ และนำเสนอต่อผู้บริหารตามลำดับ,Sipoc (SE-AM ข้อ 5.2).xlsx,1. As-is  และ To-be Process,5.2-I01,I,ผลการประเมินปัจจัยเสี่ยงระดับองค์กร ระดับสายงาน และระดับส่วนงาน,14,19,กล่องข้อความ คอลัมน์ D (แถว 14–19),,,,,
5.2,กระบวนการรายงานผลการบริหารความเสี่ยงและควบคุมภายใน,กองบริหารความเสี่ยง,เพื่อให้การติดตามและรายงานผลปัจจัยความเสี่ยงขององค์กรเป็นไปอย่างมีประสิทธิภาพผ่านระบบสารสนเทศ และนำเสนอต่อผู้บริหารตามลำดับ,Sipoc (SE-AM ข้อ 5.2).xlsx,1. As-is  และ To-be Process,5.2-I02,I,ผลลัพธ์ในกิจกรรมที่ 1,30,33,กล่องข้อความ คอลัมน์ D (แถว 30–33),,,,,
5.2,กระบวนการรายงานผลการบริหารความเสี่ยงและควบคุมภายใน,กองบริหารความเสี่ยง,เพื่อให้การติดตามและรายงานผลปัจจัยความเสี่ยงขององค์กรเป็นไปอย่างมีประสิทธิภาพผ่านระบบสารสนเทศ และนำเสนอต่อผู้บริหารตามลำดับ,Sipoc (SE-AM ข้อ 5.2).xlsx,1. As-is  และ To-be Process,5.2-I03,I,ผลลัพธ์ในกิจกรรมที่ 2,41,44,กล่องข้อความ คอลัมน์ D (แถว 41–44),,,,,
5.2,กระบวนการรายงานผลการบริหารความเสี่ยงและควบคุมภายใน,กองบริหารความเสี่ยง,เพื่อให้การติดตามและรายงานผลปัจจัยความเสี่ยงขององค์กรเป็นไปอย่างมีประสิทธิภาพผ่านระบบสารสนเทศ และนำเสนอต่อผู้บริหารตามลำดับ,Sipoc (SE-AM ข้อ 5.2).xlsx,1. As-is  และ To-be Process,5.2-I04,I,"ผลลัพธ์ในกิจกรรมที่ 3
ที่คณะทำงานฯ RIC ทราบ และให้ข้อเสนอแนะ",49,53,กล่องข้อความ คอลัมน์ D (แถว 49–53),,,,,
5.2,กระบวนการรายงานผลการบริหารความเสี่ยงและควบคุมภายใน,กองบริหารความเสี่ยง,เพื่อให้การติดตามและรายงานผลปัจจัยความเสี่ยงขององค์กรเป็นไปอย่างมีประสิทธิภาพผ่านระบบสารสนเทศ และนำเสนอต่อผู้บริหารตามลำดับ,Sipoc (SE-AM ข้อ 5.2).xlsx,1. As-is  และ To-be Process,5.2-I05,I,- มติที่ประชุม/ ข้อเสนอแนะจากคณะอนุกรรมการ RMC เพื่อทราบ,64,71,กล่องข้อความ คอลัมน์ D (แถว 64–71),,,,,
5.2,กระบวนการรายงานผลการบริหารความเสี่ยงและควบคุมภายใน,กองบริหารความเสี่ยง,เพื่อให้การติดตามและรายงานผลปัจจัยความเสี่ยงขององค์กรเป็นไปอย่างมีประสิทธิภาพผ่านระบบสารสนเทศ และนำเสนอต่อผู้บริหารตามลำดับ,Sipoc (SE-AM ข้อ 5.2).xlsx,1. As-is  และ To-be Process,5.2-I06,I,- มติที่ประชุม/ ข้อเสนอแนะจากคณะอนุกรรมการ RMC เพื่อทราบ,74,80,กล่องข้อความ คอลัมน์ D (แถว 74–80),,,,,
5.2,กระบวนการรายงานผลการบริหารความเสี่ยงและควบคุมภายใน,กองบริหารความเสี่ยง,เพื่อให้การติดตามและรายงานผลปัจจัยความเสี่ยงขององค์กรเป็นไปอย่างมีประสิทธิภาพผ่านระบบสารสนเทศ และนำเสนอต่อผู้บริหารตามลำดับ,Sipoc (SE-AM ข้อ 5.2).xlsx,1. As-is  และ To-be Process,5.2-I07,I,ผลลัพธ์ในกิจกรรมที่ 6,84,87,กล่องข้อความ คอลัมน์ D (แถว 84–87),,,,,
5.2,กระบวนการรายงานผลการบริหารความเสี่ยงและควบคุมภายใน,กองบริหารความเสี่ยง,เพื่อให้การติดตามและรายงานผลปัจจัยความเสี่ยงขององค์กรเป็นไปอย่างมีประสิทธิภาพผ่านระบบสารสนเทศ และนำเสนอต่อผู้บริหารตามลำดับ,Sipoc (SE-AM ข้อ 5.2).xlsx,1. As-is  และ To-be Process,5.2-P01,P,1. ผู้รับผิดชอบดำเนินการรายงานผลผ่านระบบสารสนเทศสนับสนุนการบริหารความเสี่ยงและควบคุมภายในของ กยท,14,19,กล่องข้อความ คอลัมน์ E (แถว 14–19),ส.ค.,"ผลการบริหารความเสี่ยงและควบคุมภายในของปัจจัยเสี่ยงระดับองค์กร ปัจจัยเสี่ยงระดับสายงาน และ งาน และระดับส่วนงานในระบบสารสนเทศ
- รายงานสรุปผลรายผลปัจจัยเสี่ยงระดับองค์กร 1 รายงาน
- รายงานสรุปผลปัจจัยเสี่ยงระดับสายงาน 1 รายงาน
- รายงานปัจจัยเสี่ยงระดับส่วนงาน 1 รายงาน
- รายงานแบบสำรวจความรู้ความเข้าใจด้าน RM&IC และความรู้วามเข้าใจในคู่มือ RM&IC 1 เล่ม",,10,
5.2,กระบวนการรายงานผลการบริหารความเสี่ยงและควบคุมภายใน,กองบริหารความเสี่ยง,เพื่อให้การติดตามและรายงานผลปัจจัยความเสี่ยงขององค์กรเป็นไปอย่างมีประสิทธิภาพผ่านระบบสารสนเทศ และนำเสนอต่อผู้บริหารตามลำดับ,Sipoc (SE-AM ข้อ 5.2).xlsx,1. As-is  และ To-be Process,5.2-P02,P,2. จัดทำสรุปผลรายผลปัจจัยเสี่ยงระดับองค์กร ระดับสายงาน และระดับส่วนงาน รายไตรมาส,29,35,กล่องข้อความ คอลัมน์ E (แถว 29–35),,,,,
5.2,กระบวนการรายงานผลการบริหารความเสี่ยงและควบคุมภายใน,กองบริหารความเสี่ยง,เพื่อให้การติดตามและรายงานผลปัจจัยความเสี่ยงขององค์กรเป็นไปอย่างมีประสิทธิภาพผ่านระบบสารสนเทศ และนำเสนอต่อผู้บริหารตามลำดับ,Sipoc (SE-AM ข้อ 5.2).xlsx,1. As-is  และ To-be Process,5.2-P03,P,3. เสนอคณะทำงานบริหารความเสี่ยงและควบคุมภายในของ กยท. (RIC) ทราบ,38,46,กล่องข้อความ คอลัมน์ E (แถว 38–46),ทุกไตรมาส,"-รายงานการประชุมคณะทำงาน RIC 1 ฉบับ
-รายงานการประชุมคณะอนุกรรมการ RMC 1 ฉบับ",,2|5|8|11,
5.2,กระบวนการรายงานผลการบริหารความเสี่ยงและควบคุมภายใน,กองบริหารความเสี่ยง,เพื่อให้การติดตามและรายงานผลปัจจัยความเสี่ยงขององค์กรเป็นไปอย่างมีประสิทธิภาพผ่านระบบสารสนเทศ และนำเสนอต่อผู้บริหารตามลำดับ,Sipoc (SE-AM ข้อ 5.2).xlsx,1. As-is  และ To-be Process,5.2-P04,P,4. เสนออนุกรรมการบริหารความเสี่ยงและควบคุมภายในของ กยท. (RMC) ทราบ,47,55,กล่องข้อความ คอลัมน์ E (แถว 47–55),,,,,
5.2,กระบวนการรายงานผลการบริหารความเสี่ยงและควบคุมภายใน,กองบริหารความเสี่ยง,เพื่อให้การติดตามและรายงานผลปัจจัยความเสี่ยงขององค์กรเป็นไปอย่างมีประสิทธิภาพผ่านระบบสารสนเทศ และนำเสนอต่อผู้บริหารตามลำดับ,Sipoc (SE-AM ข้อ 5.2).xlsx,1. As-is  และ To-be Process,5.2-P05,P,5. เสนอคณะอนุกรรมการด้านการกำกับดูแลกิจการที่ดี ของ กยท. (CG) ทราบ,62,72,กล่องข้อความ คอลัมน์ E (แถว 62–72),"ทุกไตรมาส
ส.ค.","-รายงานการประชุมคณะอนุกรรมการ CG 1 ฉบับ
- ผลของการปรับปรุงช่องทางการสื่อสาร 1 ผล",,2|5|8|11,
5.2,กระบวนการรายงานผลการบริหารความเสี่ยงและควบคุมภายใน,กองบริหารความเสี่ยง,เพื่อให้การติดตามและรายงานผลปัจจัยความเสี่ยงขององค์กรเป็นไปอย่างมีประสิทธิภาพผ่านระบบสารสนเทศ และนำเสนอต่อผู้บริหารตามลำดับ,Sipoc (SE-AM ข้อ 5.2).xlsx,1. As-is  และ To-be Process,5.2-P06,P,6. เสนอคณะกรรมการ กยท. ทราบ,73,81,กล่องข้อความ คอลัมน์ E (แถว 73–81),ส.ค.,- ผลการประเมินประสิทธิผลของกระบวนการรายงานผลการบริหารความเสี่ยงและควบคุมภายใน 1 ขั้นตอน,,10,
5.2,กระบวนการรายงานผลการบริหารความเสี่ยงและควบคุมภายใน,กองบริหารความเสี่ยง,เพื่อให้การติดตามและรายงานผลปัจจัยความเสี่ยงขององค์กรเป็นไปอย่างมีประสิทธิภาพผ่านระบบสารสนเทศ และนำเสนอต่อผู้บริหารตามลำดับ,Sipoc (SE-AM ข้อ 5.2).xlsx,1. As-is  และ To-be Process,5.2-P07,P,"6. การประเมินประสิทธิผลของขั้นตอนการสื่อสารการบริหารความเสี่ยงองค์กรและได้ประสิทธิผลตามที่กำหนด
(ความครบถ้วนของปัจจัย กระบวนการ ผลผลิต และ ระยะเวลาที่แล้วเสร็จ)",83,90,กล่องข้อความ คอลัมน์ E (แถว 83–90),,,,,
5.2,กระบวนการรายงานผลการบริหารความเสี่ยงและควบคุมภายใน,กองบริหารความเสี่ยง,เพื่อให้การติดตามและรายงานผลปัจจัยความเสี่ยงขององค์กรเป็นไปอย่างมีประสิทธิภาพผ่านระบบสารสนเทศ และนำเสนอต่อผู้บริหารตามลำดับ,Sipoc (SE-AM ข้อ 5.2).xlsx,1. As-is  และ To-be Process,5.2-O01,O,ข้อมูลผลการบริหารความเสี่ยงและควบคุมภายในในระบบสารสนเทศ,14,19,กล่องข้อความ คอลัมน์ F (แถว 14–19),,,,,
5.2,กระบวนการรายงานผลการบริหารความเสี่ยงและควบคุมภายใน,กองบริหารความเสี่ยง,เพื่อให้การติดตามและรายงานผลปัจจัยความเสี่ยงขององค์กรเป็นไปอย่างมีประสิทธิภาพผ่านระบบสารสนเทศ และนำเสนอต่อผู้บริหารตามลำดับ,Sipoc (SE-AM ข้อ 5.2).xlsx,1. As-is  และ To-be Process,5.2-O02,O,- รายงานสรุปผลรายผลปัจจัยเสี่ยงระดับองค์กร ระดับสายงาน และระดับส่วนงาน,29,34,กล่องข้อความ คอลัมน์ F (แถว 29–34),,,,,
5.2,กระบวนการรายงานผลการบริหารความเสี่ยงและควบคุมภายใน,กองบริหารความเสี่ยง,เพื่อให้การติดตามและรายงานผลปัจจัยความเสี่ยงขององค์กรเป็นไปอย่างมีประสิทธิภาพผ่านระบบสารสนเทศ และนำเสนอต่อผู้บริหารตามลำดับ,Sipoc (SE-AM ข้อ 5.2).xlsx,1. As-is  และ To-be Process,5.2-O03,O,- มติที่ประชุม/ ข้อเสนอแนะจากคณะทำงาน RIC เพื่อทราบ,40,45,กล่องข้อความ คอลัมน์ F (แถว 40–45),,,,,
5.2,กระบวนการรายงานผลการบริหารความเสี่ยงและควบคุมภายใน,กองบริหารความเสี่ยง,เพื่อให้การติดตามและรายงานผลปัจจัยความเสี่ยงขององค์กรเป็นไปอย่างมีประสิทธิภาพผ่านระบบสารสนเทศ และนำเสนอต่อผู้บริหารตามลำดับ,Sipoc (SE-AM ข้อ 5.2).xlsx,1. As-is  และ To-be Process,5.2-O04,O,- มติที่ประชุม/ ข้อเสนอแนะจากคณะอนุกรรมการ RMC เพื่อทราบ,48,55,กล่องข้อความ คอลัมน์ F (แถว 48–55),,,,,
5.2,กระบวนการรายงานผลการบริหารความเสี่ยงและควบคุมภายใน,กองบริหารความเสี่ยง,เพื่อให้การติดตามและรายงานผลปัจจัยความเสี่ยงขององค์กรเป็นไปอย่างมีประสิทธิภาพผ่านระบบสารสนเทศ และนำเสนอต่อผู้บริหารตามลำดับ,Sipoc (SE-AM ข้อ 5.2).xlsx,1. As-is  และ To-be Process,5.2-O05,O,- มติที่ประชุม/ ข้อเสนอแนะจากด้านการกำกับดูแลกิจการที่ดี ของ กยท. (CG) เพื่อทราบ,64,71,กล่องข้อความ คอลัมน์ F (แถว 64–71),,,,,
5.2,กระบวนการรายงานผลการบริหารความเสี่ยงและควบคุมภายใน,กองบริหารความเสี่ยง,เพื่อให้การติดตามและรายงานผลปัจจัยความเสี่ยงขององค์กรเป็นไปอย่างมีประสิทธิภาพผ่านระบบสารสนเทศ และนำเสนอต่อผู้บริหารตามลำดับ,Sipoc (SE-AM ข้อ 5.2).xlsx,1. As-is  และ To-be Process,5.2-O06,O,- มติที่ประชุม/ ข้อเสนอแนะจากด้านการกำกับดูแลกิจการที่ดี ของ กยท. (CG) เพื่อทราบ,73,80,กล่องข้อความ คอลัมน์ F (แถว 73–80),,,,,
5.2,กระบวนการรายงานผลการบริหารความเสี่ยงและควบคุมภายใน,กองบริหารความเสี่ยง,เพื่อให้การติดตามและรายงานผลปัจจัยความเสี่ยงขององค์กรเป็นไปอย่างมีประสิทธิภาพผ่านระบบสารสนเทศ และนำเสนอต่อผู้บริหารตามลำดับ,Sipoc (SE-AM ข้อ 5.2).xlsx,1. As-is  และ To-be Process,5.2-O07,O,"ผลการประเมินประสิทธิผลของขั้นตอนการสื่อสารการบริหารความเสี่ยงองค์กร
และได้ประสิทธิผล
ตามที่กำหนด",84,89,กล่องข้อความ คอลัมน์ F (แถว 84–89),,,,,
5.2,กระบวนการรายงานผลการบริหารความเสี่ยงและควบคุมภายใน,กองบริหารความเสี่ยง,เพื่อให้การติดตามและรายงานผลปัจจัยความเสี่ยงขององค์กรเป็นไปอย่างมีประสิทธิภาพผ่านระบบสารสนเทศ และนำเสนอต่อผู้บริหารตามลำดับ,Sipoc (SE-AM ข้อ 5.2).xlsx,1. As-is  และ To-be Process,5.2-C01,C,กบค.,15,17,กล่องข้อความ คอลัมน์ G (แถว 15–17),,,,,
5.2,กระบวนการรายงานผลการบริหารความเสี่ยงและควบคุมภายใน,กองบริหารความเสี่ยง,เพื่อให้การติดตามและรายงานผลปัจจัยความเสี่ยงขององค์กรเป็นไปอย่างมีประสิทธิภาพผ่านระบบสารสนเทศ และนำเสนอต่อผู้บริหารตามลำดับ,Sipoc (SE-AM ข้อ 5.2).xlsx,1. As-is  และ To-be Process,5.2-C02,C,กบค.,31,33,กล่องข้อความ คอลัมน์ G (แถว 31–33),,,,,
5.2,กระบวนการรายงานผลการบริหารความเสี่ยงและควบคุมภายใน,กองบริหารความเสี่ยง,เพื่อให้การติดตามและรายงานผลปัจจัยความเสี่ยงขององค์กรเป็นไปอย่างมีประสิทธิภาพผ่านระบบสารสนเทศ และนำเสนอต่อผู้บริหารตามลำดับ,Sipoc (SE-AM ข้อ 5.2).xlsx,1. As-is  และ To-be Process,5.2-C03,C,- คณะอนุกรรมการฯ RMC- กบค.,40,45,กล่องข้อความ คอลัมน์ G (แถว 40–45),,,,,
5.2,กระบวนการรายงานผลการบริหารความเสี่ยงและควบคุมภายใน,กองบริหารความเสี่ยง,เพื่อให้การติดตามและรายงานผลปัจจัยความเสี่ยงขององค์กรเป็นไปอย่างมีประสิทธิภาพผ่านระบบสารสนเทศ และนำเสนอต่อผู้บริหารตามลำดับ,Sipoc (SE-AM ข้อ 5.2).xlsx,1. As-is  และ To-be Process,5.2-C04,C,กบค.,49,51,กล่องข้อความ คอลัมน์ G (แถว 49–51),,,,,
5.2,กระบวนการรายงานผลการบริหารความเสี่ยงและควบคุมภายใน,กองบริหารความเสี่ยง,เพื่อให้การติดตามและรายงานผลปัจจัยความเสี่ยงขององค์กรเป็นไปอย่างมีประสิทธิภาพผ่านระบบสารสนเทศ และนำเสนอต่อผู้บริหารตามลำดับ,Sipoc (SE-AM ข้อ 5.2).xlsx,1. As-is  และ To-be Process,5.2-C05,C,กบค.,66,68,กล่องข้อความ คอลัมน์ G (แถว 66–68),,,,,
5.2,กระบวนการรายงานผลการบริหารความเสี่ยงและควบคุมภายใน,กองบริหารความเสี่ยง,เพื่อให้การติดตามและรายงานผลปัจจัยความเสี่ยงขององค์กรเป็นไปอย่างมีประสิทธิภาพผ่านระบบสารสนเทศ และนำเสนอต่อผู้บริหารตามลำดับ,Sipoc (SE-AM ข้อ 5.2).xlsx,1. As-is  และ To-be Process,5.2-C06,C,- กบค.,75,77,กล่องข้อความ คอลัมน์ G (แถว 75–77),,,,,
5.2,กระบวนการรายงานผลการบริหารความเสี่ยงและควบคุมภายใน,กองบริหารความเสี่ยง,เพื่อให้การติดตามและรายงานผลปัจจัยความเสี่ยงขององค์กรเป็นไปอย่างมีประสิทธิภาพผ่านระบบสารสนเทศ และนำเสนอต่อผู้บริหารตามลำดับ,Sipoc (SE-AM ข้อ 5.2).xlsx,1. As-is  และ To-be Process,5.2-C07,C,กบค.,85,87,กล่องข้อความ คอลัมน์ G (แถว 85–87),,,,,
5.3,กระบวนการพัฒนาระบบเตือนภัยล่วงหน้า (EWS),กองบริหารความเสี่ยง,เพื่อกำหนดพัฒนาระบบเตือนภัยล่วงหน้า (EWS) ที่เชื่อมโยงกับเป้าหมายองค์กร,Sipoc (SE-AM ข้อ 5.3).xlsx,1. As-is  และ To-be Proces,5.3-S01,S,กปม.,15,18,กล่องข้อความ คอลัมน์ C (แถว 15–18),,,,,
5.3,กระบวนการพัฒนาระบบเตือนภัยล่วงหน้า (EWS),กองบริหารความเสี่ยง,เพื่อกำหนดพัฒนาระบบเตือนภัยล่วงหน้า (EWS) ที่เชื่อมโยงกับเป้าหมายองค์กร,Sipoc (SE-AM ข้อ 5.3).xlsx,1. As-is  และ To-be Proces,5.3-S02,S,กบค.,29,31,กล่องข้อความ คอลัมน์ C (แถว 29–31),,,,,
5.3,กระบวนการพัฒนาระบบเตือนภัยล่วงหน้า (EWS),กองบริหารความเสี่ยง,เพื่อกำหนดพัฒนาระบบเตือนภัยล่วงหน้า (EWS) ที่เชื่อมโยงกับเป้าหมายองค์กร,Sipoc (SE-AM ข้อ 5.3).xlsx,1. As-is  และ To-be Proces,5.3-S03,S,กบค.,40,42,กล่องข้อความ คอลัมน์ C (แถว 40–42),,,,,
5.3,กระบวนการพัฒนาระบบเตือนภัยล่วงหน้า (EWS),กองบริหารความเสี่ยง,เพื่อกำหนดพัฒนาระบบเตือนภัยล่วงหน้า (EWS) ที่เชื่อมโยงกับเป้าหมายองค์กร,Sipoc (SE-AM ข้อ 5.3).xlsx,1. As-is  และ To-be Proces,5.3-S04,S,กบค.,50,51,กล่องข้อความ คอลัมน์ C (แถว 50–51),,,,,
5.3,กระบวนการพัฒนาระบบเตือนภัยล่วงหน้า (EWS),กองบริหารความเสี่ยง,เพื่อกำหนดพัฒนาระบบเตือนภัยล่วงหน้า (EWS) ที่เชื่อมโยงกับเป้าหมายองค์กร,Sipoc (SE-AM ข้อ 5.3).xlsx,1. As-is  และ To-be Proces,5.3-S05,S,กบค.,63,63,กล่องข้อความ คอลัมน์ C (แถว 63),,,,,
5.3,กระบวนการพัฒนาระบบเตือนภัยล่วงหน้า (EWS),กองบริหารความเสี่ยง,เพื่อกำหนดพัฒนาระบบเตือนภัยล่วงหน้า (EWS) ที่เชื่อมโยงกับเป้าหมายองค์กร,Sipoc (SE-AM ข้อ 5.3).xlsx,1. As-is  และ To-be Proces,5.3-S06,S,กบค.,74,76,กล่องข้อความ คอลัมน์ C (แถว 74–76),,,,,
5.3,กระบวนการพัฒนาระบบเตือนภัยล่วงหน้า (EWS),กองบริหารความเสี่ยง,เพื่อกำหนดพัฒนาระบบเตือนภัยล่วงหน้า (EWS) ที่เชื่อมโยงกับเป้าหมายองค์กร,Sipoc (SE-AM ข้อ 5.3).xlsx,1. As-is  และ To-be Proces,5.3-I01,I,รายงานผลเกณฑ์การแจ้งเตือนภัยล่วงหน้าฯ,15,18,กล่องข้อความ คอลัมน์ D (แถว 15–18),,,,,
5.3,กระบวนการพัฒนาระบบเตือนภัยล่วงหน้า (EWS),กองบริหารความเสี่ยง,เพื่อกำหนดพัฒนาระบบเตือนภัยล่วงหน้า (EWS) ที่เชื่อมโยงกับเป้าหมายองค์กร,Sipoc (SE-AM ข้อ 5.3).xlsx,1. As-is  และ To-be Proces,5.3-I02,I,ผลลัพธ์ในกิจกรรมที่ 1,29,33,กล่องข้อความ คอลัมน์ D (แถว 29–33),,,,,
5.3,กระบวนการพัฒนาระบบเตือนภัยล่วงหน้า (EWS),กองบริหารความเสี่ยง,เพื่อกำหนดพัฒนาระบบเตือนภัยล่วงหน้า (EWS) ที่เชื่อมโยงกับเป้าหมายองค์กร,Sipoc (SE-AM ข้อ 5.3).xlsx,1. As-is  และ To-be Proces,5.3-I03,I,"ผลลัพธ์ในกิจกรรมที่ 2
ที่คณะทำงานฯ RIC ทราบ และให้ข้อเสนอแนะ",40,44,กล่องข้อความ คอลัมน์ D (แถว 40–44),,,,,
5.3,กระบวนการพัฒนาระบบเตือนภัยล่วงหน้า (EWS),กองบริหารความเสี่ยง,เพื่อกำหนดพัฒนาระบบเตือนภัยล่วงหน้า (EWS) ที่เชื่อมโยงกับเป้าหมายองค์กร,Sipoc (SE-AM ข้อ 5.3).xlsx,1. As-is  และ To-be Proces,5.3-I04,I,ผลลัพธ์ในกิจกรรมที่ 3,49,52,กล่องข้อความ คอลัมน์ D (แถว 49–52),,,,,
5.3,กระบวนการพัฒนาระบบเตือนภัยล่วงหน้า (EWS),กองบริหารความเสี่ยง,เพื่อกำหนดพัฒนาระบบเตือนภัยล่วงหน้า (EWS) ที่เชื่อมโยงกับเป้าหมายองค์กร,Sipoc (SE-AM ข้อ 5.3).xlsx,1. As-is  และ To-be Proces,5.3-I05,I,"ผลลัพธ์ในกิจกรรมที่ 4
ที่คณะทำงานฯ RIC ทราบ และให้ข้อเสนอแนะ",63,68,กล่องข้อความ คอลัมน์ D (แถว 63–68),,,,,
5.3,กระบวนการพัฒนาระบบเตือนภัยล่วงหน้า (EWS),กองบริหารความเสี่ยง,เพื่อกำหนดพัฒนาระบบเตือนภัยล่วงหน้า (EWS) ที่เชื่อมโยงกับเป้าหมายองค์กร,Sipoc (SE-AM ข้อ 5.3).xlsx,1. As-is  และ To-be Proces,5.3-I06,I,ผลลัพธ์ในกิจกรรมที่ 5,74,77,กล่องข้อความ คอลัมน์ D (แถว 74–77),,,,,
5.3,กระบวนการพัฒนาระบบเตือนภัยล่วงหน้า (EWS),กองบริหารความเสี่ยง,เพื่อกำหนดพัฒนาระบบเตือนภัยล่วงหน้า (EWS) ที่เชื่อมโยงกับเป้าหมายองค์กร,Sipoc (SE-AM ข้อ 5.3).xlsx,1. As-is  และ To-be Proces,5.3-P01,P,1. เฝ้าระวัง และติดตาม โครงการฯ,15,19,กล่องข้อความ คอลัมน์ E (แถว 15–19),เป็นประจำทุกเดือน,,,0|1|2|3|4|5|6|7|8|9|10|11,
5.3,กระบวนการพัฒนาระบบเตือนภัยล่วงหน้า (EWS),กองบริหารความเสี่ยง,เพื่อกำหนดพัฒนาระบบเตือนภัยล่วงหน้า (EWS) ที่เชื่อมโยงกับเป้าหมายองค์กร,Sipoc (SE-AM ข้อ 5.3).xlsx,1. As-is  และ To-be Proces,5.3-P02,P,2. แจ้งเตือนไปยังส่วนงาน/หน่วยงานเจ้าของโครงการฯ ที่เกี่ยวข้อง และผู้บริหาร,29,33,กล่องข้อความ คอลัมน์ E (แถว 29–33),เป็นประจำทุกเดือน,,,0|1|2|3|4|5|6|7|8|9|10|11,
5.3,กระบวนการพัฒนาระบบเตือนภัยล่วงหน้า (EWS),กองบริหารความเสี่ยง,เพื่อกำหนดพัฒนาระบบเตือนภัยล่วงหน้า (EWS) ที่เชื่อมโยงกับเป้าหมายองค์กร,Sipoc (SE-AM ข้อ 5.3).xlsx,1. As-is  และ To-be Proces,5.3-P03,P,"3.1 ส่วนงาน/หน่วยงานเจ้าของโครงการฯ
ที่เกี่ยวข้อง และผู้บริหาร ทบทวนแผนจัดการความเสี่ยงและควบคุมภายใน
3.2 จัดทำรายงานผลการทบทวนแผนบริหารความเสี่ยงและควบคุมภายใน",39,45,กล่องข้อความ คอลัมน์ E (แถว 39–45),เป็นประจำทุกเดือน,,,0|1|2|3|4|5|6|7|8|9|10|11,
5.3,กระบวนการพัฒนาระบบเตือนภัยล่วงหน้า (EWS),กองบริหารความเสี่ยง,เพื่อกำหนดพัฒนาระบบเตือนภัยล่วงหน้า (EWS) ที่เชื่อมโยงกับเป้าหมายองค์กร,Sipoc (SE-AM ข้อ 5.3).xlsx,1. As-is  และ To-be Proces,5.3-P04,P,4. เสนอคณะทำงานบริหารความเสี่ยงและควบคุมภายในของ กยท. (RIC) ทราบ,46,54,กล่องข้อความ คอลัมน์ E (แถว 46–54),เป็นประจำทุกเดือน,,,0|1|2|3|4|5|6|7|8|9|10|11,
5.3,กระบวนการพัฒนาระบบเตือนภัยล่วงหน้า (EWS),กองบริหารความเสี่ยง,เพื่อกำหนดพัฒนาระบบเตือนภัยล่วงหน้า (EWS) ที่เชื่อมโยงกับเป้าหมายองค์กร,Sipoc (SE-AM ข้อ 5.3).xlsx,1. As-is  และ To-be Proces,5.3-P05,P,"5. ทบทวนปรับปรุงกระบวนการพัฒนาระบบเทคโนโลยีดิจิทัล ที่สนับสนุนกระบวนการ
บริหารความเสี่ยง",63,67,กล่องข้อความ คอลัมน์ E (แถว 63–67),ส.ค.,,,10,
5.3,กระบวนการพัฒนาระบบเตือนภัยล่วงหน้า (EWS),กองบริหารความเสี่ยง,เพื่อกำหนดพัฒนาระบบเตือนภัยล่วงหน้า (EWS) ที่เชื่อมโยงกับเป้าหมายองค์กร,Sipoc (SE-AM ข้อ 5.3).xlsx,1. As-is  และ To-be Proces,5.3-P06,P,"6. การประเมินประสิทธิผลของขั้นตอน
การกำหนดกระบวนการพัฒนาระบบเทคโนโลยีดิจิทัล ที่สนับสนุนกระบวนการบริหารความเสี่ยง
(ความครบถ้วนของปัจจัย กระบวนการ ผลผลิต และ ระยะเวลาที่แล้วเสร็จ)",73,79,กล่องข้อความ คอลัมน์ E (แถว 73–79),ส.ค.,,,10,
5.3,กระบวนการพัฒนาระบบเตือนภัยล่วงหน้า (EWS),กองบริหารความเสี่ยง,เพื่อกำหนดพัฒนาระบบเตือนภัยล่วงหน้า (EWS) ที่เชื่อมโยงกับเป้าหมายองค์กร,Sipoc (SE-AM ข้อ 5.3).xlsx,1. As-is  และ To-be Proces,5.3-O01,O,- รายการความเสี่ยงที่ต้องเฝ้าระวัง (สีเหลือง),15,19,กล่องข้อความ คอลัมน์ F (แถว 15–19),,,,,
5.3,กระบวนการพัฒนาระบบเตือนภัยล่วงหน้า (EWS),กองบริหารความเสี่ยง,เพื่อกำหนดพัฒนาระบบเตือนภัยล่วงหน้า (EWS) ที่เชื่อมโยงกับเป้าหมายองค์กร,Sipoc (SE-AM ข้อ 5.3).xlsx,1. As-is  และ To-be Proces,5.3-O02,O,- ผลการแจ้งเตือนไปยังส่วนงาน/หน่วยงานเจ้าของโครงการฯ ที่เกี่ยวข้อง และผู้บริหาร,29,35,กล่องข้อความ คอลัมน์ F (แถว 29–35),,,,,
5.3,กระบวนการพัฒนาระบบเตือนภัยล่วงหน้า (EWS),กองบริหารความเสี่ยง,เพื่อกำหนดพัฒนาระบบเตือนภัยล่วงหน้า (EWS) ที่เชื่อมโยงกับเป้าหมายองค์กร,Sipoc (SE-AM ข้อ 5.3).xlsx,1. As-is  และ To-be Proces,5.3-O03,O,- รายงานผลการทบทวนแผนจัดการความเสี่ยงและควบคุมภายในที่ทบทวนแล้ว,40,44,กล่องข้อความ คอลัมน์ F (แถว 40–44),,,,,
5.3,กระบวนการพัฒนาระบบเตือนภัยล่วงหน้า (EWS),กองบริหารความเสี่ยง,เพื่อกำหนดพัฒนาระบบเตือนภัยล่วงหน้า (EWS) ที่เชื่อมโยงกับเป้าหมายองค์กร,Sipoc (SE-AM ข้อ 5.3).xlsx,1. As-is  และ To-be Proces,5.3-O04,O,- มติที่ประชุม/ข้อเสนอแนะจากคณะทำงานฯ RIC เพื่อทราบ,49,54,กล่องข้อความ คอลัมน์ F (แถว 49–54),,,,,
5.3,กระบวนการพัฒนาระบบเตือนภัยล่วงหน้า (EWS),กองบริหารความเสี่ยง,เพื่อกำหนดพัฒนาระบบเตือนภัยล่วงหน้า (EWS) ที่เชื่อมโยงกับเป้าหมายองค์กร,Sipoc (SE-AM ข้อ 5.3).xlsx,1. As-is  และ To-be Proces,5.3-O05,O,ผลของการปรับปรุงกระบวนการพัฒนาระบบ,63,67,กล่องข้อความ คอลัมน์ F (แถว 63–67),,,,,
5.3,กระบวนการพัฒนาระบบเตือนภัยล่วงหน้า (EWS),กองบริหารความเสี่ยง,เพื่อกำหนดพัฒนาระบบเตือนภัยล่วงหน้า (EWS) ที่เชื่อมโยงกับเป้าหมายองค์กร,Sipoc (SE-AM ข้อ 5.3).xlsx,1. As-is  และ To-be Proces,5.3-O06,O,"ผลการประเมินประสิทธิผลของขั้นตอนการกำหนดกระบวนการพัฒนาระบบเทคโนโลยีดิจิทัล
ที่สนับสนุนกระบวนการบริหารความเสี่ยง",73,81,กล่องข้อความ คอลัมน์ F (แถว 73–81),,,,,
5.3,กระบวนการพัฒนาระบบเตือนภัยล่วงหน้า (EWS),กองบริหารความเสี่ยง,เพื่อกำหนดพัฒนาระบบเตือนภัยล่วงหน้า (EWS) ที่เชื่อมโยงกับเป้าหมายองค์กร,Sipoc (SE-AM ข้อ 5.3).xlsx,1. As-is  และ To-be Proces,5.3-C01,C,กบค.,15,17,กล่องข้อความ คอลัมน์ G (แถว 15–17),,,,,
5.3,กระบวนการพัฒนาระบบเตือนภัยล่วงหน้า (EWS),กองบริหารความเสี่ยง,เพื่อกำหนดพัฒนาระบบเตือนภัยล่วงหน้า (EWS) ที่เชื่อมโยงกับเป้าหมายองค์กร,Sipoc (SE-AM ข้อ 5.3).xlsx,1. As-is  และ To-be Proces,5.3-C02,C,กบค.,29,31,กล่องข้อความ คอลัมน์ G (แถว 29–31),,,,,
5.3,กระบวนการพัฒนาระบบเตือนภัยล่วงหน้า (EWS),กองบริหารความเสี่ยง,เพื่อกำหนดพัฒนาระบบเตือนภัยล่วงหน้า (EWS) ที่เชื่อมโยงกับเป้าหมายองค์กร,Sipoc (SE-AM ข้อ 5.3).xlsx,1. As-is  และ To-be Proces,5.3-C03,C,กบค.,40,42,กล่องข้อความ คอลัมน์ G (แถว 40–42),,,,,
5.3,กระบวนการพัฒนาระบบเตือนภัยล่วงหน้า (EWS),กองบริหารความเสี่ยง,เพื่อกำหนดพัฒนาระบบเตือนภัยล่วงหน้า (EWS) ที่เชื่อมโยงกับเป้าหมายองค์กร,Sipoc (SE-AM ข้อ 5.3).xlsx,1. As-is  และ To-be Proces,5.3-C04,C,กบค.,63,63,กล่องข้อความ คอลัมน์ G (แถว 63),,,,,
5.3,กระบวนการพัฒนาระบบเตือนภัยล่วงหน้า (EWS),กองบริหารความเสี่ยง,เพื่อกำหนดพัฒนาระบบเตือนภัยล่วงหน้า (EWS) ที่เชื่อมโยงกับเป้าหมายองค์กร,Sipoc (SE-AM ข้อ 5.3).xlsx,1. As-is  และ To-be Proces,5.3-C05,C,กบค.,66,68,กล่องข้อความ คอลัมน์ G (แถว 66–68),,,,,
5.3,กระบวนการพัฒนาระบบเตือนภัยล่วงหน้า (EWS),กองบริหารความเสี่ยง,เพื่อกำหนดพัฒนาระบบเตือนภัยล่วงหน้า (EWS) ที่เชื่อมโยงกับเป้าหมายองค์กร,Sipoc (SE-AM ข้อ 5.3).xlsx,1. As-is  และ To-be Proces,5.3-C06,C,กบค.,74,76,กล่องข้อความ คอลัมน์ G (แถว 74–76),,,,,
5.4,กระบวนการบริหารความต่อเนื่องทางธุรกิจ (Business Continuity Management: BCM),กองบริหารความเสี่ยง,เพื่อพัฒนากระบวนการบริหารความต่อเนื่องทางธุรกิจขององค์กร มีแนวปฏิบัติที่ครบถ้วนและเป็นระบบ เพื่อรองรับสถานการณ์ฉุกเฉินได้อย่างมีประสิทธิภาพ,Sipoc (SE-AM ข้อ 5.4).xlsx,1. As-is  และ To-be Proces,5.4-S01,S,กบค.,14,16,กล่องข้อความ คอลัมน์ C (แถว 14–16),,,,,
5.4,กระบวนการบริหารความต่อเนื่องทางธุรกิจ (Business Continuity Management: BCM),กองบริหารความเสี่ยง,เพื่อพัฒนากระบวนการบริหารความต่อเนื่องทางธุรกิจขององค์กร มีแนวปฏิบัติที่ครบถ้วนและเป็นระบบ เพื่อรองรับสถานการณ์ฉุกเฉินได้อย่างมีประสิทธิภาพ,Sipoc (SE-AM ข้อ 5.4).xlsx,1. As-is  และ To-be Proces,5.4-S02,S,ส่วนงาน/หน่วยงาน,23,25,กล่องข้อความ คอลัมน์ C (แถว 23–25),,,,,
5.4,กระบวนการบริหารความต่อเนื่องทางธุรกิจ (Business Continuity Management: BCM),กองบริหารความเสี่ยง,เพื่อพัฒนากระบวนการบริหารความต่อเนื่องทางธุรกิจขององค์กร มีแนวปฏิบัติที่ครบถ้วนและเป็นระบบ เพื่อรองรับสถานการณ์ฉุกเฉินได้อย่างมีประสิทธิภาพ,Sipoc (SE-AM ข้อ 5.4).xlsx,1. As-is  และ To-be Proces,5.4-S03,S,กบค.,30,31,กล่องข้อความ คอลัมน์ C (แถว 30–31),,,,,
5.4,กระบวนการบริหารความต่อเนื่องทางธุรกิจ (Business Continuity Management: BCM),กองบริหารความเสี่ยง,เพื่อพัฒนากระบวนการบริหารความต่อเนื่องทางธุรกิจขององค์กร มีแนวปฏิบัติที่ครบถ้วนและเป็นระบบ เพื่อรองรับสถานการณ์ฉุกเฉินได้อย่างมีประสิทธิภาพ,Sipoc (SE-AM ข้อ 5.4).xlsx,1. As-is  และ To-be Proces,5.4-S04,S,"คณะกรรมการ
CMC/ กบค.",38,41,กล่องข้อความ คอลัมน์ C (แถว 38–41),,,,,
5.4,กระบวนการบริหารความต่อเนื่องทางธุรกิจ (Business Continuity Management: BCM),กองบริหารความเสี่ยง,เพื่อพัฒนากระบวนการบริหารความต่อเนื่องทางธุรกิจขององค์กร มีแนวปฏิบัติที่ครบถ้วนและเป็นระบบ เพื่อรองรับสถานการณ์ฉุกเฉินได้อย่างมีประสิทธิภาพ,Sipoc (SE-AM ข้อ 5.4).xlsx,1. As-is  และ To-be Proces,5.4-S05,S,คณะอนุกรรมการฯ RMC/ กบค.,46,49,กล่องข้อความ คอลัมน์ C (แถว 46–49),,,,,
5.4,กระบวนการบริหารความต่อเนื่องทางธุรกิจ (Business Continuity Management: BCM),กองบริหารความเสี่ยง,เพื่อพัฒนากระบวนการบริหารความต่อเนื่องทางธุรกิจขององค์กร มีแนวปฏิบัติที่ครบถ้วนและเป็นระบบ เพื่อรองรับสถานการณ์ฉุกเฉินได้อย่างมีประสิทธิภาพ,Sipoc (SE-AM ข้อ 5.4).xlsx,1. As-is  และ To-be Proces,5.4-S06,S,"คณะกรรมการ
กยท.",56,58,กล่องข้อความ คอลัมน์ C (แถว 56–58),,,,,
5.4,กระบวนการบริหารความต่อเนื่องทางธุรกิจ (Business Continuity Management: BCM),กองบริหารความเสี่ยง,เพื่อพัฒนากระบวนการบริหารความต่อเนื่องทางธุรกิจขององค์กร มีแนวปฏิบัติที่ครบถ้วนและเป็นระบบ เพื่อรองรับสถานการณ์ฉุกเฉินได้อย่างมีประสิทธิภาพ,Sipoc (SE-AM ข้อ 5.4).xlsx,1. As-is  และ To-be Proces,5.4-S07,S,คณะกรรมการกยท./ กบค.,73,76,กล่องข้อความ คอลัมน์ C (แถว 73–76),,,,,
5.4,กระบวนการบริหารความต่อเนื่องทางธุรกิจ (Business Continuity Management: BCM),กองบริหารความเสี่ยง,เพื่อพัฒนากระบวนการบริหารความต่อเนื่องทางธุรกิจขององค์กร มีแนวปฏิบัติที่ครบถ้วนและเป็นระบบ เพื่อรองรับสถานการณ์ฉุกเฉินได้อย่างมีประสิทธิภาพ,Sipoc (SE-AM ข้อ 5.4).xlsx,1. As-is  และ To-be Proces,5.4-S08,S,กบค.,82,83,กล่องข้อความ คอลัมน์ C (แถว 82–83),,,,,
5.4,กระบวนการบริหารความต่อเนื่องทางธุรกิจ (Business Continuity Management: BCM),กองบริหารความเสี่ยง,เพื่อพัฒนากระบวนการบริหารความต่อเนื่องทางธุรกิจขององค์กร มีแนวปฏิบัติที่ครบถ้วนและเป็นระบบ เพื่อรองรับสถานการณ์ฉุกเฉินได้อย่างมีประสิทธิภาพ,Sipoc (SE-AM ข้อ 5.4).xlsx,1. As-is  และ To-be Proces,5.4-S09,S,"คณะกรรมการ
CMC/ กบค.",93,96,กล่องข้อความ คอลัมน์ C (แถว 93–96),,,,,
5.4,กระบวนการบริหารความต่อเนื่องทางธุรกิจ (Business Continuity Management: BCM),กองบริหารความเสี่ยง,เพื่อพัฒนากระบวนการบริหารความต่อเนื่องทางธุรกิจขององค์กร มีแนวปฏิบัติที่ครบถ้วนและเป็นระบบ เพื่อรองรับสถานการณ์ฉุกเฉินได้อย่างมีประสิทธิภาพ,Sipoc (SE-AM ข้อ 5.4).xlsx,1. As-is  และ To-be Proces,5.4-S10,S,กบค.,101,103,กล่องข้อความ คอลัมน์ C (แถว 101–103),,,,,
5.4,กระบวนการบริหารความต่อเนื่องทางธุรกิจ (Business Continuity Management: BCM),กองบริหารความเสี่ยง,เพื่อพัฒนากระบวนการบริหารความต่อเนื่องทางธุรกิจขององค์กร มีแนวปฏิบัติที่ครบถ้วนและเป็นระบบ เพื่อรองรับสถานการณ์ฉุกเฉินได้อย่างมีประสิทธิภาพ,Sipoc (SE-AM ข้อ 5.4).xlsx,1. As-is  และ To-be Proces,5.4-I01,I,"- คู่มือบริหารควาต่อเนื่องทางธุรกิจ ของ กยท.
ปีก่อนหน้า
- หลักเกณฑ์ แนวปฏิบัติ และคู่มือปฏิบัติเกี่ยวกับ
การบริหารความเสี่ยงและควบคุมภายในสำหรับรัฐวิสาหกิจ ปี 2569",11,21,กล่องข้อความ คอลัมน์ D (แถว 11–21),,,,,
5.4,กระบวนการบริหารความต่อเนื่องทางธุรกิจ (Business Continuity Management: BCM),กองบริหารความเสี่ยง,เพื่อพัฒนากระบวนการบริหารความต่อเนื่องทางธุรกิจขององค์กร มีแนวปฏิบัติที่ครบถ้วนและเป็นระบบ เพื่อรองรับสถานการณ์ฉุกเฉินได้อย่างมีประสิทธิภาพ,Sipoc (SE-AM ข้อ 5.4).xlsx,1. As-is  และ To-be Proces,5.4-I02,I,"ผลลัพธ์ในกิจกรรมที่ 1
เห็นชอบ
เห็นชอบ
เสี่ยง และแผน ี่ ความเสี",23,26,กล่องข้อความ คอลัมน์ D (แถว 23–26),,,,,
5.4,กระบวนการบริหารความต่อเนื่องทางธุรกิจ (Business Continuity Management: BCM),กองบริหารความเสี่ยง,เพื่อพัฒนากระบวนการบริหารความต่อเนื่องทางธุรกิจขององค์กร มีแนวปฏิบัติที่ครบถ้วนและเป็นระบบ เพื่อรองรับสถานการณ์ฉุกเฉินได้อย่างมีประสิทธิภาพ,Sipoc (SE-AM ข้อ 5.4).xlsx,1. As-is  และ To-be Proces,5.4-I03,I,ผลลัพธ์ในกิจกรรมที่ 2,29,34,กล่องข้อความ คอลัมน์ D (แถว 29–34),,,,,
5.4,กระบวนการบริหารความต่อเนื่องทางธุรกิจ (Business Continuity Management: BCM),กองบริหารความเสี่ยง,เพื่อพัฒนากระบวนการบริหารความต่อเนื่องทางธุรกิจขององค์กร มีแนวปฏิบัติที่ครบถ้วนและเป็นระบบ เพื่อรองรับสถานการณ์ฉุกเฉินได้อย่างมีประสิทธิภาพ,Sipoc (SE-AM ข้อ 5.4).xlsx,1. As-is  และ To-be Proces,5.4-I04,I,ผลลัพธ์ในขั้นตอนที่ 3,38,41,กล่องข้อความ คอลัมน์ D (แถว 38–41),,,,,
5.4,กระบวนการบริหารความต่อเนื่องทางธุรกิจ (Business Continuity Management: BCM),กองบริหารความเสี่ยง,เพื่อพัฒนากระบวนการบริหารความต่อเนื่องทางธุรกิจขององค์กร มีแนวปฏิบัติที่ครบถ้วนและเป็นระบบ เพื่อรองรับสถานการณ์ฉุกเฉินได้อย่างมีประสิทธิภาพ,Sipoc (SE-AM ข้อ 5.4).xlsx,1. As-is  และ To-be Proces,5.4-I05,I,"ผลลัพธ์ในกิจกรรมที่ 4
ที่คณะกรรมการ CMC เห็นชอบ",46,50,กล่องข้อความ คอลัมน์ D (แถว 46–50),,,,,
5.4,กระบวนการบริหารความต่อเนื่องทางธุรกิจ (Business Continuity Management: BCM),กองบริหารความเสี่ยง,เพื่อพัฒนากระบวนการบริหารความต่อเนื่องทางธุรกิจขององค์กร มีแนวปฏิบัติที่ครบถ้วนและเป็นระบบ เพื่อรองรับสถานการณ์ฉุกเฉินได้อย่างมีประสิทธิภาพ,Sipoc (SE-AM ข้อ 5.4).xlsx,1. As-is  และ To-be Proces,5.4-I06,I,"ผลลัพธ์ในกิจกรรมที่ 5
ที่คณะกรรมการ RMC เห็นชอบ",56,59,กล่องข้อความ คอลัมน์ D (แถว 56–59),,,,,
5.4,กระบวนการบริหารความต่อเนื่องทางธุรกิจ (Business Continuity Management: BCM),กองบริหารความเสี่ยง,เพื่อพัฒนากระบวนการบริหารความต่อเนื่องทางธุรกิจขององค์กร มีแนวปฏิบัติที่ครบถ้วนและเป็นระบบ เพื่อรองรับสถานการณ์ฉุกเฉินได้อย่างมีประสิทธิภาพ,Sipoc (SE-AM ข้อ 5.4).xlsx,1. As-is  และ To-be Proces,5.4-I07,I,"ผลลัพธ์ในกิจกรรมที่ 5
ที่คณะกรรมการ กยท. เห็นชอบ",72,77,กล่องข้อความ คอลัมน์ D (แถว 72–77),,,,,
5.4,กระบวนการบริหารความต่อเนื่องทางธุรกิจ (Business Continuity Management: BCM),กองบริหารความเสี่ยง,เพื่อพัฒนากระบวนการบริหารความต่อเนื่องทางธุรกิจขององค์กร มีแนวปฏิบัติที่ครบถ้วนและเป็นระบบ เพื่อรองรับสถานการณ์ฉุกเฉินได้อย่างมีประสิทธิภาพ,Sipoc (SE-AM ข้อ 5.4).xlsx,1. As-is  และ To-be Proces,5.4-I08,I,ผลลัพธ์ในกิจกรรมที่ 6,82,85,กล่องข้อความ คอลัมน์ D (แถว 82–85),,,,,5.4-I09
5.4,กระบวนการบริหารความต่อเนื่องทางธุรกิจ (Business Continuity Management: BCM),กองบริหารความเสี่ยง,เพื่อพัฒนากระบวนการบริหารความต่อเนื่องทางธุรกิจขององค์กร มีแนวปฏิบัติที่ครบถ้วนและเป็นระบบ เพื่อรองรับสถานการณ์ฉุกเฉินได้อย่างมีประสิทธิภาพ,Sipoc (SE-AM ข้อ 5.4).xlsx,1. As-is  และ To-be Proces,5.4-I09,I,ผลลัพธ์ในกิจกรรมที่ 7,93,96,กล่องข้อความ คอลัมน์ D (แถว 93–96),,,,,
5.4,กระบวนการบริหารความต่อเนื่องทางธุรกิจ (Business Continuity Management: BCM),กองบริหารความเสี่ยง,เพื่อพัฒนากระบวนการบริหารความต่อเนื่องทางธุรกิจขององค์กร มีแนวปฏิบัติที่ครบถ้วนและเป็นระบบ เพื่อรองรับสถานการณ์ฉุกเฉินได้อย่างมีประสิทธิภาพ,Sipoc (SE-AM ข้อ 5.4).xlsx,1. As-is  และ To-be Proces,5.4-I10,I,"ผลลัพธ์ในกิจกรรมที่ 8
ที่คณะกรรมการ CMC ทราบ",101,104,กล่องข้อความ คอลัมน์ D (แถว 101–104),,,,,
5.4,กระบวนการบริหารความต่อเนื่องทางธุรกิจ (Business Continuity Management: BCM),กองบริหารความเสี่ยง,เพื่อพัฒนากระบวนการบริหารความต่อเนื่องทางธุรกิจขององค์กร มีแนวปฏิบัติที่ครบถ้วนและเป็นระบบ เพื่อรองรับสถานการณ์ฉุกเฉินได้อย่างมีประสิทธิภาพ,Sipoc (SE-AM ข้อ 5.4).xlsx,1. As-is  และ To-be Proces,5.4-P01,P,1. จัดทำเกณฑ์ BIA และ เกณฑ์ RA,14,17,กล่องข้อความ คอลัมน์ E (แถว 14–17),ธ.ค.-ม.ค.,"- เกณฑ์ BIA 1 เกณฑ์
- เกณฑ์ RA 1 เกณฑ์",,2|3,
5.4,กระบวนการบริหารความต่อเนื่องทางธุรกิจ (Business Continuity Management: BCM),กองบริหารความเสี่ยง,เพื่อพัฒนากระบวนการบริหารความต่อเนื่องทางธุรกิจขององค์กร มีแนวปฏิบัติที่ครบถ้วนและเป็นระบบ เพื่อรองรับสถานการณ์ฉุกเฉินได้อย่างมีประสิทธิภาพ,Sipoc (SE-AM ข้อ 5.4).xlsx,1. As-is  และ To-be Proces,5.4-P02,P,2. ประเมิน BIA และ RA,23,26,กล่องข้อความ คอลัมน์ E (แถว 23–26),ก.พ.,- ผลการประเมิน BIA และ RA ของส่วนงาน/หน่วยงาน,,4,
5.4,กระบวนการบริหารความต่อเนื่องทางธุรกิจ (Business Continuity Management: BCM),กองบริหารความเสี่ยง,เพื่อพัฒนากระบวนการบริหารความต่อเนื่องทางธุรกิจขององค์กร มีแนวปฏิบัติที่ครบถ้วนและเป็นระบบ เพื่อรองรับสถานการณ์ฉุกเฉินได้อย่างมีประสิทธิภาพ,Sipoc (SE-AM ข้อ 5.4).xlsx,1. As-is  และ To-be Proces,5.4-P03,P,3. จัดลำดับสำคัญของระบบงาน กำหนดกลยุทธ์แผนการบริหารความต่อเนื่องทางธุรกิจ และจัดทำแผนการบริหารความต่อเนื่องทางธุรกิจ (BCP),29,33,กล่องข้อความ คอลัมน์ E (แถว 29–33),เม.ษ.-พ.ค.,"- ร่างคู่มือการบริหารความต่อเนื่องทางธุรกิจ (BCM) ของ กยท. 1 เล่ม
- ร่างแผนบริหารความต่อเนื่องทางธุรกิจ (BCP) ของ กยท. 1 เล่ม",,6|7,
5.4,กระบวนการบริหารความต่อเนื่องทางธุรกิจ (Business Continuity Management: BCM),กองบริหารความเสี่ยง,เพื่อพัฒนากระบวนการบริหารความต่อเนื่องทางธุรกิจขององค์กร มีแนวปฏิบัติที่ครบถ้วนและเป็นระบบ เพื่อรองรับสถานการณ์ฉุกเฉินได้อย่างมีประสิทธิภาพ,Sipoc (SE-AM ข้อ 5.4).xlsx,1. As-is  และ To-be Proces,5.4-P04,P,"4. เสนอคณะกรรมการบริหารจัดการภาวะวิกฤตของ กยท. (CMC)
พิจารณา",35,43,กล่องข้อความ คอลัมน์ E (แถว 35–43),พ.ค.,"- ร่างคู่มือการบริหารความต่อเนื่องทางธุรกิจ (BCM) ของ กยท. 1 เล่ม
- ร่างแผนบริหารความต่อเนื่องทางธุรกิจ (BCP) ของ กยท. 1 เล่ม",,7,
5.4,กระบวนการบริหารความต่อเนื่องทางธุรกิจ (Business Continuity Management: BCM),กองบริหารความเสี่ยง,เพื่อพัฒนากระบวนการบริหารความต่อเนื่องทางธุรกิจขององค์กร มีแนวปฏิบัติที่ครบถ้วนและเป็นระบบ เพื่อรองรับสถานการณ์ฉุกเฉินได้อย่างมีประสิทธิภาพ,Sipoc (SE-AM ข้อ 5.4).xlsx,1. As-is  และ To-be Proces,5.4-P05,P,5. เสนออนุกรรมการบริหารความเสี่ยงและควบคุมภายในของ กยท. (RMC) พิจารณา,45,52,กล่องข้อความ คอลัมน์ E (แถว 45–52),พ.ค.,"- ร่างคู่มือการบริหารความต่อเนื่องทางธุรกิจ (BCM) ของ กยท. 1 เล่ม
- ร่างแผนบริหารความต่อเนื่องทางธุรกิจ (BCP) ของ กยท. 1 เล่ม",,7,
5.4,กระบวนการบริหารความต่อเนื่องทางธุรกิจ (Business Continuity Management: BCM),กองบริหารความเสี่ยง,เพื่อพัฒนากระบวนการบริหารความต่อเนื่องทางธุรกิจขององค์กร มีแนวปฏิบัติที่ครบถ้วนและเป็นระบบ เพื่อรองรับสถานการณ์ฉุกเฉินได้อย่างมีประสิทธิภาพ,Sipoc (SE-AM ข้อ 5.4).xlsx,1. As-is  และ To-be Proces,5.4-P06,P,6. เสนอคณะกรรมการ กยท. เพื่อทราบ,54,60,กล่องข้อความ คอลัมน์ E (แถว 54–60),พ.ค.,"- คู่มือการบริหารความต่อเนื่องทางธุรกิจ (BCM) ของ กยท. 1 เล่ม
- แผนบริหารความต่อเนื่องทางธุรกิจ (BCP) ของ กยท. 1 เล่ม",,7,
5.4,กระบวนการบริหารความต่อเนื่องทางธุรกิจ (Business Continuity Management: BCM),กองบริหารความเสี่ยง,เพื่อพัฒนากระบวนการบริหารความต่อเนื่องทางธุรกิจขององค์กร มีแนวปฏิบัติที่ครบถ้วนและเป็นระบบ เพื่อรองรับสถานการณ์ฉุกเฉินได้อย่างมีประสิทธิภาพ,Sipoc (SE-AM ข้อ 5.4).xlsx,1. As-is  และ To-be Proces,5.4-P07,P,"6. สื่อสารกระบวนการบริหารความต่อเนื่อง
ทางธุรกิจ",73,77,กล่องข้อความ คอลัมน์ E (แถว 73–77),ส.ค.,- รายงานผลการรับรู้กระบวนการ BCM ของ กยท. 1 เล่ม,,10,
5.4,กระบวนการบริหารความต่อเนื่องทางธุรกิจ (Business Continuity Management: BCM),กองบริหารความเสี่ยง,เพื่อพัฒนากระบวนการบริหารความต่อเนื่องทางธุรกิจขององค์กร มีแนวปฏิบัติที่ครบถ้วนและเป็นระบบ เพื่อรองรับสถานการณ์ฉุกเฉินได้อย่างมีประสิทธิภาพ,Sipoc (SE-AM ข้อ 5.4).xlsx,1. As-is  และ To-be Proces,5.4-P08,P,7. ฝึกอบรม/ซักซ้อมแผนบริหารความต่อเนื่องทางธุรกิจประจำปี,82,84,กล่องข้อความ คอลัมน์ E (แถว 82–84),มิ.ย.-ก.ค.,- รายงานฝึกอบรม/ซักซ้อมแผนบริหารความต่อเนื่องทางธุรกิจประจำปี 1 เล่ม,,8|9,
5.4,กระบวนการบริหารความต่อเนื่องทางธุรกิจ (Business Continuity Management: BCM),กองบริหารความเสี่ยง,เพื่อพัฒนากระบวนการบริหารความต่อเนื่องทางธุรกิจขององค์กร มีแนวปฏิบัติที่ครบถ้วนและเป็นระบบ เพื่อรองรับสถานการณ์ฉุกเฉินได้อย่างมีประสิทธิภาพ,Sipoc (SE-AM ข้อ 5.4).xlsx,1. As-is  และ To-be Proces,5.4-P09,P,"8. เสนอคณะกรรมการบริหารจัดการภาวะวิกฤตของ กยท. (CMC)
ทราบ",91,99,กล่องข้อความ คอลัมน์ E (แถว 91–99),มิ.ย.-ก.ค.,- ข้อเสนอแนะในการทดสอบ ปรับปรุง และการสอบทานแผนบริหารความต่อเนื่องทางธุรกิจ,,8|9,
5.4,กระบวนการบริหารความต่อเนื่องทางธุรกิจ (Business Continuity Management: BCM),กองบริหารความเสี่ยง,เพื่อพัฒนากระบวนการบริหารความต่อเนื่องทางธุรกิจขององค์กร มีแนวปฏิบัติที่ครบถ้วนและเป็นระบบ เพื่อรองรับสถานการณ์ฉุกเฉินได้อย่างมีประสิทธิภาพ,Sipoc (SE-AM ข้อ 5.4).xlsx,1. As-is  และ To-be Proces,5.4-P10,P,9. ทบทวนการประเมินประสิทธิผลของกระบวนการบริหารความต่อเนื่องทางธุรกิจ และนำข้อมูลไปใช้เพื่อปรับปรุงกระบวนการ,101,105,กล่องข้อความ คอลัมน์ E (แถว 101–105),มิ.ย-ก.ค.,,,8|9,
5.4,กระบวนการบริหารความต่อเนื่องทางธุรกิจ (Business Continuity Management: BCM),กองบริหารความเสี่ยง,เพื่อพัฒนากระบวนการบริหารความต่อเนื่องทางธุรกิจขององค์กร มีแนวปฏิบัติที่ครบถ้วนและเป็นระบบ เพื่อรองรับสถานการณ์ฉุกเฉินได้อย่างมีประสิทธิภาพ,Sipoc (SE-AM ข้อ 5.4).xlsx,1. As-is  และ To-be Proces,5.4-O01,O,เกณฑ์ BIA และ RA,14,16,กล่องข้อความ คอลัมน์ F (แถว 14–16),,,,,
5.4,กระบวนการบริหารความต่อเนื่องทางธุรกิจ (Business Continuity Management: BCM),กองบริหารความเสี่ยง,เพื่อพัฒนากระบวนการบริหารความต่อเนื่องทางธุรกิจขององค์กร มีแนวปฏิบัติที่ครบถ้วนและเป็นระบบ เพื่อรองรับสถานการณ์ฉุกเฉินได้อย่างมีประสิทธิภาพ,Sipoc (SE-AM ข้อ 5.4).xlsx,1. As-is  และ To-be Proces,5.4-O02,O,ผลการประเมิน BIA และ RA ของส่วนงาน/หน่วยงาน,23,26,กล่องข้อความ คอลัมน์ F (แถว 23–26),,,,,
5.4,กระบวนการบริหารความต่อเนื่องทางธุรกิจ (Business Continuity Management: BCM),กองบริหารความเสี่ยง,เพื่อพัฒนากระบวนการบริหารความต่อเนื่องทางธุรกิจขององค์กร มีแนวปฏิบัติที่ครบถ้วนและเป็นระบบ เพื่อรองรับสถานการณ์ฉุกเฉินได้อย่างมีประสิทธิภาพ,Sipoc (SE-AM ข้อ 5.4).xlsx,1. As-is  และ To-be Proces,5.4-O03,O,"- ร่างคู่มือการบริหารความต่อเนื่องทางธุรกิจ (BCM)
ของ กยท.
- ร่างแผนบริหารความต่อเนื่องทางธุรกิจ (BCP) ของ กยท.",28,36,กล่องข้อความ คอลัมน์ F (แถว 28–36),,,,,
5.4,กระบวนการบริหารความต่อเนื่องทางธุรกิจ (Business Continuity Management: BCM),กองบริหารความเสี่ยง,เพื่อพัฒนากระบวนการบริหารความต่อเนื่องทางธุรกิจขององค์กร มีแนวปฏิบัติที่ครบถ้วนและเป็นระบบ เพื่อรองรับสถานการณ์ฉุกเฉินได้อย่างมีประสิทธิภาพ,Sipoc (SE-AM ข้อ 5.4).xlsx,1. As-is  และ To-be Proces,5.4-O04,O,"- ร่างคู่มือการบริหารความต่อเนื่องทางธุรกิจ (BCM)
ของ กยท.
- ร่างแผนบริหารความต่อเนื่องทางธุรกิจ (BCP) ของ กยท.",38,45,กล่องข้อความ คอลัมน์ F (แถว 38–45),,,,,
5.4,กระบวนการบริหารความต่อเนื่องทางธุรกิจ (Business Continuity Management: BCM),กองบริหารความเสี่ยง,เพื่อพัฒนากระบวนการบริหารความต่อเนื่องทางธุรกิจขององค์กร มีแนวปฏิบัติที่ครบถ้วนและเป็นระบบ เพื่อรองรับสถานการณ์ฉุกเฉินได้อย่างมีประสิทธิภาพ,Sipoc (SE-AM ข้อ 5.4).xlsx,1. As-is  และ To-be Proces,5.4-O05,O,"- ร่างคู่มือการบริหารความต่อเนื่องทางธุรกิจ (BCM)
ของ กยท.
- ร่างแผนบริหารความต่อเนื่องทางธุรกิจ (BCP) ของ กยท.",46,53,กล่องข้อความ คอลัมน์ F (แถว 46–53),,,,,
5.4,กระบวนการบริหารความต่อเนื่องทางธุรกิจ (Business Continuity Management: BCM),กองบริหารความเสี่ยง,เพื่อพัฒนากระบวนการบริหารความต่อเนื่องทางธุรกิจขององค์กร มีแนวปฏิบัติที่ครบถ้วนและเป็นระบบ เพื่อรองรับสถานการณ์ฉุกเฉินได้อย่างมีประสิทธิภาพ,Sipoc (SE-AM ข้อ 5.4).xlsx,1. As-is  และ To-be Proces,5.4-O06,O,"- คู่มือการบริหารความต่อเนื่องทางธุรกิจ (BCM)
ของ กยท.
- แผนบริหารความต่อเนื่องทางธุรกิจ (BCP) ของ กยท.",55,62,กล่องข้อความ คอลัมน์ F (แถว 55–62),,,,,
5.4,กระบวนการบริหารความต่อเนื่องทางธุรกิจ (Business Continuity Management: BCM),กองบริหารความเสี่ยง,เพื่อพัฒนากระบวนการบริหารความต่อเนื่องทางธุรกิจขององค์กร มีแนวปฏิบัติที่ครบถ้วนและเป็นระบบ เพื่อรองรับสถานการณ์ฉุกเฉินได้อย่างมีประสิทธิภาพ,Sipoc (SE-AM ข้อ 5.4).xlsx,1. As-is  และ To-be Proces,5.4-O07,O,รายงานผลการรับรู้กระบวนการ BCM ของ กยท.,73,77,กล่องข้อความ คอลัมน์ F (แถว 73–77),,,,,5.4-C07
5.4,กระบวนการบริหารความต่อเนื่องทางธุรกิจ (Business Continuity Management: BCM),กองบริหารความเสี่ยง,เพื่อพัฒนากระบวนการบริหารความต่อเนื่องทางธุรกิจขององค์กร มีแนวปฏิบัติที่ครบถ้วนและเป็นระบบ เพื่อรองรับสถานการณ์ฉุกเฉินได้อย่างมีประสิทธิภาพ,Sipoc (SE-AM ข้อ 5.4).xlsx,1. As-is  และ To-be Proces,5.4-O08,O,รายงานฝึกอบรม/ซักซ้อมแผนบริหารความต่อเนื่องทางธุรกิจประจำปี,81,86,กล่องข้อความ คอลัมน์ F (แถว 81–86),,,,,
5.4,กระบวนการบริหารความต่อเนื่องทางธุรกิจ (Business Continuity Management: BCM),กองบริหารความเสี่ยง,เพื่อพัฒนากระบวนการบริหารความต่อเนื่องทางธุรกิจขององค์กร มีแนวปฏิบัติที่ครบถ้วนและเป็นระบบ เพื่อรองรับสถานการณ์ฉุกเฉินได้อย่างมีประสิทธิภาพ,Sipoc (SE-AM ข้อ 5.4).xlsx,1. As-is  และ To-be Proces,5.4-O09,O,ข้อเสนอแนะในการทดสอบ ปรับปรุง และการสอบทานแผนบริหารความต่อเนื่องทางธุรกิจ,94,99,กล่องข้อความ คอลัมน์ F (แถว 94–99),,,,,
5.4,กระบวนการบริหารความต่อเนื่องทางธุรกิจ (Business Continuity Management: BCM),กองบริหารความเสี่ยง,เพื่อพัฒนากระบวนการบริหารความต่อเนื่องทางธุรกิจขององค์กร มีแนวปฏิบัติที่ครบถ้วนและเป็นระบบ เพื่อรองรับสถานการณ์ฉุกเฉินได้อย่างมีประสิทธิภาพ,Sipoc (SE-AM ข้อ 5.4).xlsx,1. As-is  และ To-be Proces,5.4-O10,O,ข้อมูลไปใช้เพื่อปรับปรุงกระบวนการบริหารความต่อเนื่องทางธุรกิจ,101,105,กล่องข้อความ คอลัมน์ F (แถว 101–105),,,,,
5.4,กระบวนการบริหารความต่อเนื่องทางธุรกิจ (Business Continuity Management: BCM),กองบริหารความเสี่ยง,เพื่อพัฒนากระบวนการบริหารความต่อเนื่องทางธุรกิจขององค์กร มีแนวปฏิบัติที่ครบถ้วนและเป็นระบบ เพื่อรองรับสถานการณ์ฉุกเฉินได้อย่างมีประสิทธิภาพ,Sipoc (SE-AM ข้อ 5.4).xlsx,1. As-is  และ To-be Proces,5.4-C01,C,ส่วนงาน/หน่วยงาน,14,16,กล่องข้อความ คอลัมน์ G (แถว 14–16),,,,,
5.4,กระบวนการบริหารความต่อเนื่องทางธุรกิจ (Business Continuity Management: BCM),กองบริหารความเสี่ยง,เพื่อพัฒนากระบวนการบริหารความต่อเนื่องทางธุรกิจขององค์กร มีแนวปฏิบัติที่ครบถ้วนและเป็นระบบ เพื่อรองรับสถานการณ์ฉุกเฉินได้อย่างมีประสิทธิภาพ,Sipoc (SE-AM ข้อ 5.4).xlsx,1. As-is  และ To-be Proces,5.4-C02,C,กบค.,23,25,กล่องข้อความ คอลัมน์ G (แถว 23–25),,,,,
5.4,กระบวนการบริหารความต่อเนื่องทางธุรกิจ (Business Continuity Management: BCM),กองบริหารความเสี่ยง,เพื่อพัฒนากระบวนการบริหารความต่อเนื่องทางธุรกิจขององค์กร มีแนวปฏิบัติที่ครบถ้วนและเป็นระบบ เพื่อรองรับสถานการณ์ฉุกเฉินได้อย่างมีประสิทธิภาพ,Sipoc (SE-AM ข้อ 5.4).xlsx,1. As-is  และ To-be Proces,5.4-C03,C,คณะกรรมการบริหารจัดการภาวะวิกฤตของ กยท. (CMC),29,33,กล่องข้อความ คอลัมน์ G (แถว 29–33),,,,,
5.4,กระบวนการบริหารความต่อเนื่องทางธุรกิจ (Business Continuity Management: BCM),กองบริหารความเสี่ยง,เพื่อพัฒนากระบวนการบริหารความต่อเนื่องทางธุรกิจขององค์กร มีแนวปฏิบัติที่ครบถ้วนและเป็นระบบ เพื่อรองรับสถานการณ์ฉุกเฉินได้อย่างมีประสิทธิภาพ,Sipoc (SE-AM ข้อ 5.4).xlsx,1. As-is  และ To-be Proces,5.4-C04,C,คณะอนุกรรมการฯ RMC,39,41,กล่องข้อความ คอลัมน์ G (แถว 39–41),,,,,
5.4,กระบวนการบริหารความต่อเนื่องทางธุรกิจ (Business Continuity Management: BCM),กองบริหารความเสี่ยง,เพื่อพัฒนากระบวนการบริหารความต่อเนื่องทางธุรกิจขององค์กร มีแนวปฏิบัติที่ครบถ้วนและเป็นระบบ เพื่อรองรับสถานการณ์ฉุกเฉินได้อย่างมีประสิทธิภาพ,Sipoc (SE-AM ข้อ 5.4).xlsx,1. As-is  และ To-be Proces,5.4-C05,C,"คณะกรรมการ
กยท.",48,50,กล่องข้อความ คอลัมน์ G (แถว 48–50),,,,,
5.4,กระบวนการบริหารความต่อเนื่องทางธุรกิจ (Business Continuity Management: BCM),กองบริหารความเสี่ยง,เพื่อพัฒนากระบวนการบริหารความต่อเนื่องทางธุรกิจขององค์กร มีแนวปฏิบัติที่ครบถ้วนและเป็นระบบ เพื่อรองรับสถานการณ์ฉุกเฉินได้อย่างมีประสิทธิภาพ,Sipoc (SE-AM ข้อ 5.4).xlsx,1. As-is  และ To-be Proces,5.4-C06,C,"คณะกรรมการ
กยท.",56,58,กล่องข้อความ คอลัมน์ G (แถว 56–58),,,,,
5.4,กระบวนการบริหารความต่อเนื่องทางธุรกิจ (Business Continuity Management: BCM),กองบริหารความเสี่ยง,เพื่อพัฒนากระบวนการบริหารความต่อเนื่องทางธุรกิจขององค์กร มีแนวปฏิบัติที่ครบถ้วนและเป็นระบบ เพื่อรองรับสถานการณ์ฉุกเฉินได้อย่างมีประสิทธิภาพ,Sipoc (SE-AM ข้อ 5.4).xlsx,1. As-is  และ To-be Proces,5.4-C07,C,"ผู้มีส่วนได้ส่วนเสีย
ของ กยท.
ทุกกลุ่มของ กยท.",73,77,กล่องข้อความ คอลัมน์ G (แถว 73–77),,,,,
5.4,กระบวนการบริหารความต่อเนื่องทางธุรกิจ (Business Continuity Management: BCM),กองบริหารความเสี่ยง,เพื่อพัฒนากระบวนการบริหารความต่อเนื่องทางธุรกิจขององค์กร มีแนวปฏิบัติที่ครบถ้วนและเป็นระบบ เพื่อรองรับสถานการณ์ฉุกเฉินได้อย่างมีประสิทธิภาพ,Sipoc (SE-AM ข้อ 5.4).xlsx,1. As-is  และ To-be Proces,5.4-C08,C,คณะกรรมการบริหารจัดการภาวะวิกฤตของ กยท. (CMC),81,85,กล่องข้อความ คอลัมน์ G (แถว 81–85),,,,,
5.4,กระบวนการบริหารความต่อเนื่องทางธุรกิจ (Business Continuity Management: BCM),กองบริหารความเสี่ยง,เพื่อพัฒนากระบวนการบริหารความต่อเนื่องทางธุรกิจขององค์กร มีแนวปฏิบัติที่ครบถ้วนและเป็นระบบ เพื่อรองรับสถานการณ์ฉุกเฉินได้อย่างมีประสิทธิภาพ,Sipoc (SE-AM ข้อ 5.4).xlsx,1. As-is  และ To-be Proces,5.4-C09,C,กบค.,94,96,กล่องข้อความ คอลัมน์ G (แถว 94–96),,,,,
5.4,กระบวนการบริหารความต่อเนื่องทางธุรกิจ (Business Continuity Management: BCM),กองบริหารความเสี่ยง,เพื่อพัฒนากระบวนการบริหารความต่อเนื่องทางธุรกิจขององค์กร มีแนวปฏิบัติที่ครบถ้วนและเป็นระบบ เพื่อรองรับสถานการณ์ฉุกเฉินได้อย่างมีประสิทธิภาพ,Sipoc (SE-AM ข้อ 5.4).xlsx,1. As-is  และ To-be Proces,5.4-C10,C,กบค.,101,103,กล่องข้อความ คอลัมน์ G (แถว 101–103),,,,,
